-- MySQL dump 10.13  Distrib 5.7.13, for osx10.11 (x86_64)
--
-- Host: localhost    Database: LEERBD_1
-- ------------------------------------------------------
-- Server version	5.7.13

/*!40101 SET @OLD_CHARACTER_SET_CLIENT=@@CHARACTER_SET_CLIENT */;
/*!40101 SET @OLD_CHARACTER_SET_RESULTS=@@CHARACTER_SET_RESULTS */;
/*!40101 SET @OLD_COLLATION_CONNECTION=@@COLLATION_CONNECTION */;
/*!40101 SET NAMES utf8 */;
/*!40103 SET @OLD_TIME_ZONE=@@TIME_ZONE */;
/*!40103 SET TIME_ZONE='+00:00' */;
/*!40014 SET @OLD_UNIQUE_CHECKS=@@UNIQUE_CHECKS, UNIQUE_CHECKS=0 */;
/*!40014 SET @OLD_FOREIGN_KEY_CHECKS=@@FOREIGN_KEY_CHECKS, FOREIGN_KEY_CHECKS=0 */;
/*!40101 SET @OLD_SQL_MODE=@@SQL_MODE, SQL_MODE='NO_AUTO_VALUE_ON_ZERO' */;
/*!40111 SET @OLD_SQL_NOTES=@@SQL_NOTES, SQL_NOTES=0 */;

--
-- Table structure for table `auth_group`
--

DROP TABLE IF EXISTS `auth_group`;
/*!40101 SET @saved_cs_client     = @@character_set_client */;
/*!40101 SET character_set_client = utf8 */;
CREATE TABLE `auth_group` (
  `id` int(11) NOT NULL AUTO_INCREMENT,
  `name` varchar(80) NOT NULL,
  PRIMARY KEY (`id`),
  UNIQUE KEY `name` (`name`)
) ENGINE=InnoDB DEFAULT CHARSET=latin1;
/*!40101 SET character_set_client = @saved_cs_client */;

--
-- Dumping data for table `auth_group`
--

LOCK TABLES `auth_group` WRITE;
/*!40000 ALTER TABLE `auth_group` DISABLE KEYS */;
/*!40000 ALTER TABLE `auth_group` ENABLE KEYS */;
UNLOCK TABLES;

--
-- Table structure for table `auth_group_permissions`
--

DROP TABLE IF EXISTS `auth_group_permissions`;
/*!40101 SET @saved_cs_client     = @@character_set_client */;
/*!40101 SET character_set_client = utf8 */;
CREATE TABLE `auth_group_permissions` (
  `id` int(11) NOT NULL AUTO_INCREMENT,
  `group_id` int(11) NOT NULL,
  `permission_id` int(11) NOT NULL,
  PRIMARY KEY (`id`),
  UNIQUE KEY `auth_group_permissions_group_id_0cd325b0_uniq` (`group_id`,`permission_id`),
  KEY `auth_group_permissi_permission_id_84c5c92e_fk_auth_permission_id` (`permission_id`),
  CONSTRAINT `auth_group_permissi_permission_id_84c5c92e_fk_auth_permission_id` FOREIGN KEY (`permission_id`) REFERENCES `auth_permission` (`id`),
  CONSTRAINT `auth_group_permissions_group_id_b120cbf9_fk_auth_group_id` FOREIGN KEY (`group_id`) REFERENCES `auth_group` (`id`)
) ENGINE=InnoDB DEFAULT CHARSET=latin1;
/*!40101 SET character_set_client = @saved_cs_client */;

--
-- Dumping data for table `auth_group_permissions`
--

LOCK TABLES `auth_group_permissions` WRITE;
/*!40000 ALTER TABLE `auth_group_permissions` DISABLE KEYS */;
/*!40000 ALTER TABLE `auth_group_permissions` ENABLE KEYS */;
UNLOCK TABLES;

--
-- Table structure for table `auth_permission`
--

DROP TABLE IF EXISTS `auth_permission`;
/*!40101 SET @saved_cs_client     = @@character_set_client */;
/*!40101 SET character_set_client = utf8 */;
CREATE TABLE `auth_permission` (
  `id` int(11) NOT NULL AUTO_INCREMENT,
  `name` varchar(255) NOT NULL,
  `content_type_id` int(11) NOT NULL,
  `codename` varchar(100) NOT NULL,
  PRIMARY KEY (`id`),
  UNIQUE KEY `auth_permission_content_type_id_01ab375a_uniq` (`content_type_id`,`codename`),
  CONSTRAINT `auth_permissi_content_type_id_2f476e4b_fk_django_content_type_id` FOREIGN KEY (`content_type_id`) REFERENCES `django_content_type` (`id`)
) ENGINE=InnoDB AUTO_INCREMENT=52 DEFAULT CHARSET=latin1;
/*!40101 SET character_set_client = @saved_cs_client */;

--
-- Dumping data for table `auth_permission`
--

LOCK TABLES `auth_permission` WRITE;
/*!40000 ALTER TABLE `auth_permission` DISABLE KEYS */;
INSERT INTO `auth_permission` VALUES (1,'Can add log entry',1,'add_logentry'),(2,'Can change log entry',1,'change_logentry'),(3,'Can delete log entry',1,'delete_logentry'),(4,'Can add permission',2,'add_permission'),(5,'Can change permission',2,'change_permission'),(6,'Can delete permission',2,'delete_permission'),(7,'Can add group',3,'add_group'),(8,'Can change group',3,'change_group'),(9,'Can delete group',3,'delete_group'),(10,'Can add user',4,'add_user'),(11,'Can change user',4,'change_user'),(12,'Can delete user',4,'delete_user'),(13,'Can add content type',5,'add_contenttype'),(14,'Can change content type',5,'change_contenttype'),(15,'Can delete content type',5,'delete_contenttype'),(16,'Can add session',6,'add_session'),(17,'Can change session',6,'change_session'),(18,'Can delete session',6,'delete_session'),(19,'Can add area',7,'add_area'),(20,'Can change area',7,'change_area'),(21,'Can delete area',7,'delete_area'),(22,'Can add ceco',8,'add_ceco'),(23,'Can change ceco',8,'change_ceco'),(24,'Can delete ceco',8,'delete_ceco'),(25,'Can add mdte',9,'add_mdte'),(26,'Can change mdte',9,'change_mdte'),(27,'Can delete mdte',9,'delete_mdte'),(28,'Can add ctta',10,'add_ctta'),(29,'Can change ctta',10,'change_ctta'),(30,'Can delete ctta',10,'delete_ctta'),(31,'Can add ctto',11,'add_ctto'),(32,'Can change ctto',11,'change_ctto'),(33,'Can delete ctto',11,'delete_ctto'),(34,'Can add edp',12,'add_edp'),(35,'Can change edp',12,'change_edp'),(36,'Can delete edp',12,'delete_edp'),(37,'Can add odc',13,'add_odc'),(38,'Can change odc',13,'change_odc'),(39,'Can delete odc',13,'delete_odc'),(40,'Can add monedas',14,'add_monedas'),(41,'Can change monedas',14,'change_monedas'),(42,'Can delete monedas',14,'delete_monedas'),(43,'Can add persona',15,'add_persona'),(44,'Can change persona',15,'change_persona'),(45,'Can delete persona',15,'delete_persona'),(46,'Can add question',16,'add_question'),(47,'Can change question',16,'change_question'),(48,'Can delete question',16,'delete_question'),(49,'Can add choice',17,'add_choice'),(50,'Can change choice',17,'change_choice'),(51,'Can delete choice',17,'delete_choice');
/*!40000 ALTER TABLE `auth_permission` ENABLE KEYS */;
UNLOCK TABLES;

--
-- Table structure for table `auth_user`
--

DROP TABLE IF EXISTS `auth_user`;
/*!40101 SET @saved_cs_client     = @@character_set_client */;
/*!40101 SET character_set_client = utf8 */;
CREATE TABLE `auth_user` (
  `id` int(11) NOT NULL AUTO_INCREMENT,
  `password` varchar(128) NOT NULL,
  `last_login` datetime(6) DEFAULT NULL,
  `is_superuser` tinyint(1) NOT NULL,
  `username` varchar(30) NOT NULL,
  `first_name` varchar(30) NOT NULL,
  `last_name` varchar(30) NOT NULL,
  `email` varchar(254) NOT NULL,
  `is_staff` tinyint(1) NOT NULL,
  `is_active` tinyint(1) NOT NULL,
  `date_joined` datetime(6) NOT NULL,
  PRIMARY KEY (`id`),
  UNIQUE KEY `username` (`username`)
) ENGINE=InnoDB AUTO_INCREMENT=2 DEFAULT CHARSET=latin1;
/*!40101 SET character_set_client = @saved_cs_client */;

--
-- Dumping data for table `auth_user`
--

LOCK TABLES `auth_user` WRITE;
/*!40000 ALTER TABLE `auth_user` DISABLE KEYS */;
INSERT INTO `auth_user` VALUES (1,'pbkdf2_sha256$24000$wpuFAbrSYi86$++ajCnWWugZ+XF7gODvE4fuStDE4+kK4+/+w6CwY0pI=','2016-09-26 00:09:35.470451',1,'admin','','','michaelleyton@hotmail.com',1,1,'2016-09-19 20:49:31.862503');
/*!40000 ALTER TABLE `auth_user` ENABLE KEYS */;
UNLOCK TABLES;

--
-- Table structure for table `auth_user_groups`
--

DROP TABLE IF EXISTS `auth_user_groups`;
/*!40101 SET @saved_cs_client     = @@character_set_client */;
/*!40101 SET character_set_client = utf8 */;
CREATE TABLE `auth_user_groups` (
  `id` int(11) NOT NULL AUTO_INCREMENT,
  `user_id` int(11) NOT NULL,
  `group_id` int(11) NOT NULL,
  PRIMARY KEY (`id`),
  UNIQUE KEY `auth_user_groups_user_id_94350c0c_uniq` (`user_id`,`group_id`),
  KEY `auth_user_groups_group_id_97559544_fk_auth_group_id` (`group_id`),
  CONSTRAINT `auth_user_groups_group_id_97559544_fk_auth_group_id` FOREIGN KEY (`group_id`) REFERENCES `auth_group` (`id`),
  CONSTRAINT `auth_user_groups_user_id_6a12ed8b_fk_auth_user_id` FOREIGN KEY (`user_id`) REFERENCES `auth_user` (`id`)
) ENGINE=InnoDB DEFAULT CHARSET=latin1;
/*!40101 SET character_set_client = @saved_cs_client */;

--
-- Dumping data for table `auth_user_groups`
--

LOCK TABLES `auth_user_groups` WRITE;
/*!40000 ALTER TABLE `auth_user_groups` DISABLE KEYS */;
/*!40000 ALTER TABLE `auth_user_groups` ENABLE KEYS */;
UNLOCK TABLES;

--
-- Table structure for table `auth_user_user_permissions`
--

DROP TABLE IF EXISTS `auth_user_user_permissions`;
/*!40101 SET @saved_cs_client     = @@character_set_client */;
/*!40101 SET character_set_client = utf8 */;
CREATE TABLE `auth_user_user_permissions` (
  `id` int(11) NOT NULL AUTO_INCREMENT,
  `user_id` int(11) NOT NULL,
  `permission_id` int(11) NOT NULL,
  PRIMARY KEY (`id`),
  UNIQUE KEY `auth_user_user_permissions_user_id_14a6b632_uniq` (`user_id`,`permission_id`),
  KEY `auth_user_user_perm_permission_id_1fbb5f2c_fk_auth_permission_id` (`permission_id`),
  CONSTRAINT `auth_user_user_perm_permission_id_1fbb5f2c_fk_auth_permission_id` FOREIGN KEY (`permission_id`) REFERENCES `auth_permission` (`id`),
  CONSTRAINT `auth_user_user_permissions_user_id_a95ead1b_fk_auth_user_id` FOREIGN KEY (`user_id`) REFERENCES `auth_user` (`id`)
) ENGINE=InnoDB DEFAULT CHARSET=latin1;
/*!40101 SET character_set_client = @saved_cs_client */;

--
-- Dumping data for table `auth_user_user_permissions`
--

LOCK TABLES `auth_user_user_permissions` WRITE;
/*!40000 ALTER TABLE `auth_user_user_permissions` DISABLE KEYS */;
/*!40000 ALTER TABLE `auth_user_user_permissions` ENABLE KEYS */;
UNLOCK TABLES;

--
-- Table structure for table `django_admin_log`
--

DROP TABLE IF EXISTS `django_admin_log`;
/*!40101 SET @saved_cs_client     = @@character_set_client */;
/*!40101 SET character_set_client = utf8 */;
CREATE TABLE `django_admin_log` (
  `id` int(11) NOT NULL AUTO_INCREMENT,
  `action_time` datetime(6) NOT NULL,
  `object_id` longtext,
  `object_repr` varchar(200) NOT NULL,
  `action_flag` smallint(5) unsigned NOT NULL,
  `change_message` longtext NOT NULL,
  `content_type_id` int(11) DEFAULT NULL,
  `user_id` int(11) NOT NULL,
  PRIMARY KEY (`id`),
  KEY `django_admin__content_type_id_c4bce8eb_fk_django_content_type_id` (`content_type_id`),
  KEY `django_admin_log_user_id_c564eba6_fk_auth_user_id` (`user_id`),
  CONSTRAINT `django_admin__content_type_id_c4bce8eb_fk_django_content_type_id` FOREIGN KEY (`content_type_id`) REFERENCES `django_content_type` (`id`),
  CONSTRAINT `django_admin_log_user_id_c564eba6_fk_auth_user_id` FOREIGN KEY (`user_id`) REFERENCES `auth_user` (`id`)
) ENGINE=InnoDB AUTO_INCREMENT=107 DEFAULT CHARSET=latin1;
/*!40101 SET character_set_client = @saved_cs_client */;

--
-- Dumping data for table `django_admin_log`
--

LOCK TABLES `django_admin_log` WRITE;
/*!40000 ALTER TABLE `django_admin_log` DISABLE KEYS */;
INSERT INTO `django_admin_log` VALUES (1,'2016-09-19 20:51:58.416451','473','SC-257',2,'Modificado/a NumCtto.',11,1),(2,'2016-09-19 20:55:23.169231','601','SMC ARQUITECTOS',1,'Añadido.',10,1),(3,'2016-09-19 21:00:13.085477','597','SC-278',1,'Añadido.',11,1),(4,'2016-09-19 21:04:41.906383','598','SC-279',1,'Añadido.',11,1),(5,'2016-09-19 21:06:03.205896','598','SC-279',2,'Modificado/a LocalCtto, TerrenCtto y SeguroCtto.',11,1),(6,'2016-09-19 21:08:58.876122','597','SC-278',2,'Modificado/a SeguroCtto.',11,1),(7,'2016-09-19 21:09:07.138107','598','SC-279',2,'Modificado/a SeguroCtto.',11,1),(8,'2016-09-19 21:15:12.262539','1','USD',1,'Añadido.',14,1),(9,'2016-09-19 21:16:06.749744','2','UF',1,'Añadido.',14,1),(10,'2016-09-19 21:16:29.017322','3','CLP$',1,'Añadido.',14,1),(11,'2016-09-19 21:17:10.209154','4','EUR',1,'Añadido.',14,1),(12,'2016-09-19 21:17:38.617025','5','CAD',1,'Añadido.',14,1),(13,'2016-09-19 21:46:27.069423','602','HOTEL PLAZA EL BOSQUE',1,'Añadido.',10,1),(14,'2016-09-19 21:46:37.071829','590','OS2016-074',2,'Modificado/a DescCtto, MonedaCtto, ValorCtto, IdCtta, FechIniCtto, FechTerCtto, IdCecoCtto y TerrenCtto.',11,1),(15,'2016-09-19 23:44:52.607718','603','ELECTRODHARMA ENERGY CONSULTING SPA',1,'Añadido.',10,1),(16,'2016-09-19 23:46:45.185349','599','OS2016-081',1,'Añadido.',11,1),(17,'2016-09-19 23:53:38.559066','604','INSTITUTO PORTALES',1,'Añadido.',10,1),(18,'2016-09-19 23:55:26.235918','600','OS2016-082',1,'Añadido.',11,1),(19,'2016-09-19 23:56:05.115219','597','SC-278',2,'Modificado/a EstCtto.',11,1),(20,'2016-09-19 23:56:23.167071','493','SC-277',2,'Modificado/a EstCtto.',11,1),(21,'2016-09-19 23:56:23.169669','492','SC-276',2,'Modificado/a EstCtto.',11,1),(22,'2016-09-25 13:56:43.366854','601','SC288',1,'Añadido.',11,1),(23,'2016-09-25 14:17:07.658310','601','SC-288',2,'Modificado/a NumCtto.',11,1),(24,'2016-09-25 14:18:08.396537','547','OS2016-031',2,'Modificado/a TipoServ.',11,1),(25,'2016-09-25 14:56:24.010224','450','SC-207',2,'Modificados PeriodEDPTer, PresenEDP y AprobEDP para \"SC-207 EDP 01\" edp.',11,1),(26,'2016-09-25 15:07:01.308727','450','SC-207',2,'Modificados PeriodEDPTer, PresenEDP y AprobEDP para \"SC-207 EDP 02\" edp. Modificados PeriodEDPTer, PresenEDP y AprobEDP para \"SC-207 EDP 03\" edp. Modificados PeriodEDPTer, PresenEDP y AprobEDP para \"SC-207 EDP 04\" edp. Modificados PeriodEDPTer, PresenEDP y AprobEDP para \"SC-207 EDP 05\" edp. Modificados PeriodEDPTer, PresenEDP y AprobEDP para \"SC-207 EDP 06\" edp. Modificados PeriodEDPTer, PresenEDP y AprobEDP para \"SC-207 EDP 07\" edp. Modificados PeriodEDPTer, PresenEDP y AprobEDP para \"SC-207 EDP 08\" edp. Modificados PeriodEDPTer, PresenEDP y AprobEDP para \"SC-207 EDP 09\" edp. Modificados PeriodEDPTer, PresenEDP y AprobEDP para \"SC-207 EDP 10\" edp. Modificados PeriodEDPTer, PresenEDP y AprobEDP para \"SC-207 EDP 11\" edp. Modificados PeriodEDPTer, PresenEDP y AprobEDP para \"SC-207 EDP 12\" edp. Modificados PeriodEDPTer, PresenEDP y AprobEDP para \"SC-207 EDP 13\" edp. Modificados PeriodEDPTer, PresenEDP y AprobEDP para \"SC-207 EDP 14\" edp. Modificados PeriodEDPTer, PresenEDP y AprobEDP para \"SC-207 EDP 15\" edp.',11,1),(27,'2016-09-25 15:21:27.814212','450','SC-207',2,'Modificados ObservEDP para \"SC-207 EDP 15\" edp. Modificados PeriodEDPTer, PresenEDP y AprobEDP para \"SC-207 EDP 16\" edp. Modificados PeriodEDPTer, PresenEDP y AprobEDP para \"SC-207 EDP 17\" edp. Modificados PeriodEDPTer, PresenEDP y AprobEDP para \"SC-207 EDP 18\" edp. Modificados PeriodEDPTer, PresenEDP y AprobEDP para \"SC-207 EDP 19\" edp. Modificados PeriodEDPTer, PresenEDP y AprobEDP para \"SC-207 EDP 20\" edp. Modificados PeriodEDPTer, PresenEDP y AprobEDP para \"SC-207 EDP 21\" edp.',11,1),(28,'2016-09-25 15:22:05.864962','514','OCM2016-02',2,'Modificado/a ObservCtto.',11,1),(29,'2016-09-25 15:22:05.870412','448','SC-104',2,'Modificado/a ObservCtto.',11,1),(30,'2016-09-25 15:43:54.614378','451','SC-214',2,'Modificados PeriodEDPTer, PresenEDP y AprobEDP para \"SC-214 EDP 01\" edp. Modificados PeriodEDPTer, PresenEDP y AprobEDP para \"SC-214 EDP 02\" edp. Modificados PeriodEDPTer, PresenEDP y AprobEDP para \"SC-214 EDP 03\" edp. Modificados PeriodEDPTer, PresenEDP y AprobEDP para \"SC-214 EDP 04\" edp. Modificados PeriodEDPTer, PresenEDP y AprobEDP para \"SC-214 EDP 05\" edp. Modificados PeriodEDPTer, PresenEDP y AprobEDP para \"SC-214 EDP 06\" edp. Modificados PeriodEDP, PeriodEDPTer, PresenEDP y AprobEDP para \"SC-214 EDP 07\" edp. Modificados PeriodEDP, PeriodEDPTer, PresenEDP y AprobEDP para \"SC-214 EDP 08\" edp. Modificados PeriodEDP, PeriodEDPTer, PresenEDP y AprobEDP para \"SC-214 EDP 09\" edp. Modificados PeriodEDP, PeriodEDPTer, PresenEDP y AprobEDP para \"SC-214 EDP 10\" edp.',11,1),(31,'2016-09-25 15:52:55.722800','452','SC-215',2,'Modificados PeriodEDPTer, PresenEDP y AprobEDP para \"SC-215 EDP 01\" edp. Modificados PeriodEDPTer, PresenEDP y AprobEDP para \"SC-215 EDP 02\" edp. Modificados PeriodEDPTer, PresenEDP y AprobEDP para \"SC-215 EDP 03\" edp. Modificados PeriodEDPTer, PresenEDP y AprobEDP para \"SC-215 EDP 04\" edp. Modificados PeriodEDPTer, PresenEDP y AprobEDP para \"SC-215 EDP 05\" edp. Modificados PeriodEDPTer, PresenEDP y AprobEDP para \"SC-215 EDP 06\" edp. Modificados PeriodEDPTer, PresenEDP y AprobEDP para \"SC-215 EDP 07\" edp. Modificados PeriodEDPTer, PresenEDP y AprobEDP para \"SC-215 EDP 08\" edp. Modificados PeriodEDPTer, PresenEDP y AprobEDP para \"SC-215 EDP 09\" edp. Modificados PeriodEDPTer, PresenEDP y AprobEDP para \"SC-215 EDP 10\" edp. Modificados PeriodEDPTer, PresenEDP y AprobEDP para \"SC-215 EDP 11\" edp. Modificados PeriodEDPTer, PresenEDP y AprobEDP para \"SC-215 EDP 12\" edp. Modificados PeriodEDP, PeriodEDPTer, PresenEDP y AprobEDP para \"SC-215 EDP 13\" edp.',11,1),(32,'2016-09-25 15:57:27.600981','452','SC-215',2,'Modificados PeriodEDPTer, PresenEDP y AprobEDP para \"SC-215 EDP 14\" edp. Modificados PeriodEDPTer, PresenEDP y AprobEDP para \"SC-215 EDP 15\" edp. Modificados PeriodEDPTer, PresenEDP y AprobEDP para \"SC-215 EDP 16\" edp. Modificados PeriodEDPTer, PresenEDP y AprobEDP para \"SC-215 EDP 17\" edp. Modificados PeriodEDPTer, PresenEDP y AprobEDP para \"SC-215 EDP 18\" edp. Modificados PeriodEDPTer, PresenEDP y AprobEDP para \"SC-215 EDP 19\" edp.',11,1),(33,'2016-09-25 16:08:15.458698','453','SC-216',2,'Modificados PeriodEDPTer, PresenEDP y AprobEDP para \"SC-216 EDP 01\" edp. Modificados PeriodEDPTer, PresenEDP y AprobEDP para \"SC-216 EDP 02\" edp. Modificados PeriodEDPTer, PresenEDP y AprobEDP para \"SC-216 EDP 03\" edp. Modificados PeriodEDPTer, PresenEDP y AprobEDP para \"SC-216 EDP 04\" edp. Modificados PeriodEDPTer, PresenEDP y AprobEDP para \"SC-216 EDP 05\" edp. Modificados PeriodEDPTer, PresenEDP y AprobEDP para \"SC-216 EDP 06\" edp. Modificados PeriodEDPTer, PresenEDP y AprobEDP para \"SC-216 EDP 07\" edp. Modificados PeriodEDPTer, PresenEDP y AprobEDP para \"SC-216 EDP 08\" edp. Modificados PeriodEDPTer, PresenEDP y AprobEDP para \"SC-216 EDP 09\" edp. Modificados PeriodEDPTer, PresenEDP y AprobEDP para \"SC-216 EDP 10\" edp. Modificados PeriodEDPTer, PresenEDP y AprobEDP para \"SC-216 EDP 11\" edp. Modificados PeriodEDPTer, PresenEDP y AprobEDP para \"SC-216 EDP 12\" edp. Modificados PeriodEDPTer, PresenEDP y AprobEDP para \"SC-216 EDP 13\" edp. Modificados PeriodEDPTer, PresenEDP y AprobEDP para \"SC-216 EDP 14\" edp. Modificados PeriodEDPTer, PresenEDP y AprobEDP para \"SC-216 EDP 15\" edp. Modificados PeriodEDPTer, PresenEDP y AprobEDP para \"SC-216 EDP 16\" edp. Modificados PeriodEDPTer, PresenEDP y AprobEDP para \"SC-216 EDP 17\" edp.',11,1),(34,'2016-09-25 16:22:45.825456','454','SC-220',2,'Modificados PeriodEDPTer, PresenEDP y AprobEDP para \"SC-220 EDP 01\" edp. Modificados PeriodEDPTer, PresenEDP y AprobEDP para \"SC-220 EDP 02\" edp. Modificados PeriodEDPTer, PresenEDP y AprobEDP para \"SC-220 EDP 03\" edp. Modificados PeriodEDPTer, PresenEDP y AprobEDP para \"SC-220 EDP 04\" edp. Modificados PeriodEDPTer, PresenEDP y AprobEDP para \"SC-220 EDP 05\" edp. Modificados PeriodEDPTer, PresenEDP y AprobEDP para \"SC-220 EDP 06\" edp. Modificados PeriodEDPTer, PresenEDP y AprobEDP para \"SC-220 EDP 07\" edp. Modificados PeriodEDPTer, PresenEDP y AprobEDP para \"SC-220 EDP 08\" edp. Modificados PeriodEDPTer, PresenEDP y AprobEDP para \"SC-220 EDP 09\" edp. Modificados PeriodEDPTer, PresenEDP y AprobEDP para \"SC-220 EDP 10\" edp. Modificados PeriodEDPTer, PresenEDP y AprobEDP para \"SC-220 EDP 11\" edp. Modificados PeriodEDPTer, PresenEDP y AprobEDP para \"SC-220 EDP 12\" edp. Modificados PeriodEDPTer, PresenEDP y AprobEDP para \"SC-220 EDP 13\" edp. Modificados PeriodEDPTer, PresenEDP y AprobEDP para \"SC-220 EDP 14\" edp. Modificados PeriodEDPTer, PresenEDP y AprobEDP para \"SC-220 EDP 15\" edp. Modificados PeriodEDPTer, PresenEDP y AprobEDP para \"SC-220 EDP 16\" edp. Modificados PeriodEDPTer, PresenEDP y AprobEDP para \"SC-220 EDP 17\" edp. Modificados PeriodEDPTer, PresenEDP y AprobEDP para \"SC-220 EDP 18\" edp. Modificados PeriodEDPTer, PresenEDP y AprobEDP para \"SC-220 EDP 19\" edp. Modificados PeriodEDPTer, PresenEDP y AprobEDP para \"SC-220 EDP 20\" edp.',11,1),(35,'2016-09-25 16:31:56.104326','455','SC-222',2,'Modificados PeriodEDPTer, PresenEDP y AprobEDP para \"SC-222 EDP 01\" edp. Modificados PeriodEDPTer, PresenEDP y AprobEDP para \"SC-222 EDP 02\" edp. Modificados PeriodEDPTer, PresenEDP y AprobEDP para \"SC-222 EDP 03\" edp. Modificados PeriodEDPTer, PresenEDP y AprobEDP para \"SC-222 EDP 04\" edp. Modificados PeriodEDPTer, PresenEDP y AprobEDP para \"SC-222 EDP 05\" edp. Modificados PeriodEDPTer, PresenEDP y AprobEDP para \"SC-222 EDP 06\" edp. Modificados PeriodEDPTer, PresenEDP y AprobEDP para \"SC-222 EDP 07\" edp. Modificados PeriodEDPTer, PresenEDP y AprobEDP para \"SC-222 EDP 08\" edp. Modificados PeriodEDP, PeriodEDPTer, PresenEDP y AprobEDP para \"SC-222 EDP 10\" edp. Modificados PeriodEDPTer, PresenEDP y AprobEDP para \"SC-222 EDP 11\" edp. Modificados PeriodEDPTer, PresenEDP y AprobEDP para \"SC-222 EDP 12\" edp. Modificados PeriodEDPTer, PresenEDP y AprobEDP para \"SC-222 EDP 13\" edp. Modificados PeriodEDPTer, PresenEDP y AprobEDP para \"SC-222 EDP 14\" edp.',11,1),(36,'2016-09-25 16:45:31.536612','456','SC-224',2,'Modificados PeriodEDPTer, PresenEDP y AprobEDP para \"SC-224 EDP 01\" edp. Modificados PeriodEDPTer, PresenEDP y AprobEDP para \"SC-224 EDP 02\" edp. Modificados PeriodEDPTer, PresenEDP y AprobEDP para \"SC-224 EDP 03\" edp. Modificados PeriodEDPTer, PresenEDP y AprobEDP para \"SC-224 EDP 04\" edp. Modificados PeriodEDPTer, PresenEDP y AprobEDP para \"SC-224 EDP 05\" edp. Modificados PeriodEDPTer, PresenEDP y AprobEDP para \"SC-224 EDP 06\" edp. Modificados PeriodEDPTer, PresenEDP y AprobEDP para \"SC-224 EDP 07\" edp. Modificados PeriodEDPTer, PresenEDP y AprobEDP para \"SC-224 EDP 08\" edp. Modificados PeriodEDPTer, PresenEDP y AprobEDP para \"SC-224 EDP 09\" edp. Modificados PeriodEDPTer, PresenEDP y AprobEDP para \"SC-224 EDP 10\" edp. Modificados PeriodEDPTer, PresenEDP y AprobEDP para \"SC-224 EDP 11\" edp. Modificados PeriodEDPTer, PresenEDP y AprobEDP para \"SC-224 EDP 12\" edp. Modificados PeriodEDPTer, PresenEDP y AprobEDP para \"SC-224 EDP 13\" edp. Modificados PeriodEDPTer, PresenEDP y AprobEDP para \"SC-224 EDP 14\" edp. Modificados PeriodEDPTer, PresenEDP y AprobEDP para \"SC-224 EDP 15\" edp. Modificados PeriodEDPTer, PresenEDP y AprobEDP para \"SC-224 EDP 16\" edp. Modificados PeriodEDPTer, PresenEDP y AprobEDP para \"SC-224 EDP 17\" edp. Modificados PeriodEDPTer, PresenEDP y AprobEDP para \"SC-224 EDP 18\" edp. Modificados PeriodEDPTer, PresenEDP y AprobEDP para \"SC-224 EDP 19\" edp. Modificados PeriodEDPTer, PresenEDP y AprobEDP para \"SC-224 EDP 20\" edp.',11,1),(37,'2016-09-25 17:01:32.940208','459','SC-233',2,'Modificados PeriodEDPTer, PresenEDP y AprobEDP para \"SC-233 EDP 01\" edp. Modificados PeriodEDPTer, PresenEDP y AprobEDP para \"SC-233 EDP 02\" edp. Modificados PeriodEDPTer, PresenEDP y AprobEDP para \"SC-233 EDP 03\" edp. Modificados PeriodEDPTer, PresenEDP y AprobEDP para \"SC-233 EDP 04\" edp. Modificados PeriodEDPTer, PresenEDP y AprobEDP para \"SC-233 EDP 05\" edp. Modificados PeriodEDP, PeriodEDPTer, PresenEDP y AprobEDP para \"SC-233 EDP 06\" edp. Modificados PeriodEDPTer, PresenEDP, AprobEDP y ObservEDP para \"SC-233 EDP 07\" edp. Modificados PeriodEDPTer, PresenEDP y AprobEDP para \"SC-233 EDP 08\" edp. Modificados PeriodEDPTer, PresenEDP y AprobEDP para \"SC-233 EDP 09\" edp. Modificados PeriodEDPTer, PresenEDP y AprobEDP para \"SC-233 EDP 10\" edp. Modificados PeriodEDPTer, PresenEDP y AprobEDP para \"SC-233 EDP 11\" edp. Modificados PeriodEDPTer, PresenEDP y AprobEDP para \"SC-233 EDP 12\" edp. Modificados PeriodEDP, PeriodEDPTer, PresenEDP, AprobEDP y ObservEDP para \"SC-233 EDP 13\" edp. Modificados PeriodEDPTer, PresenEDP y AprobEDP para \"SC-233 EDP 14\" edp. Modificados PeriodEDPTer, PresenEDP y AprobEDP para \"SC-233 EDP 15\" edp. Modificados PeriodEDPTer, PresenEDP y AprobEDP para \"SC-233 EDP 16\" edp. Modificados PeriodEDPTer, PresenEDP y AprobEDP para \"SC-233 EDP 17\" edp.',11,1),(38,'2016-09-25 17:03:29.748584','460','SC-235',2,'Modificados PeriodEDP, PeriodEDPTer, PresenEDP y AprobEDP para \"SC-235 EDP 01\" edp.',11,1),(39,'2016-09-25 17:17:08.350512','461','SC-237',2,'Modificados PeriodEDPTer para \"SC-237 EDP 01\" edp. Modificados PeriodEDPTer para \"SC-237 EDP 02\" edp. Modificados PeriodEDPTer para \"SC-237 EDP 03\" edp. Modificados PeriodEDPTer para \"SC-237 EDP 04\" edp. Modificados PeriodEDPTer para \"SC-237 EDP 05\" edp. Modificados PeriodEDP, PeriodEDPTer y ObservEDP para \"SC-237 EDP 06\" edp. Modificados PeriodEDPTer para \"SC-237 EDP 07\" edp. Modificados PeriodEDPTer para \"SC-237 EDP 08\" edp. Modificados PeriodEDPTer, PresenEDP y AprobEDP para \"SC-237 EDP 09\" edp. Modificados PeriodEDPTer, PresenEDP y AprobEDP para \"SC-237 EDP 10\" edp. Modificados PeriodEDPTer, PresenEDP y AprobEDP para \"SC-237 EDP 11\" edp.',11,1),(40,'2016-09-25 17:28:05.710055','463','SC-242',2,'Modificados PeriodEDPTer para \"SC-242 EDP 01\" edp. Modificados PeriodEDPTer para \"SC-242 EDP 02\" edp. Modificados PeriodEDPTer para \"SC-242 EDP 03\" edp. Modificados PeriodEDPTer para \"SC-242 EDP 04\" edp. Modificados PeriodEDPTer para \"SC-242 EDP 05\" edp. Modificados PeriodEDPTer para \"SC-242 EDP 06\" edp. Modificados PeriodEDPTer para \"SC-242 EDP 07\" edp. Modificados PeriodEDPTer, PresenEDP y AprobEDP para \"SC-242 EDP 08\" edp. Modificados PeriodEDPTer, PresenEDP y AprobEDP para \"SC-242 EDP 09\" edp. Modificados PeriodEDPTer, PresenEDP y AprobEDP para \"SC-242 EDP 10\" edp. Modificados PeriodEDPTer, PresenEDP y AprobEDP para \"SC-242 EDP 11\" edp.',11,1),(41,'2016-09-25 17:34:01.172605','468','SC-249',2,'Modificados PeriodEDPTer para \"SC-249 EDP 01\" edp. Modificados PeriodEDPTer para \"SC-249 EDP 02\" edp. Modificados PeriodEDP, PeriodEDPTer, PresenEDP, AprobEDP y ObservEDP para \"SC-249 EDP 05\" edp. Modificados PeriodEDPTer, PresenEDP y AprobEDP para \"SC-249 EDP 06\" edp.',11,1),(42,'2016-09-25 17:38:22.664043','470','SC-252',2,'Modificados PeriodEDPTer para \"SC-252 EDP 01\" edp. Modificados PeriodEDPTer para \"SC-252 EDP 02\" edp. Modificados PeriodEDPTer para \"SC-252 EDP 03\" edp. Modificados PeriodEDPTer para \"SC-252 EDP 04\" edp. Modificados PeriodEDPTer para \"SC-252 EDP 05\" edp. Modificados PeriodEDPTer para \"SC-252 EDP 06\" edp. Modificados PeriodEDPTer, PresenEDP y AprobEDP para \"SC-252 EDP 07\" edp. Modificados PeriodEDPTer, PresenEDP y AprobEDP para \"SC-252 EDP 08\" edp.',11,1),(43,'2016-09-25 17:42:40.924327','471','SC-253',2,'Modificados PeriodEDPTer para \"SC-253 EDP 01\" edp. Modificados PeriodEDPTer para \"SC-253 EDP 02\" edp. Modificados PeriodEDPTer para \"SC-253 EDP 03\" edp. Modificados PeriodEDPTer para \"SC-253 EDP 04\" edp. Modificados PeriodEDPTer, PresenEDP y AprobEDP para \"SC-253 EDP 05\" edp. Modificados PeriodEDPTer, PresenEDP y AprobEDP para \"SC-253 EDP 06\" edp. Modificados PeriodEDPTer, PresenEDP y AprobEDP para \"SC-253 EDP 07\" edp. Modificados PeriodEDPTer, PresenEDP y AprobEDP para \"SC-253 EDP 08\" edp.',11,1),(44,'2016-09-25 17:48:43.696886','472','SC-256',2,'Añadido/a \"SC-256 EDP 01\" edp.',11,1),(45,'2016-09-25 18:54:04.592822','473','SC-257',2,'Modificados PeriodEDP, PeriodEDPTer, PresenEDP y AprobEDP para \"SC-257 EDP 01\" edp.',11,1),(46,'2016-09-25 18:59:35.570959','474','SC-258',2,'Modificados PeriodEDPTer para \"SC-258 EDP 01\" edp. Modificados PeriodEDPTer, PresenEDP y AprobEDP para \"SC-258 EDP 02\" edp. Modificados PeriodEDPTer, PresenEDP y AprobEDP para \"SC-258 EDP 03\" edp. Modificados PeriodEDPTer, PresenEDP y AprobEDP para \"SC-258 EDP 04\" edp.',11,1),(47,'2016-09-25 19:01:44.599005','475','SC-259',2,'Modificados PeriodEDP, PeriodEDPTer, PresenEDP y AprobEDP para \"SC-259 EDP 01\" edp.',11,1),(48,'2016-09-25 19:03:15.805471','477','SC-261',2,'Modificados PeriodEDPTer para \"SC-261 EDP 01\" edp. Modificados PeriodEDPTer para \"SC-261 EDP 02\" edp. Modificados PeriodEDPTer para \"SC-261 EDP 03\" edp. Modificados PeriodEDPTer para \"SC-261 EDP 04\" edp. Modificados PeriodEDPTer, PresenEDP y AprobEDP para \"SC-261 EDP 05\" edp.',11,1),(49,'2016-09-25 19:06:31.267611','477','SC-261',2,'Modificados PresenEDP y AprobEDP para \"SC-261 EDP 02\" edp. Modificados PresenEDP y AprobEDP para \"SC-261 EDP 03\" edp. Modificados PresenEDP y AprobEDP para \"SC-261 EDP 04\" edp.',11,1),(50,'2016-09-25 19:09:02.638288','480','SC-264',2,'Modificados PeriodEDP, PeriodEDPTer, PresenEDP y AprobEDP para \"SC-264 EDP 01\" edp.',11,1),(51,'2016-09-25 19:16:43.012508','482','SC-266',2,'Modificados PeriodEDPTer para \"SC-266 EDP 01\" edp.',11,1),(52,'2016-09-25 19:17:20.273379','483','SC-267',2,'Modificado/a DescCtto.',11,1),(53,'2016-09-25 19:20:24.300011','493','SC-277',2,'Añadido/a \"SC-277 EDP 01\" edp.',11,1),(54,'2016-09-25 19:44:06.263076','582','OS2016-066',2,'Modificados PeriodEDPTer, PresenEDP y AprobEDP para \"OS2016-066 EDP 01\" edp. Modificados PeriodEDPTer, PresenEDP y AprobEDP para \"OS2016-066 EDP 02\" edp.',11,1),(55,'2016-09-25 19:48:27.232347','577','OS2016-061',2,'Añadido/a \"OS2016-061 EDP 01\" edp.',11,1),(56,'2016-09-25 19:50:48.302840','577','OS2016-061',2,'Añadido/a \"OS2016-061 EDP 02\" edp. Modificados PresenEDP y AprobEDP para \"OS2016-061 EDP 01\" edp.',11,1),(57,'2016-09-25 19:51:20.382552','581','OS2016-065',2,'Modificado/a ObservCtto.',11,1),(58,'2016-09-25 19:51:20.384684','580','OS2016-064',2,'Modificado/a ObservCtto.',11,1),(59,'2016-09-25 19:51:20.387819','579','OS2016-063',2,'Modificado/a ObservCtto.',11,1),(60,'2016-09-25 19:59:17.268767','569','OS2016-053',2,'Añadido/a \"OS2016-053 EDP 01\" edp. Añadido/a \"OS2016-053 EDP 02\" edp. Añadido/a \"OS2016-053 EDP 03\" edp.',11,1),(61,'2016-09-25 20:16:17.260269','566','OS2016-050',2,'Añadido/a \"OS2016-050 EDP 01\" edp. Añadido/a \"OS2016-050 EDP 01\" edp.',11,1),(62,'2016-09-25 20:17:07.502010','575','OS2016-059',2,'Modificado/a ObservCtto.',11,1),(63,'2016-09-25 20:17:07.505910','574','OS2016-058',2,'Modificado/a ObservCtto.',11,1),(64,'2016-09-25 20:17:07.508967','570','OS2016-054',2,'Modificado/a ObservCtto.',11,1),(65,'2016-09-25 20:17:07.511715','568','OS2016-052',2,'Modificado/a ObservCtto.',11,1),(66,'2016-09-25 20:19:07.815114','565','OS2016-049',2,'Añadido/a \"OS2016-049 EDP 01\" edp.',11,1),(67,'2016-09-25 20:21:37.070963','555','OS2016-039',2,'Modificados PeriodEDP, PeriodEDPTer, Estado, PresenEDP y AprobEDP para \"OS2016-039 EDP 01\" edp.',11,1),(68,'2016-09-25 20:26:50.355178','554','OS2016-038',2,'Modificados PeriodEDP, PeriodEDPTer, Estado, PresenEDP y AprobEDP para \"OS2016-038 EDP 01\" edp. Modificados PeriodEDPTer, Estado, PresenEDP y AprobEDP para \"OS2016-038 EDP 02\" edp. Modificados PeriodEDPTer, Estado, PresenEDP y AprobEDP para \"OS2016-038 EDP 03\" edp.',11,1),(69,'2016-09-25 20:30:18.799010','553','OS2016-037',2,'Añadido/a \"OS2016-037 EDP 01\" edp. Añadido/a \"OS2016-037 EDP 02\" edp.',11,1),(70,'2016-09-25 20:30:43.950348','553','OS2016-037',2,'Modificado/a ObservCtto.',11,1),(71,'2016-09-25 20:30:48.542121','553','OS2016-037',2,'Modificado/a ObservCtto.',11,1),(72,'2016-09-25 20:32:40.523129','564','OS2016-048',2,'Modificado/a ObservCtto.',11,1),(73,'2016-09-25 20:32:40.526448','563','OS2016-047',2,'Modificado/a ObservCtto.',11,1),(74,'2016-09-25 20:32:40.528994','561','OS2016-045',2,'Modificado/a ObservCtto.',11,1),(75,'2016-09-25 20:32:40.532479','560','OS2016-044',2,'Modificado/a ObservCtto.',11,1),(76,'2016-09-25 20:32:40.534654','557','OS2016-041',2,'Modificado/a ObservCtto.',11,1),(77,'2016-09-25 20:33:27.548676','551','OS2016-035',2,'Modificado/a ObservCtto.',11,1),(78,'2016-09-25 20:37:50.868739','540','OS2016-024',2,'Añadido/a \"OS2016-024 EDP 01\" edp.',11,1),(79,'2016-09-25 20:39:29.346324','538','OS2016-022',2,'Modificado/a ObservCtto.',11,1),(80,'2016-09-25 20:44:33.569204','535','OS2016-019',2,'Modificados PeriodEDPTer y Estado para \"OS2016-019 EDP 01\" edp. Modificados PeriodEDPTer, Estado, PresenEDP y AprobEDP para \"OS2016-019 EDP 02\" edp. Modificados PeriodEDPTer, Estado, PresenEDP y AprobEDP para \"OS2016-019 EDP 03\" edp. Modificados PeriodEDPTer, Estado, PresenEDP y AprobEDP para \"OS2016-019 EDP 04\" edp.',11,1),(81,'2016-09-25 20:47:08.526919','526','OS2016-010',2,'Modificados PeriodEDP y PeriodEDPTer para \"OS2016-010 EDP 01\" edp. Modificados PeriodEDP y PeriodEDPTer para \"OS2016-010 EDP 02\" edp.',11,1),(82,'2016-09-25 20:48:23.554885','525','OS2016-009',2,'Modificados PeriodEDP y PeriodEDPTer para \"OS2016-009 EDP 01\" edp.',11,1),(83,'2016-09-25 20:57:29.713467','520','OS-2016-004',2,'Modificados PeriodEDPTer para \"OS-2016-004 EDP 01\" edp. Modificados PeriodEDPTer para \"OS-2016-004 EDP 02\" edp. Modificados PeriodEDPTer para \"OS-2016-004 EDP 03\" edp. Modificados PeriodEDPTer para \"OS-2016-004 EDP 04\" edp. Modificados PeriodEDPTer, Estado, PresenEDP y AprobEDP para \"OS-2016-004 EDP 05\" edp. Modificados PeriodEDPTer, Estado, PresenEDP y AprobEDP para \"OS-2016-004 EDP 06\" edp. Modificados PeriodEDPTer, Estado, PresenEDP y AprobEDP para \"OS-2016-004 EDP 07\" edp. Modificados PeriodEDPTer, Estado, PresenEDP y AprobEDP para \"OS-2016-004 EDP 08\" edp.',11,1),(84,'2016-09-25 21:00:19.151343','519','OS-2016-003',2,'Modificados PeriodEDPTer para \"OS-2016-003 EDP 01\" edp. Modificados PeriodEDPTer para \"OS-2016-003 EDP 02\" edp. Modificados PeriodEDPTer para \"OS-2016-003 EDP 03\" edp. Modificados PeriodEDPTer para \"OS-2016-003 EDP 04\" edp. Modificados PeriodEDPTer, Estado, PresenEDP y AprobEDP para \"OS-2016-003 EDP 05\" edp. Modificados PeriodEDPTer, Estado, PresenEDP y AprobEDP para \"OS-2016-003 EDP 06\" edp.',11,1),(85,'2016-09-25 21:03:00.209533','518','OS-2016-002',2,'Modificados PeriodEDPTer y Estado para \"OS-2016-002 EDP 01\" edp.',11,1),(86,'2016-09-25 21:09:22.021232','496','OS-2011-057',2,'Modificados PeriodEDP, PeriodEDPTer y ObservEDP para \"OS-2011-057 EDP 50\" edp. Modificados PeriodEDPTer para \"OS-2011-057 EDP 51\" edp. Modificados PeriodEDPTer para \"OS-2011-057 EDP 52\" edp. Modificados PeriodEDPTer para \"OS-2011-057 EDP 53\" edp. Modificados PeriodEDPTer para \"OS-2011-057 EDP 54\" edp. Modificados PeriodEDPTer para \"OS-2011-057 EDP 55\" edp. Modificados PeriodEDPTer para \"OS-2011-057 EDP 56\" edp. Modificados PeriodEDPTer y Estado para \"OS-2011-057 EDP 57\" edp. Modificados PeriodEDPTer, Estado, PresenEDP y AprobEDP para \"OS-2011-057 EDP 58\" edp. Modificados Estado, FactEDP, PresenEDP y AprobEDP para \"OS-2011-057 EDP 59\" edp. Modificados PeriodEDPTer, Estado, FactEDP, PresenEDP y AprobEDP para \"OS-2011-057 EDP 60\" edp.',11,1),(87,'2016-09-25 21:15:33.984658','508','OS-2011-036',2,'Modificado/a FechIniCtto. Modificados PeriodEDP y PeriodEDPTer para \"OS-2011-036 EDP 01\" edp. Modificados PeriodEDPTer para \"OS-2011-036 EDP 02\" edp. Modificados PeriodEDPTer para \"OS-2011-036 EDP 03\" edp. Modificados PeriodEDPTer para \"OS-2011-036 EDP 04\" edp. Modificados PeriodEDPTer y Estado para \"OS-2011-036 EDP 05\" edp. Modificados PeriodEDPTer, Estado, PresenEDP y AprobEDP para \"OS-2011-036 EDP 06\" edp. Modificados PeriodEDPTer, Estado, PresenEDP y AprobEDP para \"OS-2011-036 EDP 07\" edp. Modificados PeriodEDPTer, Estado, PresenEDP y AprobEDP para \"OS-2011-036 EDP 08\" edp.',11,1),(88,'2016-09-25 21:33:35.930318','601','SC-288',3,'',11,1),(89,'2016-09-25 21:55:19.121718','574','OS2016-058',2,'Añadido/a \"ODC 01\" odc.',11,1),(90,'2016-09-25 22:12:42.556489','562','OS2016-046',2,'Añadido/a \"ODC 01\" odc.',11,1),(91,'2016-09-25 22:19:34.871111','562','OS2016-046',2,'Añadido/a \"ODC 01\" odc. Modificados DescripODC para \"ODC 01\" odc.',11,1),(92,'2016-09-25 22:25:16.475552','512','CV-2016-001',2,'Modificados PeriodEDPTer para \"CV-2016-001 EDP 01\" edp. Modificados PeriodEDPTer para \"CV-2016-001 EDP 02\" edp. Modificados PeriodEDPTer para \"CV-2016-001 EDP 03\" edp. Modificados PeriodEDPTer para \"CV-2016-001 EDP 04\" edp. Modificados PeriodEDPTer, Estado, PresenEDP y AprobEDP para \"CV-2016-001 EDP 05\" edp. Modificados PeriodEDPTer, Estado, PresenEDP y AprobEDP para \"CV-2016-001 EDP 06\" edp. Modificados PeriodEDPTer, Estado, PresenEDP y AprobEDP para \"CV-2016-001 EDP 07\" edp. Modificados PeriodEDPTer, Estado, PresenEDP y AprobEDP para \"CV-2016-001 EDP 08\" edp.',11,1),(93,'2016-09-25 22:38:56.600659','563','OS2016-047',2,'Añadido/a \"ODC 01\" odc.',11,1),(94,'2016-09-25 22:44:12.178950','538','OS2016-022',2,'Añadido/a \"ODC 01\" odc.',11,1),(95,'2016-09-25 23:02:05.559212','600','OS2016-082',2,'Modificado/a EstCtto.',11,1),(96,'2016-09-25 23:02:05.563910','599','OS2016-081',2,'Modificado/a EstCtto.',11,1),(97,'2016-09-26 00:01:39.717868','461','SC-237',2,'Modificados FechT_ODC para \"ODC 02\" odc.',11,1),(98,'2016-09-26 00:02:10.371414','453','SC-216',2,'Modificados FechT_ODC para \"ODC 03\" odc.',11,1),(99,'2016-09-26 00:07:17.889891','483','SC-267',2,'Modificado/a FechIniCtto y FechTerCtto.',11,1),(100,'2016-09-26 00:07:28.120901','484','SC-268',2,'No ha cambiado ningún campo.',11,1),(101,'2016-09-26 00:07:50.423370','484','SC-268',2,'Modificado/a FechIniCtto y FechTerCtto.',11,1),(102,'2016-09-26 00:08:10.620216','484','SC-268',2,'Modificado/a FechTerCtto.',11,1),(103,'2016-09-26 00:10:47.201500','496','OS-2011-057',2,'Modificados FechT_ODC para \"ODC 05\" odc.',11,1),(104,'2016-09-26 00:13:15.161042','520','OS-2016-004',2,'Modificados FechT_ODC para \"ODC 02\" odc.',11,1),(105,'2016-09-26 00:15:27.185906','520','OS-2016-004',2,'Añadido/a \"ODC 02\" odc. Modificados NumODC, FechT_ODC y ValorODC para \"ODC 01\" odc.',11,1),(106,'2016-09-26 00:17:25.618925','554','OS2016-038',2,'Modificado/a FechTerCtto.',11,1);
/*!40000 ALTER TABLE `django_admin_log` ENABLE KEYS */;
UNLOCK TABLES;

--
-- Table structure for table `django_content_type`
--

DROP TABLE IF EXISTS `django_content_type`;
/*!40101 SET @saved_cs_client     = @@character_set_client */;
/*!40101 SET character_set_client = utf8 */;
CREATE TABLE `django_content_type` (
  `id` int(11) NOT NULL AUTO_INCREMENT,
  `app_label` varchar(100) NOT NULL,
  `model` varchar(100) NOT NULL,
  PRIMARY KEY (`id`),
  UNIQUE KEY `django_content_type_app_label_76bd3d3b_uniq` (`app_label`,`model`)
) ENGINE=InnoDB AUTO_INCREMENT=18 DEFAULT CHARSET=latin1;
/*!40101 SET character_set_client = @saved_cs_client */;

--
-- Dumping data for table `django_content_type`
--

LOCK TABLES `django_content_type` WRITE;
/*!40000 ALTER TABLE `django_content_type` DISABLE KEYS */;
INSERT INTO `django_content_type` VALUES (1,'admin','logentry'),(3,'auth','group'),(2,'auth','permission'),(4,'auth','user'),(5,'contenttypes','contenttype'),(7,'personas','area'),(8,'personas','ceco'),(17,'personas','choice'),(10,'personas','ctta'),(11,'personas','ctto'),(12,'personas','edp'),(9,'personas','mdte'),(14,'personas','monedas'),(13,'personas','odc'),(15,'personas','persona'),(16,'personas','question'),(6,'sessions','session');
/*!40000 ALTER TABLE `django_content_type` ENABLE KEYS */;
UNLOCK TABLES;

--
-- Table structure for table `django_migrations`
--

DROP TABLE IF EXISTS `django_migrations`;
/*!40101 SET @saved_cs_client     = @@character_set_client */;
/*!40101 SET character_set_client = utf8 */;
CREATE TABLE `django_migrations` (
  `id` int(11) NOT NULL AUTO_INCREMENT,
  `app` varchar(255) NOT NULL,
  `name` varchar(255) NOT NULL,
  `applied` datetime(6) NOT NULL,
  PRIMARY KEY (`id`)
) ENGINE=InnoDB AUTO_INCREMENT=19 DEFAULT CHARSET=latin1;
/*!40101 SET character_set_client = @saved_cs_client */;

--
-- Dumping data for table `django_migrations`
--

LOCK TABLES `django_migrations` WRITE;
/*!40000 ALTER TABLE `django_migrations` DISABLE KEYS */;
INSERT INTO `django_migrations` VALUES (1,'contenttypes','0001_initial','2016-09-10 23:48:30.792821'),(2,'auth','0001_initial','2016-09-10 23:48:31.148151'),(3,'admin','0001_initial','2016-09-10 23:48:31.268862'),(4,'admin','0002_logentry_remove_auto_add','2016-09-10 23:48:31.301968'),(5,'contenttypes','0002_remove_content_type_name','2016-09-10 23:48:31.366386'),(6,'auth','0002_alter_permission_name_max_length','2016-09-10 23:48:31.411891'),(7,'auth','0003_alter_user_email_max_length','2016-09-10 23:48:31.428632'),(8,'auth','0004_alter_user_username_opts','2016-09-10 23:48:31.456997'),(9,'auth','0005_alter_user_last_login_null','2016-09-10 23:48:31.492149'),(10,'auth','0006_require_contenttypes_0002','2016-09-10 23:48:31.494643'),(11,'auth','0007_alter_validators_add_error_messages','2016-09-10 23:48:31.503647'),(12,'personas','0001_initial','2016-09-10 23:48:32.169283'),(13,'sessions','0001_initial','2016-09-10 23:48:32.194068'),(14,'personas','0002_auto_20160925_1052','2016-09-25 13:52:51.592576'),(15,'personas','0003_auto_20160925_1145','2016-09-25 14:45:12.905449'),(16,'personas','0004_ctto_observctto','2016-09-25 14:50:37.306371'),(17,'personas','0005_auto_20160925_1210','2016-09-25 15:10:31.748646'),(18,'personas','0006_auto_20160925_1914','2016-09-25 22:14:27.333919');
/*!40000 ALTER TABLE `django_migrations` ENABLE KEYS */;
UNLOCK TABLES;

--
-- Table structure for table `django_session`
--

DROP TABLE IF EXISTS `django_session`;
/*!40101 SET @saved_cs_client     = @@character_set_client */;
/*!40101 SET character_set_client = utf8 */;
CREATE TABLE `django_session` (
  `session_key` varchar(40) NOT NULL,
  `session_data` longtext NOT NULL,
  `expire_date` datetime(6) NOT NULL,
  PRIMARY KEY (`session_key`),
  KEY `django_session_de54fa62` (`expire_date`)
) ENGINE=InnoDB DEFAULT CHARSET=latin1;
/*!40101 SET character_set_client = @saved_cs_client */;

--
-- Dumping data for table `django_session`
--

LOCK TABLES `django_session` WRITE;
/*!40000 ALTER TABLE `django_session` DISABLE KEYS */;
INSERT INTO `django_session` VALUES ('jmtyeipzjhsgjkb96qupwvnh1cikqhsq','OGM4YjY4OTBiODRmOTQ4ZjFjODNjNjljMTM5Yjc1MzY2ZTBjYWZlMDp7Il9hdXRoX3VzZXJfaWQiOiIxIiwiX2F1dGhfdXNlcl9oYXNoIjoiYTY5OWMzY2NlZWMxYjNlMzI2ZWMyZWRkMmVmNjM2OWZiMzEyNGE3MSIsIl9hdXRoX3VzZXJfYmFja2VuZCI6ImRqYW5nby5jb250cmliLmF1dGguYmFja2VuZHMuTW9kZWxCYWNrZW5kIn0=','2016-10-03 20:49:43.522989'),('ph4a8hcalxzzj5oiru1uowmlnbrl2iwi','ODZmMGI1MDc2ZDBhMmI2NGVkN2I5NjFhZjY4NDQ5N2Y1NDYwZTY4Nzp7Il9hdXRoX3VzZXJfaGFzaCI6ImE2OTljM2NjZWVjMWIzZTMyNmVjMmVkZDJlZjYzNjlmYjMxMjRhNzEiLCJfYXV0aF91c2VyX2lkIjoiMSIsIl9hdXRoX3VzZXJfYmFja2VuZCI6ImRqYW5nby5jb250cmliLmF1dGguYmFja2VuZHMuTW9kZWxCYWNrZW5kIn0=','2016-10-10 00:09:35.473223'),('rfj9vg097seue90mik0e7ykbx6prlqn5','ZGFlODgwMWI1NTYxMTk3ZmQwMzQxZjgxM2E3N2EwOGQ3YmZjMWJlYzp7Il9hdXRoX3VzZXJfaGFzaCI6ImE2OTljM2NjZWVjMWIzZTMyNmVjMmVkZDJlZjYzNjlmYjMxMjRhNzEiLCJfYXV0aF91c2VyX2JhY2tlbmQiOiJkamFuZ28uY29udHJpYi5hdXRoLmJhY2tlbmRzLk1vZGVsQmFja2VuZCIsIl9hdXRoX3VzZXJfaWQiOiIxIn0=','2016-10-09 00:24:04.080242');
/*!40000 ALTER TABLE `django_session` ENABLE KEYS */;
UNLOCK TABLES;

--
-- Table structure for table `personas_area`
--

DROP TABLE IF EXISTS `personas_area`;
/*!40101 SET @saved_cs_client     = @@character_set_client */;
/*!40101 SET character_set_client = utf8 */;
CREATE TABLE `personas_area` (
  `id` int(11) NOT NULL AUTO_INCREMENT,
  `IdAreas` int(11) DEFAULT NULL,
  `NomArea` varchar(20) NOT NULL,
  `CodArea` varchar(20) DEFAULT NULL,
  PRIMARY KEY (`id`)
) ENGINE=InnoDB AUTO_INCREMENT=53 DEFAULT CHARSET=latin1;
/*!40101 SET character_set_client = @saved_cs_client */;

--
-- Dumping data for table `personas_area`
--

LOCK TABLES `personas_area` WRITE;
/*!40000 ALTER TABLE `personas_area` DISABLE KEYS */;
INSERT INTO `personas_area` VALUES (40,1,'N.A','600-0'),(41,2,'681 Staffing','681-1'),(42,3,'682 Gen Exp','682-1'),(43,4,'682 Site','682-2'),(44,5,'683 Engineering','683-1'),(45,6,'683 Geology','683-2'),(46,7,'683 Legal','683-3'),(47,8,'683 Metallurgy','683-4'),(48,9,'683 Mine','683-5'),(49,10,'684 Communications','684-1'),(50,11,'684 CSR','684-2'),(51,12,'684 Environmental','684-3'),(52,13,'685 Drilling','685-1');
/*!40000 ALTER TABLE `personas_area` ENABLE KEYS */;
UNLOCK TABLES;

--
-- Table structure for table `personas_ceco`
--

DROP TABLE IF EXISTS `personas_ceco`;
/*!40101 SET @saved_cs_client     = @@character_set_client */;
/*!40101 SET character_set_client = utf8 */;
CREATE TABLE `personas_ceco` (
  `id` int(11) NOT NULL AUTO_INCREMENT,
  `IdCeco` int(11) DEFAULT NULL,
  `CodCeco` varchar(10) DEFAULT NULL,
  `NomCeco` varchar(100) DEFAULT NULL,
  `Budget` decimal(21,2) DEFAULT NULL,
  `IdAreas_id` int(11) NOT NULL,
  PRIMARY KEY (`id`),
  KEY `personas_ceco_IdAreas_id_cb571d0f_fk_personas_area_id` (`IdAreas_id`),
  CONSTRAINT `personas_ceco_IdAreas_id_cb571d0f_fk_personas_area_id` FOREIGN KEY (`IdAreas_id`) REFERENCES `personas_area` (`id`)
) ENGINE=InnoDB AUTO_INCREMENT=209 DEFAULT CHARSET=latin1;
/*!40101 SET character_set_client = @saved_cs_client */;

--
-- Dumping data for table `personas_ceco`
--

LOCK TABLES `personas_ceco` WRITE;
/*!40000 ALTER TABLE `personas_ceco` DISABLE KEYS */;
INSERT INTO `personas_ceco` VALUES (157,1,'00-00-0000','N.A',0.00,40),(158,2,'-',NULL,30.00,41),(159,3,'51-11-3301','Labor Cost Project Team and Santiago ',6135.05,41),(160,4,'-',NULL,742.00,42),(161,5,'51-11-3302','General administration expenses',196.38,42),(162,6,'51-11-3303','Travel international',376.00,42),(163,7,'51-11-3304','Domestic Flights',171.60,42),(164,8,'51-11-3305','IT Licensing , IT Services',600.00,42),(165,9,'51-11-3306','Santiago Office ',384.00,42),(166,10,'51-11-3308','Workshops',30.00,42),(167,11,'51-11-3309','Corporate charges ',1165.00,42),(168,12,'-',NULL,-323.00,43),(169,13,'51-11-3314','Camps care & maintenance',597.53,43),(170,14,'51-11-3315','Oficinas Vallenar',341.72,43),(171,15,'-',NULL,580.00,44),(172,16,'51-11-3316','Ing conceptual camino Ruta 5 a Huasco',180.00,44),(173,17,'51-11-3317','Ing conceptual cruce rio Huasco',465.00,44),(174,18,'51-11-3321','Topografía 1:1000 zona Ruta 5 a costa',80.00,44),(175,19,'51-11-3322','Revisión ing correas',920.00,44),(176,20,'51-11-3323','Ing transporte agua construcción',20.00,44),(177,21,'51-11-3328','Ing pre-factibilidad LAT Las Losas a Rel a EM ',40.00,44),(178,22,'51-11-3329','Revisión y optimización planta concentradora - Fluor',600.00,44),(179,23,'-',NULL,100.00,45),(180,24,'51-11-3052','External consultant',110.00,45),(181,25,'51-11-3336','EMorro core shed',96.00,45),(182,26,'-',NULL,-1018.50,46),(183,27,'51-11-3337','RE Mine property',721.00,46),(184,28,'51-11-3338','EM Mine property ',1028.27,46),(185,29,'51-11-3339','Legal/ consulting/easements',2301.44,46),(186,30,'51-11-3340','Permits&Licences',24.76,46),(187,31,'-',NULL,515.00,47),(188,32,'51-11-3324','Compendio información metalúrgica',30.00,47),(189,33,'51-11-3335','External consultant',0.00,47),(190,34,'-',NULL,1558.40,48),(191,35,'51-11-3332','Mine Planning external design',290.00,48),(192,36,'51-11-3333','Fragmentation studies (EM +RE)',130.00,48),(193,37,'51-11-3334','Other Softwares',100.00,48),(194,38,'-',NULL,0.00,49),(195,39,'51-11-3341','Communication and Government',230.00,49),(196,40,'-',NULL,0.00,50),(197,41,'51-11-3341','Communication and Government',200.00,50),(198,42,'51-11-3342','Communty Development plan',750.00,50),(199,43,'51-11-3343','ONG',700.00,50),(200,44,'-',NULL,0.00,51),(201,45,'51-11-3322','Revisión ing correas',270.00,51),(202,46,'51-11-3331','Apoyo Fluor a Medio Ambiente - Fluor',0.00,51),(203,47,'51-11-3344','EIA consultant, studies',2494.46,51),(204,48,'51-11-3346','Enviromental monitoring Air &Water',223.38,51),(205,49,'51-11-3347','Enviromental Permitting',0.00,51),(206,50,'-',NULL,135.00,52),(207,51,'51-11-3348','Sondajes geo met',1300.00,52),(208,52,'51-11-3349','Geo tecnica',330.00,52);
/*!40000 ALTER TABLE `personas_ceco` ENABLE KEYS */;
UNLOCK TABLES;

--
-- Table structure for table `personas_choice`
--

DROP TABLE IF EXISTS `personas_choice`;
/*!40101 SET @saved_cs_client     = @@character_set_client */;
/*!40101 SET character_set_client = utf8 */;
CREATE TABLE `personas_choice` (
  `id` int(11) NOT NULL AUTO_INCREMENT,
  `choice_text` varchar(200) NOT NULL,
  `votes` int(11) NOT NULL,
  `question_id` int(11) NOT NULL,
  PRIMARY KEY (`id`),
  KEY `personas_choice_7aa0f6ee` (`question_id`),
  CONSTRAINT `personas_choice_question_id_f454b9cd_fk_personas_question_id` FOREIGN KEY (`question_id`) REFERENCES `personas_question` (`id`)
) ENGINE=InnoDB DEFAULT CHARSET=latin1;
/*!40101 SET character_set_client = @saved_cs_client */;

--
-- Dumping data for table `personas_choice`
--

LOCK TABLES `personas_choice` WRITE;
/*!40000 ALTER TABLE `personas_choice` DISABLE KEYS */;
/*!40000 ALTER TABLE `personas_choice` ENABLE KEYS */;
UNLOCK TABLES;

--
-- Table structure for table `personas_ctta`
--

DROP TABLE IF EXISTS `personas_ctta`;
/*!40101 SET @saved_cs_client     = @@character_set_client */;
/*!40101 SET character_set_client = utf8 */;
CREATE TABLE `personas_ctta` (
  `id` int(11) NOT NULL AUTO_INCREMENT,
  `IdCtta` int(11) DEFAULT NULL,
  `NomCtta` varchar(100) NOT NULL,
  `DirCtta` varchar(100) DEFAULT NULL,
  `RutCtta` varchar(15) DEFAULT NULL,
  PRIMARY KEY (`id`)
) ENGINE=InnoDB AUTO_INCREMENT=605 DEFAULT CHARSET=latin1;
/*!40101 SET character_set_client = @saved_cs_client */;

--
-- Dumping data for table `personas_ctta`
--

LOCK TABLES `personas_ctta` WRITE;
/*!40000 ALTER TABLE `personas_ctta` DISABLE KEYS */;
INSERT INTO `personas_ctta` VALUES (451,1,'POR DEFINIR',NULL,'RUT-AUX-0'),(452,2,'SCL APOQUINDO',NULL,'RUT-AUX-1'),(453,3,'CADAGUA S.A.',NULL,'RUT-AUX-2'),(454,4,'IRON MOUNTAIN',NULL,'RUT-AUX-3'),(455,5,'SERVICIOS DE ASEO PAULA ARIAS HIDALGO EIRL','Vicuña Mackenna Nº7441, Comuna de Renca, Santiago','76.126.865-2'),(456,6,'SODEXO CHILE S.A.',NULL,'94.623.000-6'),(457,7,'CECILIA TORO GOMEZ',NULL,'12.161.279-8'),(458,8,'PROPIEDAD MINERA Y SERVICIOS DE INGENIERIA LIMITADA',NULL,'76.278.832-2'),(459,9,'SERVICIOS Y PROYECTOS AMBIENTALES S.A.',NULL,'96.799.790-0'),(460,10,'RODRIGO SALAZAR',NULL,'8.775.251-8'),(461,11,'AMARO Y PINOCHET CONSULTORES E.I.R.L.',NULL,'76103137-6'),(462,12,'CONSULTORIAS CLAUDIO JORDAN ASTABURUAGA E.I.R.L., ',NULL,'76.022.201-1'),(463,13,'MICHAEL LEYTON B.',NULL,'10.945.422-2'),(464,14,'CESMEC S.A.',NULL,'81.185.000-4'),(465,15,'JC SEGURIDAD S.A.',NULL,'76.285.062-1'),(466,16,'CARLOS SEBASTIAN OPAZO E.I.R.L.',NULL,'76.140.498-9'),(467,17,'IT GLOBAL SERVICES SPA',NULL,'76.089.391-9'),(468,18,'CIBERSECURITY LTDA',NULL,'76.357.687-6'),(469,19,'MARIA LORETO ALTMANN DIAZ',NULL,'9.518.818-4'),(470,20,'CARLOS LAGOS',NULL,'12.237.094-1'),(471,21,'TITO SALAZAR MUJICA INGENIERIA LTDA.',NULL,'76.012.484-2'),(472,22,'CAROLINA UBILLA OLIVARES',NULL,'17.407.218-3'),(473,23,'AQUILES CHILE SPA',NULL,'76.110.170-6'),(474,24,'GEODESARROLLO LIMITADA',NULL,'76.217.393-K'),(475,25,'GRIFFITH DRILLING',NULL,'RUT-AUX-4'),(476,26,'KNIGHT PIESOLD S.A.',NULL,'96.680.350-9'),(477,27,'CARIOLA DIEZ PEREZ-COTAPO LTDA.',NULL,'79.589.710-0'),(478,28,'JORGE ALMENDARES GODOY (JAG)',NULL,'7.887.748-0'),(479,29,'HECTOR CABELLO Q.',NULL,'7.257.649-7'),(480,30,'CREA SOLUCIONES INTEGRALES LTDA',NULL,'78.840.880-3'),(481,31,'EGM SERVICIOS GEOLOGICOS MINEROS LTDA.',NULL,'79,829,800-3'),(482,32,'JORGE SEPULVEDA NIEVES (AZABACHE)',NULL,'76,240,922-4'),(483,33,'MINERIA Y MEDIO AMBIENTE LTDA',NULL,'76597810-6'),(484,34,'CEDREM',NULL,'77.250.980-4'),(485,35,'ON COMMON GROUND CONSULTANTS INC.',NULL,'RUT-AUX-5'),(486,36,'SOLEDAD FARR',NULL,'15.042.150-0 '),(487,37,'OROENERGY',NULL,'76.051.669-4'),(488,38,'SECURITAS S.A',NULL,'99.512.120-4'),(489,39,'AERORESCATE S.A.',NULL,'99.543.620-5'),(490,40,'MILENA CYD ALVAREZ ',NULL,'6.484.536-5'),(491,41,'ORDENES ABARCA',NULL,'76.244.633-2'),(492,42,'SOC. DE INVERSIONES LAS VEGAS',NULL,'79,578,880-8'),(493,43,'BRASS CHILE S.A',NULL,'77.611.600-9'),(494,44,'FUNDACION CASA DE LA PAZ',NULL,'72.168.100-9'),(495,45,'HORACIO BRUNA',NULL,'5.710.159-8'),(496,46,'MARIA AUDE RIVERA',NULL,'10.063.055-9'),(497,47,'COMERCIAL NUTRISER LTDA.',NULL,'76.659.170-1 '),(498,48,'TRULY NOLEN CHILE S.A',NULL,'96.591.760-8'),(499,49,'REPLAN',NULL,'RUT-AUX-6'),(500,50,'ALEJANDRO SOTO',NULL,'17,265,262-K'),(501,51,'PHOTOSAT',NULL,'RUT-AUX-7'),(502,52,'RADIO TAXIS \"EL LIBERTADOR\"',NULL,'16.505.544-6'),(503,53,'SOCIEDAD HOTELERA SAINT JOHN LTDA.',NULL,'76.350.936-2'),(504,54,'ENFOQUE DIGITAL NETWORK LTDA.',NULL,'76.393.251-6'),(505,55,'RADIO AMIGA',NULL,'76.131.565-K'),(506,56,'EMPRESA CONSTRUCTORA VALLE VERDE LTDA.',NULL,'RUT-AUX-8'),(507,57,'CONSUELO PINTO',NULL,'15.382.114-3'),(508,58,'TERRA NOVA TECHNOLOGIES (TNT)',NULL,'RUT-AUX-9'),(509,59,'WOODGROVE TECHNOLOGIES INC.',NULL,'RUT-AUX-10'),(510,60,'COMET STRATEGY PTY LTD',NULL,'RUT-AUX-12'),(511,61,'ASESORIAS ALGORITMOS LTDA',NULL,'RUT-AUX-15'),(512,62,'GHD',NULL,'RUT-AUX-16'),(513,63,'INSTITUTO DE INVESTIGACIONES AGROPECUARIAS',NULL,'RUT-AUX-17'),(514,64,'SGS CANADA INC',NULL,'RUT-AUX-18'),(515,65,'ANALISIS AMBIENTALES S.A',NULL,'RUT-AUX-19'),(516,66,'CLEMENTE MARTINEZ',NULL,'RUT-AUX-20'),(517,67,'TURISMO AVENTURA ALMA LTDA.',NULL,'RUT-AUX-21'),(518,68,'COMPAÑIA DE PETROLEOS DE CHILE COPEC S.A.',NULL,'RUT-AUX-22'),(519,69,'ENTEL',NULL,'RUT-AUX-23'),(520,70,'AGUAS CHAÑAR S.A',NULL,'RUT-AUX-24'),(521,71,'CARLOS VERGARA LEYTON',NULL,'RUT-AUX-25'),(522,72,'JAIME ITURRIAGA',NULL,'RUT-AUX-26'),(523,73,'SERVITERRA',NULL,'RUT-AUX-27'),(524,74,'FERNNADO SOLAR',NULL,'RUT-AUX-30'),(525,75,'RUNGE PINCOCK MINARCO',NULL,'RUT-AUX-31'),(526,76,'PATRICIA DE LA LUZ',NULL,'RUT-AUX-32'),(527,77,'VALENTE IMPRESIONES',NULL,'RUT-AUX-33'),(528,78,'TRANSPORTE CARVAJAL',NULL,'RUT-AUX-35'),(529,79,'PETRINOVIC',NULL,'RUT-AUX-36'),(530,80,'MANGA VIENTO',NULL,'RUT-AUX-38'),(531,81,'SERVICIOS ADMINISTRATIVOS LTDA (WORKMATE)',NULL,'RUT-AUX-39'),(532,82,'ECO COPTER',NULL,'RUT-AUX-40'),(533,83,'WEEKMARK',NULL,'RUT-AUX-41'),(534,84,'LIZAMA',NULL,'RUT-AUX-42'),(535,85,'PATRICIO LEYTON',NULL,'RUT-AUX-44'),(536,86,'ASP',NULL,'RUT-AUX-46'),(537,87,'BIOSEPTIC',NULL,'76.126.367-6'),(538,88,'MIVOZ',NULL,'RUT-AUX-50'),(539,89,'ASESORIA COMUNICACIONAL',NULL,'RUT-AUX-51'),(540,90,'AB MARKET',NULL,'RUT-AUX-52'),(541,91,'ELIZABETH DEL CARMEN',NULL,'RUT-AUX-53'),(542,92,'PROMET 101',NULL,'RUT-AUX-54'),(543,93,'INFORCARP',NULL,'RUT-AUX-55'),(544,94,'MUTUAL',NULL,'RUT-AUX-56'),(545,95,'VGC',NULL,'RUT-AUX-58'),(546,96,'(EN LICITACION)',NULL,'RUT-AUX-64'),(547,97,'FLUOR CHILE',NULL,'RUT-AUX-65'),(548,98,'GOLDER ASSOCIATES S.A',NULL,'RUT-AUX-66'),(549,99,'AMIPRO',NULL,'RUT-AUX-84'),(550,100,'ANA MARIA MUÑOZ PAEZ',NULL,'RUT-AUX-69'),(551,101,'BENIGNO MORALES ARRIENDO',NULL,'RUT-AUX-89'),(552,102,'BOLETIN DEL TRABAJO',NULL,'RUT-AUX-79'),(553,103,'COLEGIO PROFESORES DE CHILE',NULL,'RUT-AUX-74'),(554,104,'CONVEYOR DYNAMICS, INC. ( CDI )',NULL,'RUT-AUX-86'),(555,105,'CRISTOBAL CORREA MONTALVA',NULL,'12.628.245-1'),(556,106,'DOPPELMAYR',NULL,'RUT-AUX-81'),(557,107,'EY',NULL,'RUT-AUX-73'),(558,108,'FRANKO URQUETA T',NULL,'RUT-AUX-75'),(559,109,'GRAFICA NUEVA',NULL,'RUT-AUX-71'),(560,110,'INGRID CORTES PAEZ',NULL,'RUT-AUX-68'),(561,111,'JAVIER AGUILAR ARANGUIZ ARRIENDO',NULL,'RUT-AUX-91'),(562,112,'JUAN LUIS ARANGUIZ ARRIENDO',NULL,'RUT-AUX-90'),(563,113,'LUIS CASTILLO ARRIENDO',NULL,'RUT-AUX-88'),(564,114,'LUIS CORTES ARRIENDO',NULL,'RUT-AUX-87'),(565,115,'LUIS GONZALO R',NULL,'RUT-AUX-70'),(566,116,'MARIO BRUNA',NULL,'RUT-AUX-77'),(567,117,'METSO',NULL,'RUT-AUX-83'),(568,118,'NUTRISER',NULL,'RUT-AUX-78'),(569,119,'SURMEDIA',NULL,'RUT-AUX-72'),(570,120,'WORKMATE',NULL,'RUT-AUX-80'),(571,121,'ZETAECO',NULL,'RUT-AUX-67'),(572,122,'AZABACHE',NULL,'76,240,922-4'),(573,123,'ON COMMON GROUND CONSULTANTS INC',NULL,'RUT-AUX-5'),(574,124,'JOSE LUIS MEZA',NULL,'RUT-AUX-67'),(575,125,'POR DEFINIR',NULL,'RUT-AUX-68'),(576,126,'FLUOR CANADA',NULL,'RUT-AUX-69'),(577,127,'GOLDCORP SERVICIOS',NULL,'99.589.930-2'),(578,128,'TECK RESOURCES CHILE LTDA',NULL,'78.127.000-8'),(579,129,'VALENZUELA Y ORDENES LIMITADA,( ORIGENES CONSUTL)',NULL,'76.244.633-2'),(580,130,'CASA DE LA PAZ',NULL,'72.168.100-9'),(581,131,'RADIO TAXI LIBERTADOR',NULL,'16.505.544-6'),(582,132,'HOTEL SOLARIS',NULL,'76.350.936-2'),(583,133,'VALLE VERDE CONSTRUCTORA',NULL,'RUT-AUX-8'),(584,134,'COMET STRATEGY',NULL,'RUT-AUX-12'),(585,135,'ESPINOZA HERMANOS LTDA',NULL,'76.126.367-6'),(586,136,'BLUECOAST',NULL,'RUT-AUX-92'),(587,137,'POR DEFINIR',NULL,'RUT-AUX-93'),(588,138,'AMEC FOSTER',NULL,'RUT-AUX-94'),(589,139,'INTERPRETES ASOCIADOS','LOS LEONES 220 OFICINA 303, PROVIDENCIA, SANTIAGO','79.597.770-8'),(590,140,'BS CONSULTORES LIMITADA','CRUZ DEL SUR 399, DPTO. 303','76.235.340-7'),(591,141,'FABIAN KACKSIC Y CIA','MAR DEL NORTE 2341, VITACURA, SANTIAGO','78.987.290-2'),(592,142,'RENTAS E INVERSIONES ECOTECNOS','CALLE LIMACHE 3405, OF. 31, VIÑA DEL MAR','77.269.460-1'),(593,143,'SIGA INGENIERIA Y CONSULTORIA','AV. DIEGO DE ALMAGRO 5210, ÑUÑOA , SANTIAGO','78.929.230-2'),(594,144,'MEC CONSULTORES IRL','DR. JOHOW 987 D 1202,ÑUÑOA, SANTIAGO','76.189.368-8'),(595,145,'ROSA ESCOBAR','CAMBERRA 517,LA REINA, SANTIAGO','8.118.838-6'),(596,146,'SERGIO DIAZ GEOLOGIA E HIDROGEOLOGÍA',' AV. CRISTOBAL COLÓN 3366, OF. 1812, LAS CONDES, SANTIAGO','76.160.498-8'),(597,147,'FINNING CHILE S.A.','RUTA 5 NORTE 851, COQUIMBO, COQUIMBO','91.489.000-4'),(598,148,'INVESTIGACIONES MINERAS Y GEOLÓGICAS LIMITADA','GUARDIA VIEJA N°255, OFICINA N°1605. PROVIDENCIA. SANTIAGO','78.110.220-2'),(599,149,'CRISTIAN ROJAS',NULL,'RUT-AUX-25'),(600,150,'JUAN CARLOS OBRADOR',NULL,'RUT-AUX-26'),(601,152,'SMC ARQUITECTOS','Pedro Torres #94, Ñuñoa, Santiago','77728040-6'),(602,151,'HOTEL PLAZA EL BOSQUE','',''),(603,153,'ELECTRODHARMA ENERGY CONSULTING SPA','BOMBERO OSSA 1010 OF 1108','76.389.903-9'),(604,154,'INSTITUTO PORTALES','','');
/*!40000 ALTER TABLE `personas_ctta` ENABLE KEYS */;
UNLOCK TABLES;

--
-- Table structure for table `personas_ctto`
--

DROP TABLE IF EXISTS `personas_ctto`;
/*!40101 SET @saved_cs_client     = @@character_set_client */;
/*!40101 SET character_set_client = utf8 */;
CREATE TABLE `personas_ctto` (
  `id` int(11) NOT NULL AUTO_INCREMENT,
  `IdCtto` int(11) DEFAULT NULL,
  `NumCtto` varchar(20) DEFAULT NULL,
  `DescCtto` varchar(100) DEFAULT NULL,
  `MonedaCtto` varchar(5) DEFAULT NULL,
  `ValorCtto` decimal(21,2) DEFAULT NULL,
  `EstCtto` varchar(4) DEFAULT NULL,
  `FechIniCtto` date NOT NULL,
  `FechTerCtto` date NOT NULL,
  `CordCtto` varchar(100) DEFAULT NULL,
  `Carpeta` varchar(30) DEFAULT NULL,
  `TipoServ` varchar(25) DEFAULT NULL,
  `AjusteCom` decimal(21,2) DEFAULT NULL,
  `AjustNumEDP` varchar(10) DEFAULT NULL,
  `AjustValEDP` decimal(21,2) DEFAULT NULL,
  `AdjudicCtto` varchar(15) DEFAULT NULL,
  `LocalCtto` varchar(10) DEFAULT NULL,
  `TerrenCtto` varchar(10) DEFAULT NULL,
  `SeguroCtto` varchar(10) DEFAULT NULL,
  `IdCecoCtto_id` int(11) NOT NULL,
  `IdCtta_id` int(11) NOT NULL,
  `IdMandante_id` int(11) NOT NULL,
  `FechAppCtto` date,
  `FechSolCtto` date,
  `ObservCtto` varchar(100),
  PRIMARY KEY (`id`),
  KEY `personas_ctto_IdCecoCtto_id_ec6e0647_fk_personas_ceco_id` (`IdCecoCtto_id`),
  KEY `personas_ctto_IdCtta_id_e95acd1f_fk_personas_ctta_id` (`IdCtta_id`),
  KEY `personas_ctto_7e9115d4` (`IdMandante_id`),
  CONSTRAINT `personas_ctto_IdCecoCtto_id_ec6e0647_fk_personas_ceco_id` FOREIGN KEY (`IdCecoCtto_id`) REFERENCES `personas_ceco` (`id`),
  CONSTRAINT `personas_ctto_IdCtta_id_e95acd1f_fk_personas_ctta_id` FOREIGN KEY (`IdCtta_id`) REFERENCES `personas_ctta` (`id`),
  CONSTRAINT `personas_ctto_IdMandante_id_8bfeef1c_fk_personas_mdte_id` FOREIGN KEY (`IdMandante_id`) REFERENCES `personas_mdte` (`id`)
) ENGINE=InnoDB AUTO_INCREMENT=601 DEFAULT CHARSET=latin1;
/*!40101 SET character_set_client = @saved_cs_client */;

--
-- Dumping data for table `personas_ctto`
--

LOCK TABLES `personas_ctto` WRITE;
/*!40000 ALTER TABLE `personas_ctto` DISABLE KEYS */;
INSERT INTO `personas_ctto` VALUES (448,1,'SC-104','SERVICIO DE CUSTODIA DE DOCUMENTOS','UF',72.00,'10','2012-11-21','2018-11-20','0','No','Contrato',0.00,'1',0.00,'Directa','Externo','No','N',161,454,18,NULL,NULL,'VER EDP'),(449,2,'SC-184','SERVICIO DE ASEO OFICINAS','CLP$',42677032.00,'12','2014-07-01','2016-03-31','0','SC-184 Paula Arias Aseo','Contrato',62354958.33,'1',59461327.00,'Directa','Externo','No','A',161,455,17,NULL,NULL,NULL),(450,3,'SC-207','SERVICIO DE MANTENIMIENTO CAMPAMENTOS Y ASEO DE OFICINAS','CLP$',171909000.00,'10','2014-10-01','2016-12-31','0','SC207 Sodexo','Contrato',269824927.00,'1',257880862.00,'Directa','Externo','Si','A',170,456,18,NULL,NULL,''),(451,4,'SC-214','SERVICIO DE CONSULTORIA PROFESIONAL TRAMITACION PROPIEDAD MINERA','CLP$',9996200.00,'10','2015-01-01','2016-12-31','0','SC214 C.Toro','Contrato',3365400.00,'1',3192000.00,'Directa','Externo','Si','N',184,457,18,NULL,NULL,''),(452,5,'SC-215','VIGILANCIA Y RESGUARDO DE PROPIEDAD MINERA DEL PROYECTO EL MORRO','UF',384.00,'10','2015-01-01','2016-12-31','0','SC215 Prop Minera','Contrato',384.00,'1',352.00,'Directa','Externo','No','N',184,458,18,NULL,NULL,''),(453,6,'SC-216','SERVICIO DE MONITOREO DE CALIDAD DEL AIRE Y PARAMETROS METEOROLOGICOS','UF',2534.00,'10','2015-01-01','2016-08-31','0','SC216 SERPRAM','Contrato',1880.00,'1',1863.15,'Directa','Externo','Si','A',204,459,18,NULL,NULL,''),(454,7,'SC-220','SERVICIO DE CONSULTORIA EN TEMAS COMUNITARIOS','CLP$',70908000.00,'10','2015-01-01','2016-12-31','0','SC220 C. Jordán','Contrato',70908000.00,'1',64999000.00,'Directa','Externo','Si','A',199,462,18,NULL,NULL,''),(455,8,'SC-222','SERVICIO DE LABORATORIO','CLP$',47801628.00,'10','2015-04-01','2016-08-31','0','SC222 Cesmec','Contrato',10272353.00,'1',8364545.00,'Directa','Externo','No','N',204,464,18,NULL,NULL,''),(456,9,'SC-224','SERVICIO DE CLIPPING Y BOLETIN INTERNO','CLP$',23400000.00,'10','2015-01-01','2016-12-31','0','SC224 Carlos Opazo','Contrato',17100000.00,'1',16200000.00,'Directa','Externo','No','N',195,466,18,NULL,NULL,''),(457,10,'SC-228','SERVICIO DE MANTENCION Y REPARACION  DE IMPRESORAS','CLP$',33600000.00,'13','2015-01-01','2015-12-31','0','SC228 Carlos Lagos','Contrato',38127787.25,'1',38127787.00,'Directa','Externo','No','A',164,470,18,NULL,NULL,NULL),(458,11,'SC-232','SERVICIO DE REGISTRO DE PROVEEDORES “REGIC””','UF',0.00,'11','2015-11-01','2015-11-01','0','Nula','Nula',0.00,'1',0.00,'Directa','Externo','No','N',157,473,17,NULL,NULL,NULL),(459,12,'SC-233','SERVICIO DE ASESORIA JURIDICA','UF',3215.00,'10','2015-03-01','2016-12-31','0','SC233 Geodesarrollo','Contrato',2523.00,'1',2522.79,'Directa','Externo','Si','N',185,474,17,NULL,NULL,''),(460,13,'SC-235','SERVICIO DE ESTUDIO DE IMPACTO AMBIENTAL (EIA)','UF',144261.00,'10','2016-04-25','2018-02-28','0','SC235 EIA','Contrato',0.00,'1',0.00,'Licitación','Externo','Si','N',203,476,18,NULL,NULL,''),(461,14,'SC-237','MONITOREO DE AGUAS SUPERFICIALES Y SUBTERRANEAS','CLP$',30037956.00,'10','2015-07-01','2016-08-31','0','SC237 JAC','Contrato',30037956.00,'1',25031630.00,'Directa','Externo','Si','A',205,478,18,NULL,NULL,''),(462,15,'SC-241','SERVICIO DE MONITOREO DE SERVIDORES Y SOPORTE DE RED','UF',560.00,'11','2015-09-01','2015-12-31','0','SC241 Cibersecuity','Contrato',1038.00,'1',950.00,'Directa','Externo','Si','A',164,468,17,NULL,NULL,NULL),(463,16,'SC-242','SERVICIO MANTENCION OFICINA  PISO 7','UF',200.00,'10','2015-09-24','2016-12-31','0','SC242 Crea','Contrato',42.30,'1',30.51,'Directa','Externo','No','A',161,480,18,NULL,NULL,''),(464,17,'SC-244','ACTIVIDADES CULTURALES 2015-2016','CLP$',30000000.00,'12','2015-11-20','2016-01-31','0','SC244 Azabache','Contrato',0.00,'1',0.00,'Directa','Externo','Si','N',198,572,17,NULL,NULL,NULL),(465,18,'SC-245','ELABORACION BASES TECNICAS EIA','UF',728.40,'12','2015-11-10','2016-04-15','0','SC245 Myma','Contrato',0.00,'1',0.00,'Directa','Externo','No','N',203,483,17,NULL,NULL,NULL),(466,19,'SC-247','PLAN DE CORRECCION FORMACIONES XEROFITICAS','UF',327.00,'12','2015-11-19','2016-01-31','0','SC247 Cedrem','Contrato',0.00,'1',0.00,'Directa','Externo','Si','A',203,484,18,NULL,NULL,NULL),(467,20,'SC-248','ING. CONCEPTUAL  TRANSPORTE CONCENTRADO COBRE/AGUA DESALADA','UF',7912.00,'12','2016-01-11','2016-08-31','0','SC248_16-002-Brass','Contrato',0.00,'1',0.00,'Licitación','Externo','Si','N',173,493,18,NULL,NULL,NULL),(468,21,'SC-249','DESARROLLO ESTRATEGIA PARA LOS DERECHOS HUMANOS P. CORREDOR','USD',68400.00,'10','2016-01-01','2016-06-30','0','SC249 On Common Ground','Contrato',0.00,'1',0.00,'Directa','Externo','No','N',198,573,18,NULL,NULL,''),(469,22,'SC-250','ASESORAMIENTO COMUNICACIONAL HUASCOALTINOS','UF',1907.42,'13','2015-11-01','2016-12-31','0','SC250 Soledad Farr','Contrato',0.00,'1',0.00,'Directa','Externo','Si','N',195,486,17,NULL,NULL,NULL),(470,23,'SC-252','SERV. MANTENCION Y REPARACION  DE IMPRESORAS','CLP$',19800000.00,'10','2016-01-01','2016-12-31','0','SC252 Carlos Lagos','Contrato',0.00,'1',0.00,'Directa','Externo','Si','A',164,470,18,NULL,NULL,''),(471,24,'SC-253','SERVICIO DE SOPORTE PARA RED DE GOLDCORP CHILE','CLP$',85992000.00,'10','2016-01-01','2016-12-31','0','SC253 Cibersecurity','Contrato',0.00,'1',0.00,'Directa','Externo','Si','A',164,468,18,NULL,NULL,''),(472,25,'SC-256','SERVICIO SONDAJE LOS QUIJOS','CLP$',352707427.00,'10','2016-07-25','2016-08-29','0','SC256 Griffith Drilling','Contrato',0.00,'1',0.00,'Licitación','Externo','Si','A',207,475,18,NULL,NULL,''),(473,26,'SC-257','CORDINADOR INGENIERIA PARA EIA','CLP$',145710253.70,'10','2016-03-07','2016-12-31','0','SC257 Fluor Chile','Contrato',0.00,'1',0.00,'Directa','Externo','No','N',175,547,18,NULL,NULL,''),(474,27,'SC-258','PROYECTO DE BIODIVERSIDAD AGRICOLA 2016','CLP$',54900000.00,'10','2016-04-01','2016-12-31','0','SC258 Ordenes A','Contrato',0.00,'1',0.00,'Directa','Externo','Si','A',198,491,18,NULL,NULL,''),(475,28,'SC-259','ESTRATEGIA DE REASENTAMIENTO PROYECTO CORREDOR','USD',114460.00,'10','2016-04-23','2016-09-30','0','SC259 Replan','Contrato',0.00,'1',0.00,'Directa','Externo','Si','A',199,499,18,NULL,NULL,''),(476,29,'SC-260','ELABORACION DE DECLARACION DE IMPACTO AMBIENTAL PROSPECCION LA FORTUNA','UF',2702.00,'10','2016-05-02','2017-02-28','0','SC260 Knight Piesold','Contrato',0.00,'1',0.00,'Directa','Externo','Si','A',185,476,18,NULL,NULL,NULL),(477,30,'SC-261','SERVICIO DE ASEO OFICINAS','CLP$',18900000.00,'10','2016-03-01','2016-12-31','0','SC261 Paula Arias','Contrato',0.00,'1',0.00,'Directa','Externo','No','A',161,455,18,NULL,NULL,''),(478,31,'SC-262','SERVICIOS PROFESIONALES DE APOYO A AREA SERVICIO PROYECTO CORREDOR','CLP$',2777778.00,'11','2016-05-01','2016-07-31','0','SC262 Alejandro S','Contrato',0.00,'1',0.00,'Directa','Externo','Si','N',161,500,18,NULL,NULL,NULL),(479,32,'SC-263','SUPERVICION CAMPANA DE SONDAJE SECTOR LOS QUIJOS','UF',6839.10,'10','2016-06-20','2016-09-15','0','SC263 Golder','Contrato',0.00,'1',0.00,'Directa','Externo','Si','A',207,548,18,NULL,NULL,NULL),(480,33,'SC-264','DESARROLLO DOCUMENTACION HSEC','CLP$',12555556.00,'10','2016-07-26','2016-09-30','0','SC264 Doc HSEC','Contrato',0.00,'1',0.00,'Licitación','Externo','No','N',208,574,18,NULL,NULL,''),(481,34,'SC-265','PAS BOSQUES Y FORMACION XEROFITICA','UF',0.00,'4','2016-08-08','2017-08-08','0','No','Contrato',0.00,'1',0.00,'Licitación','Externo','Si','A',203,451,18,NULL,NULL,NULL),(482,35,'SC-266','EARLY WORKS','CAD',825203.00,'10','2016-07-01','2016-09-30','0','SC266 Fluor Early Work','Contrato',0.00,'1',0.00,'Directa','Externo','No','N',175,576,18,NULL,NULL,''),(483,36,'SC-267','CONTRATO ASESORIA TECNICA Y OTROS','USD',273600.00,'10','2016-01-01','2017-12-31','0','SC267 Inter GS','Contrato',0.00,'1',0.00,'Directa','Externo','No','N',167,577,18,NULL,NULL,''),(484,37,'SC-268','CONTRATO ASESORIA TECNICA Y OTROS','USD',286080.00,'10','2016-01-01','2017-12-31','0','SC268 Inter TR','Contrato',0.00,'1',0.00,'Directa','Externo','No','N',167,578,18,NULL,NULL,''),(485,38,'SC-269','CONTRAPARTE TÉCNICA EIA - CLIMA Y METEOROLOGÍA','UF',250.00,'3','2016-08-01','2018-06-30','0','No','Contrato',0.00,'1',0.00,'Directa','Externo','No','N',203,590,18,NULL,NULL,NULL),(486,39,'SC-270','CONTRAPARTE TÉCNICA EIA - ECOSISTEMAS TERRESTRES','UF',350.00,'3','2016-08-01','2018-06-30','0','No','Contrato',0.00,'1',0.00,'Directa','Externo','No','N',203,591,18,NULL,NULL,NULL),(487,40,'SC-271','CONTRAPARTE TÉCNICA EIA - MEDIO MARINO','UF',56.00,'3','2016-08-01','2018-06-30','0','No','Contrato',0.00,'1',0.00,'Directa','Externo','No','N',203,592,18,NULL,NULL,NULL),(488,41,'SC-272','CONTRAPARTE TÉCNICA EIA - HIDROLOGÍA','UF',192.50,'3','2016-08-01','2018-06-30','0','No','Contrato',0.00,'1',0.00,'Directa','Externo','No','N',203,593,18,NULL,NULL,NULL),(489,42,'SC-273','CONTRAPARTE TÉCNICA EIA - PAISAJE','UF',70.00,'3','2016-08-01','2018-06-30','0','No','Contrato',0.00,'1',0.00,'Directa','Externo','No','N',203,594,18,NULL,NULL,NULL),(490,43,'SC-274','CONTRAPARTE TÉCNICA EIA - MEDIO HUMANO','UF',300.00,'3','2016-08-01','2018-06-30','0','No','Contrato',0.00,'1',0.00,'Directa','Externo','No','N',203,595,18,NULL,NULL,NULL),(491,44,'SC-275','CONTRAPARTE TÉCNICA EIA  - GEOLOGÍA','UF',250.00,'3','2016-08-01','2018-06-30','0','No','Contrato',0.00,'1',0.00,'Directa','Externo','No','N',203,596,18,NULL,NULL,NULL),(492,45,'SC-276','SERVICIO DE MENSAJERÍA Y ADMINISTRATIVO','CLP$',0.00,'2','2016-09-01','2016-12-31','0','No','Contrato',0.00,'1',0.00,'Directa','Externo','No','N',161,599,18,NULL,NULL,NULL),(493,46,'SC-277','CULTURA ORGANIZACIONAL','UF',3664.00,'10','2016-08-08','2016-10-31','0','No','Contrato',0.00,'1',0.00,'Directa','Externo','No','A',166,600,18,NULL,NULL,''),(494,200,'C-010','RED METEROLOGICA PROYECTO RELINCHO','UF',0.00,'13','2015-11-01','2015-11-01','0','No','Contrato',0.00,'1',0.00,'Directa','Externo','Si','A',204,511,18,NULL,NULL,NULL),(495,201,'OS-2010-010','ARRIENDO DE CAMIONETAS','UF',2975.00,'11','2010-07-01','2015-12-31','0','OS-010 West','Orden de Servicio',13791.78,'10',13771.30,'Directa','Externo','Si','N',169,492,18,NULL,NULL,NULL),(496,202,'OS-2011-057','RESCATE MEDICO DE URGENCIA','USD',91200.00,'10','2011-07-22','2016-02-29','0','S-057 Aerorescate','Orden de Servicio',198740.00,'50',198740.00,'Directa','','Si','A',169,489,18,NULL,NULL,''),(497,203,'OS-2012-065','SERVICIO DE SEGURIDAD INDUSTRIAL','CLP$',180003154.00,'13','2012-05-07','2015-12-31','0','S-065 Securitas','Orden de Servicio',366218557.00,'40',365551891.00,'Directa','Externo','Si','A',170,488,18,NULL,NULL,NULL),(498,204,'OS-2013-078','ASESORIA AMBIENTAL ESPECIALIZADA-MODIFICACION DE MUESTRERA','UF',952.60,'12','2013-01-01','2016-08-31','0','OS-078 GHD','Orden de Servicio',1223.04,'1',621.00,'Directa','Externo','Si','A',203,512,18,NULL,NULL,NULL),(499,205,'OS-2013-125','ASESORIA ESPECIALIZADA  CIENTIFICO-TECNOLOGICA  (CONSERVACION SEMILLA)','CLP$',0.00,'16','2015-11-01','2015-11-01','0','No','Orden de Servicio',0.00,'1',0.00,'Directa','Externo','No','N',203,513,18,NULL,NULL,NULL),(500,206,'OS-2013-131','ASEO OFICINA DE VALLENAR','CLP$',14166139.00,'13','2013-04-01','2015-12-31','0','OS-131 Milena Cyd','Orden de Servicio',38158640.00,'19',38158640.00,'Directa','Externo','Si','A',170,490,18,NULL,NULL,NULL),(501,207,'OS-2013-144','RESCATE DE LA DIVERSIDAD AGRICOLA DE  LA  PROVINCIA DEL HUASCO','CLP$',24110000.00,'12','2013-07-01','2015-12-31','0','OS-144 Ordenes','Orden de Servicio',119660000.00,'10',119660000.00,'Directa','Externo','Si','A',198,579,18,NULL,NULL,NULL),(502,208,'OS-2014-168','SERVICIO DE LABORATORIO SGS PRUEBAS GEOQUIMICAS','USD',0.00,'12','2015-11-01','2015-11-01','0','No','Orden de Servicio',0.00,'1',0.00,'Directa','Externo','No','N',203,514,18,NULL,NULL,NULL),(503,209,'OS-2014-170','SERVICIO DE ANALISIS QUIMICOS','CLP$',0.00,'12','2015-11-01','2015-11-01','0','No','Orden de Servicio',0.00,'1',0.00,'Directa','Externo','Si','N',203,515,18,NULL,NULL,NULL),(504,210,'OS-2015-065','ARRIENDO OFICINA VALLENAR','CLP$',4000000.00,'13','2016-12-01','2016-03-31','0','OS-065 Clemente','Orden de Servicio',0.00,'1',0.00,'Directa','Externo','No','N',170,516,18,NULL,NULL,NULL),(505,211,'OS-2015-175','CONSTRUCCION CAMINO SECTOR QUEBRADA LAS GUIAS (4KM)','CLP$',33980000.00,'11','2015-01-01','2015-12-31','0','S-175 Serviterra','Orden de Servicio',32000000.00,'45',28785000.00,'Directa','Externo','Si','A',169,523,18,NULL,NULL,NULL),(506,212,'OS-2015-183','RENOVACION SERVICIO ANUAL SPOT GEN3','CLP$',0.00,'13','2015-11-01','2015-11-01','0','No','Orden de Servicio',0.00,'1',0.00,'Directa','Externo','No','N',169,517,18,NULL,NULL,NULL),(507,213,'OS-2010-023','ABASTECIMIENTO DE PETROLEO - COPEC','CLP$',0.00,'13','2015-11-01','2015-11-01','0','No','Orden de Servicio',0.00,'1',0.00,'Directa','Externo','No','N',169,451,18,NULL,NULL,NULL),(508,214,'OS-2011-036','PREVENCION Y CONTROL INTEGRADO DE PLAGAS','UF',562.00,'10','2010-01-01','2016-12-31','0','OS-036 TrulyNolen','Orden de Servicio',2672.60,'1',2762.70,'Directa','Externo','Si','A',169,498,18,NULL,NULL,''),(509,215,'OS-2011-055','SERVICIO DE TELECOMUNICACIONES','CLP$',0.00,'13','2015-11-01','2015-11-01','0','No','Orden de Servicio',0.00,'1',0.00,'Directa','Externo','No','N',164,519,18,NULL,NULL,NULL),(510,216,'OS-2012-102','SUMINISTRO DE AGUA POTABLE A GRANEL','CLP$',0.00,'13','2015-11-01','2015-11-01','0','No','Orden de Servicio',0.00,'1',0.00,'Directa','Externo','Si','N',169,451,18,NULL,NULL,NULL),(511,217,'OS-2013-111','SUMINISTRO DE AGUA ENVASADA','CLP$',0.00,'15','2015-11-01','2015-11-01','0','No','Orden de Servicio',0.00,'1',0.00,'Directa','Externo','Si','N',169,521,18,NULL,NULL,NULL),(512,218,'CV-2016-001','ASESORIA ESTRATEGICA RELACIONAMIENTO COMUNITARIO','CLP$',76209400.00,'10','2016-01-01','2016-12-31','0','Casa La Paz','Convenio',0.00,'1',0.00,'Directa','Externo','Si','N',199,580,18,NULL,NULL,''),(513,219,'OC (NXXXX)','ESTRATEGIA RECURSO HIDRICO Y ASESORIA AMBIENTAL','UF',180.00,'13','2015-11-01','2015-11-01','0','No','Orden de Compra',0.00,'1',0.00,'Directa','Externo','No','N',203,522,17,NULL,NULL,NULL),(514,220,'OCM2016-02','ARRIENDO OFICINA PISO N7','UF',10692.15,'10','2015-12-01','2017-04-30','0','OCM2016-02 SCL Apoq','Contrato',0.00,'1',0.00,'Directa','Externo','No','N',165,452,18,NULL,NULL,'VER EDP'),(515,221,'OCM2016-03','DESALINATION PLANT','USD',350000.00,'11','2016-01-01','2016-08-25','0','OCM2016-03 Cadagua','Contrato',0.00,'1',0.00,'Directa','Externo','No','N',176,453,17,NULL,NULL,NULL),(516,222,'OCM2016-01','REVISON DE SISTEMA DE CORREAS ENTRE EL MORRO Y RELINCHO','USD',109100.00,'11','2015-12-20','2016-01-16','0','OCM2016-01 Terrenova','Orden de Servicio',0.00,'1',0.00,'Directa','Externo','No','N',175,508,17,NULL,NULL,NULL),(517,223,'OS2016-001','SERVICIO DE TOPOGRAFIA SATELITAL','USD',58650.00,'13','2015-12-20','2016-01-31','0','OS2016-001 PhotoSat','Orden de Servicio',0.00,'1',0.00,'Cotizaciones','Externo','No','N',174,501,18,NULL,NULL,NULL),(518,224,'OS-2016-002','SERVICIO DE TRANSPORTE REFRIGERADO','UF',86.00,'10','2016-01-01','2016-12-31','0','OS16-02 Nutriser','Orden de Servicio',0.00,'1',0.00,'Directa','Externo','Si','A',169,497,18,NULL,NULL,''),(519,225,'OS-2016-003','SERVICIOS 2016 ARRIENDO EQUIPOS MOV TIERRA','CLP$',13490000.00,'10','2016-01-01','2016-12-31','0','OS16-03 Serviterra','Orden de Servicio',0.00,'1',0.00,'Directa','Externo','Si','A',169,523,18,NULL,NULL,''),(520,226,'OS-2016-004','ARRIENDO DE CAMIONETAS 2016','UF',270.90,'10','2016-01-01','2016-05-31','0','OS16-04 West','Orden de Servicio',0.00,'1',0.00,'Directa','Externo','No','N',169,492,18,NULL,NULL,''),(521,227,'OS2016-005','TAXI  ACTIVIDAD FIESTA DE FREIRINA','CLP$',700000.00,'13','2016-02-05','2016-02-16','0','OS2016-005 Taxi Libert','Orden de Servicio',0.00,'1',0.00,'Directa','Externo','No','N',198,581,18,NULL,NULL,NULL),(522,228,'OS2016-006','HOTEL ACTIVIDAD FIESTA DE FREIRINA','CLP$',878151.00,'13','2016-02-05','2016-02-16','0','OS2016-006 hotel Solaris','Orden de Servicio',0.00,'1',0.00,'Directa','Externo','No','N',198,582,18,NULL,NULL,NULL),(523,229,'OS2016-007','STREAMING TV ACTIVIDAD FIESTA DE FREIRINA','CLP$',2016807.00,'13','2016-02-05','2016-02-25','0','OS2016-007 Enfoque Digital','Orden de Servicio',0.00,'1',0.00,'Directa','Externo','No','N',198,504,18,NULL,NULL,NULL),(524,230,'OS2016-008','RADIODIFUCION ACTIVIDAD FIESTA DE FREIRINA','CLP$',855002.00,'13','2016-02-05','2016-02-25','0','OS2016-008 RadioAmiga','Orden de Servicio',0.00,'1',0.00,'Directa','Externo','No','N',198,505,18,NULL,NULL,NULL),(525,231,'OS2016-009','DISENO DE CIRCUITOS DE FLOTACION SFR','USD',10200.00,'10','2016-02-23','2016-03-30','0','OS2016-009 Woodgrove','Orden de Servicio',0.00,'1',0.00,'Directa','Externo','No','N',178,509,18,NULL,NULL,''),(526,232,'OS2016-010','REVISION DE SISTEMA ROPECON PARA CORREA','EUR',90300.00,'10','2016-02-16','2016-03-31','0','OS2016-010 Doppelmayr','Orden de Servicio',0.00,'1',0.00,'Directa','Externo','No','N',175,556,18,NULL,NULL,''),(527,233,'OS2016-011','ACONDICIONAMIENTO EDIFICIO OFICINA CALLE OCHANDIA (EX OF. RELINCHO)','CLP$',3870240.00,'13','2016-01-15','2016-02-15','0','OS2016-011 ValleVerde','Orden de Servicio',0.00,'1',0.00,'Directa','Externo','Si','N',170,583,18,NULL,NULL,NULL),(528,234,'OS2016-012','COMET TECHNICAL SUPPORT (MAR)','USD',2500.00,'13','2016-03-14','2016-03-25','0','OS2016-012 Commet Strategy','Orden de Servicio',0.00,'1',0.00,'Directa','Externo','No','N',191,584,18,NULL,NULL,NULL),(529,235,'OS2016-013','TRADUCCION PLAN DE SEGURIDAD CORREDOR','CLP$',168480.00,'13','2016-03-15','2016-03-21','0','OS2016-013 Consuelo P','Orden de Servicio',0.00,'1',0.00,'Directa','Externo','No','N',161,507,18,NULL,NULL,NULL),(530,236,'OS-2016-014','0','CLP$',0.00,'15','2015-11-01','2015-11-01','0','Nula','Nula',0.00,'1',0.00,'0','Externo','0','N',157,451,16,NULL,NULL,NULL),(531,237,'OS-2016-015','SERVICIO DE PREPARACION INFORME CLACC 02','UF',180.00,'13','2016-04-28','2016-05-06','0','OS2016-015 Fernando Solar','Orden de Servicio',0.00,'1',0.00,'Directa','Externo','Si','N',169,524,18,NULL,NULL,NULL),(532,238,'OS-2016-016','CONSULTORIA HAULAGE ANALYSIS PROYECTO CORREDOR','CAD',2980.00,'12','2016-05-03','2016-05-10','0','OS2016-016 Runge','Orden de Servicio',0.00,'1',0.00,'Directa','Externo','No','N',191,525,18,NULL,NULL,NULL),(533,239,'OS-2016-017','SUMINISTRO DE MOCHILA CON LOGO','CLP$',3437650.00,'11','2015-11-01','2015-11-01','0','No','Orden de Servicio',0.00,'1',0.00,'Directa','Externo','No','N',195,526,18,NULL,NULL,NULL),(534,240,'OS-2016-018','SERVICIO DE PRODUCCION E IMPRESION MATERIAL NUEVA IMAGEN','0',0.00,'15','2015-11-01','2015-11-01','0','Nula','Nula',0.00,'1',0.00,'Directa','Externo','No','N',157,527,16,NULL,NULL,NULL),(535,241,'OS2016-019','TRADUCCIONES 2016','CLP$',2700000.00,'10','2016-05-18','2016-12-31','0','OS2016-019 Consuelo P','Orden de Servicio',0.00,'1',0.00,'Directa','Externo','No','N',161,507,18,NULL,NULL,''),(536,242,'OS2016-020','TRANSPORTE SERGIO MOLINA','CLP$',4280000.00,'13','2015-11-01','2015-11-01','0','Transp Carvajal','Orden de Servicio',0.00,'1',0.00,'Directa','Externo','No','N',161,528,18,NULL,NULL,NULL),(537,243,'OS2016-021','SERVICIO CAPACITACION CURSO4X4 Y EXAMEN PSICOSENSOMETRICO (VALLENAR)','CLP$',2290000.00,'11','2016-05-24','2016-05-24','0','OS2016-021 Petrinovic','Orden de Servicio',0.00,'1',0.00,'Directa','Externo','No','N',166,529,18,NULL,NULL,NULL),(538,244,'OS2016-022','SUMINITRO DE AGUA CAMPAMENTO','CLP$',10260000.00,'10','2016-02-16','2016-12-01','0','Aguas Chanar','Orden de Servicio',0.00,'1',0.00,'Directa','Externo','Si','N',207,451,18,NULL,NULL,'Preg EDP'),(539,245,'OS2016-023','0','0',0.00,'15','2015-11-01','2015-11-01','0','Nula','Nula',0.00,'1',0.00,'Directa','Externo','0','N',157,530,16,NULL,NULL,NULL),(540,246,'OS2016-024','AUDITORIA LABORAL CONTRATOS UN','CLP$',2493752.00,'10','2016-06-06','2016-10-06','0','OS2016-024 Workmate','Orden de Servicio',0.00,'1',0.00,'Directa','Externo','Si','N',207,531,18,NULL,NULL,''),(541,247,'OS2016-025','SERVICIO HELICOPETORO SECTOR LA FORTUNA','USD',25674.00,'13','2015-11-01','2015-11-01','0','No','Orden de Servicio',0.00,'1',0.00,'Directa','Externo','Si','N',208,532,18,NULL,NULL,NULL),(542,248,'OS2016-026','INSCRIPCION DE MARCAS','0',0.00,'3','2015-11-01','2015-11-01','0','No','Orden de Servicio',0.00,'1',0.00,'Directa','Externo','No','N',195,533,18,NULL,NULL,NULL),(543,249,'OS2016-027','ASESORIA LEGAL','0',0.00,'3','2015-11-01','2015-11-01','0','No','Orden de Servicio',0.00,'1',0.00,'Directa','Externo','No','N',185,534,18,NULL,NULL,NULL),(544,250,'OS2016-028','SERVICIO CAPACITACION CURSO4X4 Y EXAMEN PSICOSENSOMETRICO (SANTIAGO)','CLP$',4550000.00,'10','2015-11-01','2015-11-01','0','No','Orden de Servicio',0.00,'1',0.00,'Directa','Externo','No','N',166,529,18,NULL,NULL,NULL),(545,251,'OS2016-029','ASESORIA LEGAL','0',0.00,'3','2015-11-01','2015-11-01','0','No','Orden de Servicio',0.00,'1',0.00,'Directa','Externo','No','N',185,535,18,NULL,NULL,NULL),(546,252,'OS2016-030','0','0',0.00,'15','2015-11-01','2015-11-01','0','Nula','Nula',0.00,'1',0.00,'0','Externo','0','N',157,451,16,NULL,NULL,NULL),(547,253,'OS2016-031','CURSO USO DE EXTINTORES','CLP$',1350000.00,'11','2016-06-10','2016-06-10','0','OS2016-031 ASP','Orden de Servicio',0.00,'1',0.00,'Directa','Externo','No','N',166,536,18,NULL,NULL,NULL),(548,254,'OS2016-032','RETIRO, SUMINISTRO E INSTALACION DE PUERTA PISO 7','CLP$',1551714.00,'12','2016-06-13','2016-06-13','0','No','Orden de Servicio',0.00,'1',0.00,'Directa','Externo','No','N',165,480,18,NULL,NULL,NULL),(549,255,'OS2016-033','PETROLEO DISEL (TARJETA ABASTECIMIENTO) CAMPAMENTO Y SONDAJE','CLP$',10000000.00,'10','2016-05-01','2016-12-31','0','No','Orden de Servicio',0.00,'1',0.00,'Directa','Externo','No','N',169,451,18,NULL,NULL,NULL),(550,256,'OS2016-034','ARRIENDO Y RECAMBIO CONTENEDOR CERRADO DE 10 M3 PARA RESIDUOS','CLP$',1600000.00,'10','2015-11-01','2015-11-01','0','No','Orden de Servicio',0.00,'1',0.00,'Directa','Externo','No','N',207,537,18,NULL,NULL,NULL),(551,257,'OS2016-035','MONITOREO REDES SOCIALES','UF',193.00,'10','2016-06-10','2016-12-31','0','No','Orden de Servicio',0.00,'1',0.00,'Directa','Externo','Si','N',195,538,18,NULL,NULL,'Preg EDP'),(552,258,'OS2016-036','NULA','0',0.00,'15','2015-11-01','2015-11-01','0','No','Orden de Servicio',0.00,'1',0.00,'Directa','Externo','0','N',195,539,18,NULL,NULL,NULL),(553,259,'OS2016-037','DISENO DE MATETIALES COMUNICACION  NUEVAUNION','UF',315.00,'10','2016-06-10','2016-12-31','0','No','Orden de Servicio',0.00,'1',0.00,'Directa','Externo','No','N',195,540,18,NULL,NULL,'Preg EDP'),(554,260,'OS2016-038','CONSULTORIA MEDIO AMBIENTAL','CLP$',24910000.00,'10','2016-06-10','2016-11-30','0','OS2016-038 Elizabeth del C','Orden de Servicio',0.00,'1',0.00,'Directa','Externo','No','N',203,541,18,NULL,NULL,''),(555,261,'OS2016-039','REVISION Y VALIDACION DE RESULTADOS  METALURGICOS PROPUESOS PARA LOS CRITERIOS DE DISENO','USD',67840.00,'10','2016-06-10','2016-08-31','0','OS2016-039 Promet101','Orden de Servicio',0.00,'1',0.00,'Directa','Externo','No','N',189,542,18,NULL,NULL,''),(556,262,'OS2016-040','CURSO DE CPACITACION EN REANIMACION TRAUMA PRE HOSPITALARIO','CLP$',8000000.00,'11','2016-07-18','2016-07-22','0','OS2016-040 Infocarp','Orden de Servicio',0.00,'1',0.00,'Directa','Externo','No','N',198,543,18,NULL,NULL,NULL),(557,263,'OS2016-041','SERVICIO POR SALA DE PROCEDIMIENOS Y AMBULANCIA 4X4','UF',675.00,'10','2016-07-18','2016-09-15','0','No','Orden de Servicio',0.00,'1',0.00,'Directa','Externo','Si','A',207,544,18,NULL,NULL,'Preg EDP'),(558,264,'OS2016-042','ASESORIA LEGAL','0',0.00,'3','2015-11-01','2015-11-01','0','No','Orden de Servicio',0.00,'1',0.00,'Directa','Externo','No','N',185,477,18,NULL,NULL,NULL),(559,265,'OS2016-043','ASESORIA LEGAL','0',0.00,'3','2015-11-01','2015-11-01','0','No','Orden de Servicio',0.00,'1',0.00,'Directa','Externo','No','N',185,545,18,NULL,NULL,NULL),(560,266,'OS2016-044','REGISTRO FOTOGRAFICO AREA INFLUENCIA P NUEVA UNION','CLP$',1360000.00,'10','2016-07-01','2016-07-30','0','No','Orden de Servicio',0.00,'1',0.00,'Directa','Externo','Si','N',195,555,18,NULL,NULL,'Preg EDP'),(561,267,'OS2016-045','SERVICIO ARRIENDO MAQUINARIA PREPARACION PLATAFORMA SONDAJE LOS QUIJOS','CLP$',29686375.00,'10','2016-06-23','2016-08-30','0','No','Orden de Servicio',0.00,'1',0.00,'Directa','Externo','Si','A',207,523,18,NULL,NULL,'Preg EDP'),(562,268,'OS2016-046','RETIRO DE AGUAS SERVIDAS Y CAMARA DE INSPECCION CAMPAMENTO RELINCHO','CLP$',2411524.00,'12','2016-06-21','2016-06-30','0','No','Orden de Servicio',0.00,'1',0.00,'Directa','Externo','Si','A',169,585,18,NULL,NULL,''),(563,269,'OS2016-047','MANTENCION DE REPETIDORES','CLP$',5959154.00,'10','2016-07-07','2016-07-16','0','No','Orden de Servicio',0.00,'1',0.00,'Cotizaciones','Externo','Si','N',207,571,18,NULL,NULL,'Preg EDP'),(564,270,'OS2016-048','PROGRAMA PAUSA ACTIVA','CLP$',1296000.00,'10','2016-07-04','2016-12-31','0','No','Orden de Servicio',0.00,'1',0.00,'Cotizaciones','Externo','Si','N',166,560,18,NULL,NULL,'Preg EDP'),(565,271,'OS2016-049','EVALUACION NUTRICIONAL','CLP$',858000.00,'10','2016-07-04','2016-12-31','0','No','Orden de Servicio',0.00,'1',0.00,'Cotizaciones','Externo','Si','N',166,451,18,NULL,NULL,''),(566,272,'OS2016-050','ENTRENAMIENTO FUNCIONAL','CLP$',1440000.00,'10','2016-07-04','2016-12-31','0','No','Orden de Servicio',0.00,'1',0.00,'Cotizaciones','Externo','Si','N',166,565,18,NULL,NULL,''),(567,273,'OS2016-051','DISENO Y PRODUCCION LOGO Y DUSTED','CLP$',606200.00,'11','2016-07-10','2016-07-15','0','No','Orden de Servicio',0.00,'1',0.00,'Cotizaciones','Externo','No','N',195,559,18,NULL,NULL,NULL),(568,274,'OS2016-052','TALLER DE VOCERIA PARA EJECUTIVOS NUEVAUNION','UF',155.00,'10','2016-07-10','2016-07-30','0','No','Orden de Servicio',0.00,'1',0.00,'Cotizaciones','Externo','No','N',195,569,18,NULL,NULL,'Preg EDP'),(569,275,'OS2016-053','REALIZACION ESTUDIO DE PERSEPCION NUEVAUNION','UF',1253.00,'10','2016-06-30','2016-09-30','0','No','Orden de Servicio',0.00,'1',0.00,'Cotizaciones','Externo','Si','A',195,557,18,NULL,NULL,''),(570,276,'OS2016-054','ARRIENDO  SALON ENTRENAMIENTO FUNCIONAL','CLP$',540000.00,'10','2016-07-21','2016-07-21','0','No','Orden de Servicio',0.00,'1',0.00,'Cotizaciones','Externo','No','N',161,553,18,NULL,NULL,'Preg EDP'),(571,277,'OS2016-055','TALLER DE CAPACITACION ACTUALIDAD INDIGENA','CLP$',700000.00,'11','2016-07-25','2025-07-16','0','No','Orden de Servicio',0.00,'1',0.00,'Directa','Externo','No','N',198,558,18,NULL,NULL,NULL),(572,278,'OS2016-056','AUDITORIA DE EXPEDIENTES DE TRAMITACION MINERA (27 CONCESIONES)','UF',65.00,'11','2016-06-14','2016-07-05','0','No','Orden de Servicio',0.00,'1',0.00,'Directa','Externo','No','N',184,458,18,NULL,NULL,NULL),(573,279,'OS2016-057','SERVICIO ALIMENTACION ASISTENTES SEMINARIO PHART','CLP$',3053145.00,'11','2016-07-17','2016-07-22','0','No','Orden de Servicio',0.00,'1',0.00,'Cotizaciones','Externo','No','N',198,566,18,NULL,NULL,NULL),(574,280,'OS2016-058','SERVICIO ALIMENTACION CAMPANA SONDAJE','CLP$',52604676.00,'10','2016-07-18','2016-09-15','0','No','Orden de Servicio',0.00,'1',0.00,'Cotizaciones','Externo','Si','A',207,568,18,NULL,NULL,'Preg EDP'),(575,281,'OS2016-059','SUSCRIPCION BOLETIN DEL TRABAJO','CLP$',721400.00,'10','2016-07-01','2016-07-16','0','No','Orden de Servicio',0.00,'1',0.00,'Directa','Externo','No','N',161,552,18,NULL,NULL,'Preg EDP'),(576,282,'OS2016-060','0','0',0.00,'15','2016-01-01','2016-01-02','0','Nula','Nula',0.00,'1',0.00,'0','Externo','0','N',157,451,16,NULL,NULL,NULL),(577,283,'OS2016-061','ASESORES DE SEGURIDAD','CLP$',14677895.10,'10','2016-07-20','2016-09-16','0','No','Orden de Servicio',0.00,'1',0.00,'Cotizaciones','Externo','Si','N',207,570,18,NULL,NULL,''),(578,284,'OS2016-062','SOPORTE DE DOPPELMAYR PARA WORKSHOP  MAYO 2016 (VANCOUVER)','EUR',3325.40,'11','2016-05-10','2016-05-12','0','No','Orden de Servicio',0.00,'1',0.00,'Directa','Externo','No','N',175,556,18,NULL,NULL,NULL),(579,285,'OS2016-063','CURSO INGLES','CLP$',8640000.00,'10','2016-08-01','2016-12-31','0','No','Orden de Servicio',0.00,'1',0.00,'Cotizaciones','Externo','No','N',166,451,18,NULL,NULL,'Preg EDP'),(580,286,'OS2016-064','APOYO DE INGENIERIA CIRCUITO DE CONMINUCION','USD',97000.00,'10','2016-07-18','2016-09-30','0','OS2016-064 Metso','Orden de Servicio',0.00,'1',0.00,'Directa','Externo','No','N',189,567,18,NULL,NULL,'Preg EDP'),(581,287,'OS2016-065','REVISION Y ANALISIS DE CIRCUITOS DE MOLIENDA','USD',40000.00,'10','2016-07-18','2016-09-30','0','OS2016-065 Amipro','Orden de Servicio',0.00,'1',0.00,'Directa','Externo','No','N',189,549,18,NULL,NULL,'Preg EDP'),(582,288,'OS2016-066','SOPORTE CONVEYANCE TOS','EUR',26972.00,'10','2016-08-01','2016-09-15','0','OS2016-066 Doppelmayr','Orden de Servicio',0.00,'1',0.00,'Directa','Externo','No','N',175,556,18,NULL,NULL,''),(583,289,'OS2016-067','ESTUDIO CONCEPTUAL DE SISTEMA DE TRANSPORTE DE MINERAL','USD',50000.00,'10','2016-08-01','2016-09-15','0','No','Orden de Servicio',0.00,'1',0.00,'Directa','Externo','No','N',175,554,18,NULL,NULL,NULL),(584,290,'OS2016-068','ARRIENDO DE BODEGA FAEZ 1058, VALLENAR.','UF',290.00,'10','2016-08-01','2016-12-31','0','No','Orden de Servicio',0.00,'1',0.00,'Directa','Externo','No','N',170,564,18,NULL,NULL,NULL),(585,291,'OS2016-069','ARRIENDO DE BODEGA SARGENTO ALDEA 460, VALLENAR.','UF',184.00,'10','2016-08-01','2016-12-31','0','No','Orden de Servicio',0.00,'1',0.00,'Directa','Externo','No','N',170,563,18,NULL,NULL,NULL),(586,292,'OS2016-070','ARRIENDO DE OFICINA Y BODEGA MARANON EN, BRASIL 308, VALLENAR.','CLP$',7366655.00,'10','2016-08-01','2016-12-31','0','No','Orden de Servicio',0.00,'1',0.00,'Directa','Externo','No','N',170,551,18,NULL,NULL,NULL),(587,293,'OS2016-071','ARRIENDO CASA DE HUESPEDES VALLENAR','UF',140.00,'10','2016-08-01','2016-12-31','0','No','Orden de Servicio',0.00,'1',0.00,'Directa','Externo','No','N',170,562,18,NULL,NULL,NULL),(588,294,'OS2016-072','ARRIENDO OFICINA ALTO DEL CARMEN','UF',57.50,'10','2016-08-01','2016-12-31','0','No','Orden de Servicio',0.00,'1',0.00,'Directa','Externo','No','N',170,561,18,NULL,NULL,NULL),(589,295,'OS2016-073','PROJECT NUEVAUNION FLOTATION WORKSHOP SUPPORT','CAD',5800.00,'11','2016-08-16','2016-08-16','0','No','Orden de Servicio',0.00,'1',0.00,'Directa','Externo','No','N',188,586,18,NULL,NULL,NULL),(590,296,'OS2016-074','ARRIENDO LOCAL PARA INDUCCIÓN PERSONAL LINEA BASE KP','CLP$',935000.00,'2','2016-09-13','2016-09-13','0','No','Orden de Servicio',0.00,'1',0.00,'Directa','Externo','No','N',166,602,18,NULL,NULL,NULL),(591,297,'OS2016-075','CAPEX AND OPEX UPDATE OF EL MORRO BC PROJECT','USD',16234.00,'11','2016-08-11','2016-08-26','0','No','Orden de Servicio',0.00,'1',0.00,'Directa','Externo','No','N',191,588,18,NULL,NULL,NULL),(592,298,'OS2016-076','SERVICIO INTERPRETACIÓN SIMULTÁNEA WORKSHOP EIA','CLP$',1360000.00,'11','2016-08-18','2016-08-19','0','No','Orden de Servicio',0.00,'1',0.00,'Directa','Externo','No','N',166,589,18,NULL,NULL,NULL),(593,299,'OS2016-077','PERTINENCIA SONDAJES LA FORTUNA 2018','UF',5750.00,'10','2016-07-15','2016-08-30','0','No','Orden de Servicio',0.00,'1',0.00,'Directa','Externo','No','N',207,476,18,NULL,NULL,NULL),(594,300,'OS2016-078','ARRIENDO CAMIONETAS EL MORRO 2016','UF',995.40,'10','2016-08-16','2016-12-31','0','No','Orden de Servicio',0.00,'1',0.00,'Directa','Externo','No','N',169,492,17,NULL,NULL,NULL),(595,301,'OS2016-079','MANTENCIÓN GENERADOR OLYMPIAN GEP65-11','CLP$',2555102.00,'10','2016-08-23','2016-08-31','0','No','Orden de Servicio',0.00,'1',0.00,'Directa','Externo','No','N',169,597,18,NULL,NULL,NULL),(596,302,'OS2016-080','SERVICIO CORTE TESTIGO SONDAJES LOS QUIJOS','CLP$',1774780.00,'10','2016-08-25','2016-09-10','0','No','Orden de Servicio',0.00,'1',0.00,'Directa','Externo','No','N',207,598,18,NULL,NULL,NULL),(597,47,'SC-278','ASESORIA ESPECIALIZADA PERMISOS CAMPAMENTO EL MORRO','CLP$',10530000.00,'2','2016-09-16','2017-02-15','','No','Contrato',0.00,'1',0.00,'Directa','Externo','Si','N',207,601,17,NULL,NULL,NULL),(598,48,'SC-279','SERVICIO CAMPAMENTO EL PINGO','CLP$',34265000.00,'10','2016-09-16','2016-12-31','','No','Contrato',0.00,'1',0.00,'Directa','Local','Si','A',169,523,18,NULL,NULL,NULL),(599,303,'OS2016-081','SERVICIOS DE INGENIERÍA PARA EL COSTEO DE SOLUCIONES DE TRANSMISIÓN PARA NUEVAUNIÓN','UF',515.00,'10','2016-09-16','2016-10-16','','No','Orden de Servicio',0.00,'1',0.00,'Directa','Externo','No','N',189,603,18,NULL,NULL,''),(600,304,'OS2016-082','PREPARACIÓN PSU LICEO ALTO DEL CARMEN','CLP$',11574998.00,'10','2016-09-12','2016-11-12','','No','Orden de Servicio',0.00,'1',0.00,'Directa','local','No','N',198,604,18,NULL,NULL,'');
/*!40000 ALTER TABLE `personas_ctto` ENABLE KEYS */;
UNLOCK TABLES;

--
-- Table structure for table `personas_edp`
--

DROP TABLE IF EXISTS `personas_edp`;
/*!40101 SET @saved_cs_client     = @@character_set_client */;
/*!40101 SET character_set_client = utf8 */;
CREATE TABLE `personas_edp` (
  `id` int(11) NOT NULL AUTO_INCREMENT,
  `IdEDP` int(11) DEFAULT NULL,
  `NumEDP` varchar(10) NOT NULL,
  `ValEDP` decimal(21,2) NOT NULL,
  `PeriodEDP` date NOT NULL,
  `DevAntEDP` decimal(21,2) DEFAULT NULL,
  `RetEDP` decimal(21,2) DEFAULT NULL,
  `DevRet` decimal(21,2) DEFAULT NULL,
  `Estado` varchar(10) NOT NULL,
  `FactEDP` varchar(30) DEFAULT NULL,
  `IdCtto_id` int(11) NOT NULL,
  `AprobEDP` date,
  `PeriodEDPTer` date,
  `PresenEDP` date,
  `ObservEDP` varchar(100),
  PRIMARY KEY (`id`),
  KEY `personas_edp_IdCtto_id_85238fff_fk_personas_ctto_id` (`IdCtto_id`),
  CONSTRAINT `personas_edp_IdCtto_id_85238fff_fk_personas_ctto_id` FOREIGN KEY (`IdCtto_id`) REFERENCES `personas_ctto` (`id`)
) ENGINE=InnoDB AUTO_INCREMENT=2894 DEFAULT CHARSET=latin1;
/*!40101 SET character_set_client = @saved_cs_client */;

--
-- Dumping data for table `personas_edp`
--

LOCK TABLES `personas_edp` WRITE;
/*!40000 ALTER TABLE `personas_edp` DISABLE KEYS */;
INSERT INTO `personas_edp` VALUES (2529,1,'EDP 01',3728596.00,'2014-07-01',1.00,0.00,0.00,'Pagado','0',449,NULL,NULL,NULL,NULL),(2530,2,'EDP 02',3728596.00,'2014-08-01',0.00,0.00,0.00,'Pagado','0',449,NULL,NULL,NULL,NULL),(2531,3,'EDP 03',3698212.00,'2014-09-01',0.00,0.00,0.00,'Pagado','0',449,NULL,NULL,NULL,NULL),(2532,4,'EDP 04',3579716.00,'2014-10-01',0.00,0.00,0.00,'Pagado','0',449,NULL,NULL,NULL,NULL),(2533,5,'EDP 05',3455140.00,'2014-11-01',0.00,0.00,0.00,'Pagado','0',449,NULL,NULL,NULL,NULL),(2534,6,'EDP 06',3455139.36,'2014-12-01',0.00,0.00,0.00,'Pagado','0',449,NULL,NULL,NULL,NULL),(2535,7,'EDP 07',3455139.36,'2015-01-01',0.00,0.00,0.00,'Pagado','0',449,NULL,NULL,NULL,NULL),(2536,8,'EDP 08',3455139.36,'2015-02-01',0.00,0.00,0.00,'Pagado','0',449,NULL,NULL,NULL,NULL),(2537,9,'EDP 09',3858353.00,'2015-03-01',0.00,0.00,0.00,'Pagado','0',449,NULL,NULL,NULL,NULL),(2538,10,'EDP 10',3455139.00,'2015-04-01',0.00,0.00,0.00,'Pagado','0',449,NULL,NULL,NULL,NULL),(2539,11,'EDP 11',3455139.00,'2015-05-01',0.00,0.00,0.00,'Pagado','0',449,NULL,NULL,NULL,NULL),(2540,12,'EDP 12',5149175.00,'2015-06-01',0.00,0.00,0.00,'Pagado','0',449,NULL,NULL,NULL,NULL),(2541,13,'EDP 13',2464710.96,'2015-07-01',0.00,0.00,0.00,'Pagado','0',449,NULL,NULL,NULL,NULL),(2542,14,'EDP 14',2464710.96,'2015-08-01',0.00,0.00,0.00,'Pagado','0',449,NULL,NULL,NULL,NULL),(2543,15,'EDP 15',6464711.00,'2015-09-01',0.00,0.00,0.00,'Pagado','563',449,NULL,NULL,NULL,NULL),(2544,16,'EDP 16',1796855.00,'2015-10-01',0.00,0.00,0.00,'Pagado','564',449,NULL,NULL,NULL,NULL),(2545,17,'EDP 17',1796855.00,'2015-11-01',0.00,0.00,0.00,'Pagado','582',449,NULL,NULL,NULL,NULL),(2546,18,'EDP 18',1796856.00,'2015-12-01',0.00,0.00,0.00,'Pagado','593',449,NULL,NULL,NULL,NULL),(2547,19,'EDP 19',1796856.00,'2016-01-01',0.00,0.00,0.00,'Pagado','601',449,NULL,NULL,NULL,NULL),(2548,20,'EDP 20',1951854.67,'2016-02-01',0.00,0.00,0.00,'Por pagar','610',449,NULL,NULL,NULL,NULL),(2549,21,'EDP 01',3365000.00,'2014-10-01',0.00,0.00,0.00,'Pagado','0',450,'2014-10-31','2014-10-31','2014-10-25',NULL),(2550,22,'EDP 02',32808900.00,'2014-11-01',0.00,0.00,0.00,'Pagado','0',450,'2014-11-30','2014-11-30','2014-11-25',NULL),(2551,23,'EDP 03',34751700.00,'2014-12-01',0.00,0.00,0.00,'Pagado','0',450,'2014-12-31','2014-12-31','2014-12-25',NULL),(2552,24,'EDP 04',22612500.00,'2015-01-01',0.00,4676905.00,0.00,'Pagado','0',450,'2015-01-31','2015-01-31','2015-01-25',NULL),(2553,25,'EDP 05',28692600.00,'2015-02-01',0.00,1434630.00,0.00,'Pagado','0',450,'2015-02-28','2015-02-28','2015-02-25',NULL),(2554,26,'EDP 06',25022500.00,'2015-03-01',0.00,1251125.00,0.00,'Pagado','0',450,'2015-03-31','2015-03-31','2015-03-25',NULL),(2555,27,'EDP 07',15107500.00,'2015-04-01',0.00,755375.00,0.00,'Pagado','0',450,'2015-04-30','2015-04-30','2015-04-25',NULL),(2556,28,'EDP 08',21227224.00,'2015-05-01',0.00,1061361.00,0.00,'Pagado','0',450,'2015-05-31','2015-05-31','2015-05-25',NULL),(2557,29,'EDP 09',14664567.00,'2015-06-01',0.00,733228.35,0.00,'Pagado','0',450,'2015-06-30','2015-06-30','2015-06-25',NULL),(2558,30,'EDP 10',12997540.00,'2015-07-01',0.00,649877.00,0.00,'Pagado','0',450,'2015-07-31','2015-07-31','2015-07-25',NULL),(2559,31,'EDP 11',12145336.00,'2015-08-01',0.00,607266.80,0.00,'Pagado','64288',450,'2015-08-31','2015-08-31','2015-08-25',NULL),(2560,32,'EDP 12',11495165.00,'2015-09-01',0.00,574758.25,0.00,'Pagado','70364',450,'2015-09-30','2015-09-30','2015-09-25',NULL),(2561,33,'EDP 13',11495165.00,'2015-10-01',0.00,574758.25,0.00,'Pagado','76115',450,'2015-10-31','2015-10-31','2015-10-25',NULL),(2562,34,'EDP 14',11495165.00,'2015-11-01',0.00,574758.25,0.00,'Pagado','84295',450,'2015-11-30','2015-11-30','2015-11-25',NULL),(2563,35,'EDP 15',0.00,'2015-12-01',0.00,0.00,12894043.00,'Pagado','88475',450,'2015-12-31','2015-12-31','2015-12-25','EDP Devolución Retenciones'),(2564,36,'EDP 16',11495165.00,'2015-12-01',0.00,0.00,0.00,'Pagado','88476',450,'2015-12-31','2015-12-31','2015-12-25',''),(2565,37,'EDP 17',13546465.00,'2016-01-01',0.00,0.00,0.00,'Pagado','108910',450,'2016-01-31','2016-01-31','2016-01-25',''),(2566,38,'EDP 18',5673513.00,'2016-02-01',0.00,0.00,0.00,'Pagado','108911',450,'2016-02-29','2016-02-29','2016-02-25',''),(2567,39,'EDP 19',3314791.00,'2016-03-01',0.00,0.00,0.00,'Pagado','108912',450,'2016-03-31','2016-03-31','2016-03-25',''),(2568,40,'EDP 20',3314791.00,'2016-04-01',0.00,0.00,0.00,'Pagado','0',450,'2016-06-15','2016-04-30','2016-06-08',''),(2569,41,'EDP 21',3314791.00,'2016-05-01',0.00,0.00,0.00,'Por pagar','0',450,'2016-07-13','2016-05-31','2016-07-11',''),(2570,42,'EDP 01',693600.00,'2015-01-01',0.00,0.00,0.00,'Pagado','0',451,'2015-01-31','2015-01-31','2015-01-25',''),(2571,43,'EDP 02',367200.00,'2015-02-01',0.00,0.00,0.00,'Pagado','0',451,'2015-02-28','2015-02-28','2015-02-25',''),(2572,44,'EDP 03',581400.00,'2015-03-01',0.00,0.00,0.00,'Pagado','0',451,'2015-03-31','2015-03-31','2015-03-25',''),(2573,45,'EDP 04',683400.00,'2015-04-01',0.00,0.00,0.00,'Pagado','0',451,'2015-04-30','2015-04-30','2015-04-25',''),(2574,46,'EDP 05',326400.00,'2015-05-01',0.00,0.00,0.00,'Pagado','0',451,'2015-05-31','2015-05-31','2015-05-25',''),(2575,47,'EDP 06',408000.00,'2015-06-01',0.00,0.00,0.00,'Pagado','0',451,'2015-06-30','2015-06-30','2015-06-25',''),(2576,48,'EDP 07',132000.00,'2015-07-01',0.00,0.00,0.00,'Pagado','358',451,'2015-09-30','2015-09-30','2015-09-25',''),(2577,49,'EDP 08',173400.00,'2015-10-01',0.00,0.00,0.00,'Pagado','375',451,'2015-12-31','2015-12-01','2015-12-25',''),(2578,50,'EDP 09',204000.00,'2016-01-01',0.00,0.00,0.00,'Por pagar','0',451,'2016-04-30','2016-04-30','2016-04-25',''),(2579,51,'EDP 10',102000.00,'2016-05-01',0.00,0.00,0.00,'Por pagar','0',451,'2016-06-30','2016-06-30','2016-06-25',''),(2580,52,'EDP 01',32.00,'2015-01-01',0.00,0.00,0.00,'Pagado','0',452,'2015-01-31','2015-01-31','2015-01-25',''),(2581,53,'EDP 02',32.00,'2015-02-01',0.00,0.00,0.00,'Pagado','0',452,'2015-02-28','2015-02-28','2015-02-25',''),(2582,54,'EDP 03',32.00,'2015-03-01',0.00,0.00,0.00,'Pagado','0',452,'2015-03-31','2015-03-31','2015-03-25',''),(2583,55,'EDP 04',32.00,'2015-04-01',0.00,0.00,0.00,'Pagado','0',452,'2015-04-30','2015-04-30','2015-04-25',''),(2584,56,'EDP 05',32.00,'2015-05-01',0.00,0.00,0.00,'Pagado','0',452,'2015-05-31','2015-05-31','2015-05-25',''),(2585,57,'EDP 06',32.00,'2015-06-01',0.00,0.00,0.00,'Pagado','0',452,'2015-06-30','2015-06-30','2015-06-25',''),(2586,58,'EDP 07',32.00,'2015-07-01',0.00,0.00,0.00,'Pagado','0',452,'2015-07-31','2015-07-31','2015-07-25',''),(2587,59,'EDP 08',32.00,'2015-08-01',0.00,0.00,0.00,'Pagado','462',452,'2015-08-31','2015-08-31','2015-08-25',''),(2588,60,'EDP 09',32.00,'2015-09-01',0.00,0.00,0.00,'Pagado','478',452,'2015-09-30','2015-09-30','2015-09-25',''),(2589,61,'EDP 10',32.00,'2015-10-01',0.00,0.00,0.00,'Pagado','494',452,'2015-10-31','2015-10-31','2015-10-25',''),(2590,62,'EDP 11',32.00,'2015-11-01',0.00,0.00,0.00,'Pagado','531',452,'2015-11-30','2015-11-30','2015-11-25',''),(2591,63,'EDP 12',32.00,'2015-12-01',0.00,0.00,0.00,'Pagado','583',452,'2015-12-31','2015-12-31','2015-12-25',''),(2592,64,'EDP 13',64.00,'2016-01-01',0.00,0.00,0.00,'Pagado','646',452,'2016-02-29','2016-02-29','2016-02-25',''),(2593,65,'EDP 14',32.00,'2016-03-01',0.00,0.00,0.00,'Pagado','660',452,'2016-03-31','2016-03-31','2016-03-25',''),(2594,66,'EDP 15',32.00,'2016-04-01',0.00,0.00,0.00,'Pagado','0',452,'2016-04-30','2016-04-30','2016-04-25',''),(2595,67,'EDP 16',32.00,'2016-05-01',0.00,0.00,0.00,'Pagado','0',452,'2016-06-14','2016-05-31','2016-06-08',''),(2596,68,'EDP 17',32.00,'2016-06-01',0.00,0.00,0.00,'Pagado','0',452,'2016-07-13','2016-06-30','2016-07-11',''),(2597,69,'EDP 18',32.00,'2016-07-01',0.00,0.00,0.00,'Pagado','0',452,'2016-08-10','2016-07-31','2016-08-03',''),(2598,70,'EDP 19',32.00,'2016-08-01',0.00,0.00,0.00,'Por Pagar','0',452,'2016-09-15','2016-08-31','2016-09-12',''),(2599,71,'EDP 01',159.63,'2015-01-01',0.00,7.98,0.00,'Pagado','0',453,'2015-01-31','2015-01-31','2015-01-25',''),(2600,72,'EDP 02',274.48,'2015-02-01',0.00,13.72,0.00,'Pagado','0',453,'2015-02-28','2015-02-28','2015-02-25',''),(2601,73,'EDP 03',158.89,'2015-03-01',0.00,7.94,0.00,'Pagado','0',453,'2015-03-31','2015-03-31','2015-03-25',''),(2602,74,'EDP 04',162.93,'2015-04-01',0.00,8.15,0.00,'Pagado','0',453,'2015-04-30','2015-04-30','2015-04-25',''),(2603,75,'EDP 05',150.73,'2015-05-01',0.00,7.54,0.00,'Pagado','0',453,'2015-05-31','2015-05-31','2015-05-25',''),(2604,76,'EDP 06',158.09,'2015-06-01',0.00,7.90,0.00,'Pagado','0',453,'2015-06-30','2015-06-30','2015-06-25',''),(2605,77,'EDP 07',162.49,'2015-07-01',0.00,8.12,0.00,'Pagado','0',453,'2015-07-31','2015-07-31','2015-07-25',''),(2606,78,'EDP 08',163.92,'2015-08-01',0.00,8.20,0.00,'Pagado','954',453,'2015-08-31','2015-08-31','2015-08-25',''),(2607,79,'EDP 09',159.67,'2015-09-01',0.00,7.98,0.00,'Pagado','1051',453,'2015-09-30','2015-09-30','2015-09-25',''),(2608,80,'EDP 10',157.18,'2015-10-01',0.00,7.86,0.00,'Pagado','1135',453,'2015-10-31','2015-10-31','2015-10-25',''),(2609,81,'EDP 11',155.14,'2015-11-01',0.00,7.76,0.00,'Pagado','1283',453,'2015-11-30','2015-11-30','2015-11-25',''),(2610,82,'EDP 12',154.65,'2015-12-01',0.00,7.73,0.00,'Pagado','1315',453,'2015-12-31','2015-12-31','2015-12-25',''),(2611,83,'EDP 13',158.48,'2016-01-01',0.00,7.92,0.00,'Pagado','1461',453,'2016-01-31','2016-01-31','2016-01-25',''),(2612,84,'EDP 14',156.34,'2016-02-01',0.00,7.82,0.00,'Pagado','1508',453,'2016-02-29','2016-02-29','2016-02-25',''),(2613,85,'EDP 15',156.26,'2016-03-01',0.00,7.81,0.00,'Por pagar','0',453,'2016-06-13','2016-03-31','2016-06-11',''),(2614,86,'EDP 16',155.52,'2016-04-01',0.00,7.78,0.00,'Por pagar','0',453,'2016-08-03','2016-04-30','2016-07-28',''),(2615,87,'EDP 17',156.28,'2016-05-01',0.00,7.81,0.00,'Por pagar','0',453,'2016-08-03','2016-05-31','2016-07-28',''),(2616,88,'EDP 01',5909000.00,'2015-01-01',0.00,295450.00,0.00,'Pagado','0',454,'2015-01-31','2015-01-31','2015-01-25',''),(2617,89,'EDP 02',5909000.00,'2015-02-01',0.00,295450.00,0.00,'Pagado','0',454,'2015-02-28','2015-02-28','2015-02-25',''),(2618,90,'EDP 03',5909000.00,'2015-03-01',0.00,295450.00,0.00,'Pagado','0',454,'2015-03-31','2015-03-31','2015-03-25',''),(2619,91,'EDP 04',5909000.00,'2015-04-01',0.00,295450.00,0.00,'Pagado','0',454,'2015-04-30','2015-04-30','2015-04-25',''),(2620,92,'EDP 05',5909000.00,'2015-05-01',0.00,295450.00,0.00,'Pagado','0',454,'2015-05-31','2015-05-31','2015-05-25',''),(2621,93,'EDP 06',5909000.00,'2015-06-01',0.00,295450.00,0.00,'Pagado','0',454,'2015-06-30','2015-06-30','2015-06-25',''),(2622,94,'EDP 07',5909000.00,'2015-07-01',0.00,295450.00,0.00,'Pagado','0',454,'2015-07-31','2015-07-31','2015-07-25',''),(2623,95,'EDP 08',5909000.00,'2015-08-01',0.00,295450.00,0.00,'Pagado','F/181',454,'2015-08-31','2015-08-31','2015-08-25',''),(2624,96,'EDP 09',5909000.00,'2015-09-01',0.00,295450.00,0.00,'Pagado','F/182',454,'2015-09-30','2015-09-30','2015-09-25',''),(2625,97,'EDP 10',5909000.00,'2015-10-01',0.00,295450.00,0.00,'Pagado','F/185',454,'2015-10-31','2015-10-31','2015-10-25',''),(2626,98,'EDP 11',5909000.00,'2015-11-01',0.00,295450.00,0.00,'Pagado','F/186',454,'2015-11-30','2015-11-30','2015-11-25',''),(2627,99,'EDP 12',5909000.00,'2015-12-01',0.00,295450.00,0.00,'Pagado','F/188',454,'2015-12-01','2015-12-31','2015-12-25',''),(2628,100,'EDP 13',5318100.00,'2016-01-01',0.00,0.00,0.00,'Pagado','F/191',454,'2016-01-31','2016-01-31','2016-01-25',''),(2629,101,'EDP 14',5318100.00,'2016-02-01',0.00,0.00,0.00,'Pagado','F/192',454,'2016-02-29','2016-02-29','2016-02-25',''),(2630,102,'EDP 15',5318100.00,'2016-03-01',0.00,0.00,0.00,'Pagado','0',454,'2016-03-31','2016-03-31','2016-03-25',''),(2631,103,'EDP 16',5318100.00,'2016-04-01',0.00,0.00,0.00,'Pagado','0',454,'2016-04-30','2016-04-30','2016-04-25',''),(2632,104,'EDP 17',5318100.00,'2016-05-01',0.00,0.00,0.00,'Pagado','F/198',454,'2016-05-31','2016-05-31','2016-05-25',''),(2633,105,'EDP 18',5318100.00,'2016-06-01',0.00,0.00,0.00,'por pagar','F/200',454,'2016-07-13','2016-06-30','2016-07-11',''),(2634,106,'EDP 19',5318100.00,'2016-07-01',0.00,0.00,0.00,'por pagar','0',454,'2016-08-10','2016-07-31','2016-08-03',''),(2635,107,'EDP 20',5318100.00,'2016-08-01',0.00,0.00,0.00,'por pagar','0',454,'2016-09-16','2016-08-31','2016-09-12',''),(2636,108,'EDP 01',366866.00,'2015-04-01',0.00,18343.00,0.00,'Pagado','157374',455,'2015-04-30','2015-04-30','2015-04-25',''),(2637,109,'EDP 02',1467464.00,'2015-05-01',0.00,73373.00,0.00,'Pagado','158881',455,'2015-05-31','2015-05-31','2015-05-25',''),(2638,110,'EDP 03',366866.00,'2015-06-01',0.00,18343.30,0.00,'Pagado','163292',455,'2015-06-30','2015-06-30','2015-06-25',''),(2639,111,'EDP 04',1100598.00,'2015-07-01',0.00,55029.90,0.00,'Pagado','166638',455,'2015-07-31','2015-07-31','2015-07-25',''),(2640,112,'EDP 05',1100598.00,'2015-08-01',0.00,55029.90,0.00,'Pagado','164409',455,'2015-08-31','2015-08-31','2015-08-25',''),(2641,113,'EDP 06',1467464.00,'2015-09-01',0.00,73373.20,0.00,'Pagado','168990',455,'2015-09-30','2015-09-30','2015-09-25',''),(2642,114,'EDP 07',1467464.00,'2015-10-01',0.00,73373.20,0.00,'Pagado','171649',455,'2015-10-31','2015-10-31','2015-10-25',''),(2643,115,'EDP 08',1467464.00,'2015-11-01',0.00,73373.20,0.00,'Pagado','174290',455,'2015-11-30','2015-11-30','2015-11-25',''),(2644,116,'EDP 10',1650897.00,'2015-12-01',0.00,82544.85,0.00,'Pagado','0',455,'2016-01-31','2016-01-31','2016-01-25',''),(2645,117,'EDP 11',1650897.00,'2016-02-01',0.00,82544.85,0.00,'Pagado','0',455,'2016-02-29','2016-02-29','2016-02-25',''),(2646,118,'EDP 12',917165.00,'2016-03-01',0.00,45858.25,0.00,'Pagado','0',455,'2016-03-31','2016-03-31','2016-03-25',''),(2647,119,'EDP 13',2384629.00,'2016-04-01',0.00,119231.45,0.00,'Por pagar','0',455,'2016-04-30','2016-04-30','2016-04-25',''),(2648,120,'EDP 14',2829047.00,'2016-05-01',0.00,141452.35,0.00,'Por pagar','0',455,'2016-09-06','2016-05-31','2016-08-17',''),(2649,121,'EDP 01',1950000.00,'2015-01-01',0.00,0.00,0.00,'Pagado','20',456,'2015-01-31','2015-01-31','2015-01-25',''),(2650,122,'EDP 02',1950000.00,'2015-02-01',0.00,0.00,0.00,'Pagado','21',456,'2015-02-28','2015-02-28','2015-02-25',''),(2651,123,'EDP 03',1950000.00,'2015-03-01',0.00,0.00,0.00,'Pagado','22',456,'2015-03-31','2015-03-31','2015-03-25',''),(2652,124,'EDP 04',1950000.00,'2015-04-01',0.00,0.00,0.00,'Pagado','23',456,'2015-04-30','2015-04-30','2015-04-25',''),(2653,125,'EDP 05',1950000.00,'2015-05-01',0.00,0.00,0.00,'Pagado','24',456,'2015-05-31','2015-05-31','2015-05-25',''),(2654,126,'EDP 06',1950000.00,'2015-06-01',0.00,0.00,0.00,'Pagado','25',456,'2015-06-30','2015-06-30','2015-06-25',''),(2655,127,'EDP 07',900000.00,'2015-07-01',0.00,0.00,0.00,'Pagado','26',456,'2015-07-31','2015-07-31','2015-07-25',''),(2656,128,'EDP 08',900000.00,'2015-08-01',0.00,0.00,0.00,'Pagado','27',456,'2015-08-31','2015-08-31','2015-08-25',''),(2657,129,'EDP 09',900000.00,'2015-09-01',0.00,0.00,0.00,'Pagado','28',456,'2015-09-30','2015-09-30','2015-09-25',''),(2658,130,'EDP 10',900000.00,'2015-10-01',0.00,0.00,0.00,'Pagado','29',456,'2015-10-31','2015-10-31','2015-10-25',''),(2659,131,'EDP 11',900000.00,'2015-11-01',0.00,0.00,0.00,'Pagado','30',456,'2015-11-30','2015-11-30','2015-11-25',''),(2660,132,'EDP 12',900000.00,'2015-12-01',0.00,0.00,0.00,'Pagado','31',456,'2015-12-31','2015-12-31','2015-12-25',''),(2661,133,'EDP 13',900000.00,'2016-01-01',0.00,0.00,0.00,'Pagado','32',456,'2016-01-31','2016-01-31','2016-01-25',''),(2662,134,'EDP 14',900000.00,'2016-02-01',0.00,0.00,0.00,'Pagado','33',456,'2016-02-29','2016-02-29','2016-02-25',''),(2663,135,'EDP 15',900000.00,'2016-03-01',0.00,0.00,0.00,'Pagado','34',456,'2016-03-31','2016-03-31','2016-03-25',''),(2664,136,'EDP 16',900000.00,'2016-04-01',0.00,0.00,0.00,'Pagado','0',456,'2016-04-30','2016-04-30','2016-04-25',''),(2665,137,'EDP 17',900000.00,'2016-05-01',0.00,0.00,0.00,'Por pagar','0',456,'2016-06-14','2016-05-31','2016-06-10',''),(2666,138,'EDP 18',900000.00,'2016-06-01',0.00,0.00,0.00,'Por pagar','0',456,'2016-07-13','2016-06-30','2016-07-05',''),(2667,139,'EDP 19',900000.00,'2016-07-01',0.00,0.00,0.00,'Por pagar','0',456,'2016-09-14','2016-07-31','2016-09-13',''),(2668,140,'EDP 20',900000.00,'2016-08-01',0.00,0.00,0.00,'Por pagar','0',456,'2016-09-14','2016-08-31','2016-09-13',''),(2669,141,'EDP 01',2500000.00,'2015-01-01',0.00,0.00,0.00,'Pagado','0',457,NULL,NULL,NULL,NULL),(2670,142,'EDP 02',2500000.00,'2015-02-01',0.00,0.00,0.00,'Pagado','0',457,NULL,NULL,NULL,NULL),(2671,143,'EDP 03',2713360.00,'2015-03-01',0.00,0.00,0.00,'Pagado','0',457,NULL,NULL,NULL,NULL),(2672,144,'EDP 04',2500000.00,'2015-04-01',0.00,0.00,0.00,'Pagado','0',457,NULL,NULL,NULL,NULL),(2673,145,'EDP 05',2705512.00,'2015-05-01',0.00,0.00,0.00,'Pagado','0',457,NULL,NULL,NULL,NULL),(2674,146,'EDP 06',2563200.00,'2015-06-01',0.00,0.00,0.00,'Pagado','0',457,NULL,NULL,NULL,NULL),(2675,147,'EDP 07',2766900.00,'2015-07-01',0.00,0.00,0.00,'Pagado','0',457,NULL,NULL,NULL,NULL),(2676,148,'EDP 08',2500000.00,'2015-08-01',0.00,0.00,0.00,'Pagado','0',457,NULL,NULL,NULL,NULL),(2677,149,'EDP 09',5927105.00,'2015-09-01',0.00,296355.00,0.00,'Pagado','0',457,NULL,NULL,NULL,NULL),(2678,150,'EDP 10',5927105.00,'2015-10-01',0.00,296355.25,0.00,'Pagado','0',457,NULL,NULL,NULL,NULL),(2679,151,'EDP 11',5524605.00,'2015-11-01',0.00,276230.25,0.00,'Pagado','0',457,NULL,NULL,NULL,NULL),(2680,152,'EDP 12',5299605.00,'2015-12-01',0.00,264980.25,0.00,'Pagado','0',457,NULL,NULL,NULL,NULL),(2681,153,'EDP 13',0.00,'2016-04-01',0.00,0.00,1133921.00,'Por pagar','0',457,NULL,NULL,NULL,NULL),(2682,154,'EDP 01',240.00,'2015-03-01',0.00,0.00,0.00,'Pagado','0',459,'2015-03-31','2015-03-31','2015-03-25',''),(2683,155,'EDP 02',261.20,'2015-04-01',0.00,0.00,0.00,'Pagado','0',459,'2015-04-30','2015-04-30','2015-04-25',''),(2684,156,'EDP 03',240.00,'2015-05-01',0.00,0.00,0.00,'Pagado','0',459,'2015-05-31','2015-05-31','2015-05-25',''),(2685,157,'EDP 04',256.20,'2015-06-01',0.00,0.00,0.00,'Pagado','0',459,'2015-06-30','2015-06-30','2015-06-25',''),(2686,158,'EDP 05',241.90,'2015-07-01',0.00,0.00,0.00,'Pagado','0',459,'2015-07-31','2015-07-15','2015-07-25',''),(2687,159,'EDP 06',37.49,'2015-07-16',0.00,0.00,0.00,'Pagado','0',459,'2015-07-31','2015-07-31','2015-07-25',''),(2688,160,'EDP 07',80.00,'2015-07-01',0.00,0.00,0.00,'Pagado','0',459,'2015-07-31','2015-07-31','2015-07-25','EDP Anticipo de GR'),(2689,161,'EDP 08',240.00,'2015-08-01',0.00,0.00,0.00,'Pagado','0',459,'2015-08-31','2015-08-31','2015-08-25',''),(2690,162,'EDP 09',240.00,'2015-09-01',0.00,0.00,0.00,'Pagado','99',459,'2015-09-30','2015-09-30','2015-09-25',''),(2691,163,'EDP 10',286.00,'2015-10-01',45.95,0.00,0.00,'Pagado','102',459,'2015-10-31','2015-10-31','2015-10-25',''),(2692,164,'EDP 11',240.00,'2015-11-01',34.05,0.00,0.00,'Pagado','104',459,'2015-11-30','2015-11-30','2015-11-25',''),(2693,165,'EDP 12',240.00,'2015-12-01',0.00,0.00,0.00,'Pagado','115',459,'2015-12-31','2015-12-31','2015-12-25',''),(2694,166,'EDP 13',960.00,'2016-01-01',0.00,0.00,0.00,'Pagado','123',459,'2016-04-30','2016-04-30','2016-04-25','EDP por periodo enero a abril 2016'),(2695,167,'EDP 14',240.00,'2016-05-01',0.00,0.00,0.00,'Pagado','0',459,'2016-05-31','2016-05-31','2016-05-25',''),(2696,168,'EDP 15',278.51,'2016-06-01',0.00,0.00,0.00,'por pagar','0',459,'2016-08-24','2016-06-30','2016-08-23',''),(2697,169,'EDP 16',253.59,'2016-07-01',0.00,0.00,0.00,'por pagar','0',459,'2016-08-24','2016-07-31','2016-08-23',''),(2698,170,'EDP 17',280.04,'2016-08-01',0.00,0.00,0.00,'por pagar','0',459,'2016-09-14','2016-08-31','2016-09-12',''),(2699,171,'EDP 01',9049.54,'2016-04-25',0.00,452.48,0.00,'Por Pagar','F/959',460,'2016-08-22','2016-07-31','2016-08-17',''),(2700,172,'EDP 01',5006326.00,'2015-07-01',0.00,250316.30,0.00,'Pagado','0',461,NULL,'2015-07-31',NULL,''),(2701,173,'EDP 02',5006326.00,'2015-08-01',0.00,250316.30,0.00,'Pagado','0',461,NULL,'2015-08-31',NULL,''),(2702,174,'EDP 03',5006326.00,'2015-09-01',0.00,250316.30,0.00,'Pagado','0',461,NULL,'2015-09-30',NULL,''),(2703,175,'EDP 04',5006326.00,'2015-10-01',0.00,250316.30,0.00,'Pagado','0',461,NULL,'2015-10-31',NULL,''),(2704,176,'EDP 05',5006326.00,'2015-11-01',0.00,250316.30,0.00,'Pagado','0',461,NULL,'2015-11-30',NULL,''),(2705,177,'EDP 06',5006326.00,'2015-12-01',0.00,250316.30,0.00,'Pagado','0',461,NULL,'2016-01-31',NULL,'En diciembre 2015 no se realiza servicio'),(2706,178,'EDP 07',4396467.00,'2016-02-01',0.00,219823.35,0.00,'Pagado','0',461,NULL,'2016-02-29',NULL,''),(2707,179,'EDP 08',3755702.00,'2016-03-01',0.00,187785.10,0.00,'Pagado','125',461,NULL,'2016-03-31',NULL,''),(2708,180,'EDP 09',3755702.00,'2016-04-01',0.00,187785.10,0.00,'Por Pagar','128',461,'2016-07-22','2016-04-30','2016-07-15',''),(2709,181,'EDP 10',1203615.00,'2016-05-01',0.00,60180.75,0.00,'Por Pagar','0',461,'2016-09-05','2016-05-31','2016-08-30',''),(2710,182,'EDP 11',1203615.00,'2016-06-01',0.00,60180.75,0.00,'Por Pagar','0',461,'2016-09-05','2016-06-30','2016-08-30',''),(2711,183,'EDP 01',250.50,'2015-09-01',0.00,0.00,0.00,'Pagado','0',462,NULL,NULL,NULL,NULL),(2712,184,'EDP 02',308.50,'2015-10-01',0.00,0.00,0.00,'Pagado','0',462,NULL,NULL,NULL,NULL),(2713,185,'EDP 03',391.00,'2015-11-01',0.00,0.00,0.00,'Pagado','0',462,NULL,NULL,NULL,NULL),(2714,186,'EDP 04',370.00,'2015-12-01',0.00,0.00,0.00,'Por pagar','0',462,NULL,NULL,NULL,NULL),(2715,187,'EDP 01',17.42,'2015-10-01',0.00,0.87,0.00,'Pagado','0',463,NULL,'2015-10-31',NULL,''),(2716,188,'EDP 02',13.09,'2015-11-01',0.00,0.65,0.00,'Pagado','0',463,NULL,'2015-11-30',NULL,''),(2717,189,'EDP 03',14.06,'2015-12-01',0.00,0.70,0.00,'Pagado','0',463,NULL,'2015-12-31',NULL,''),(2718,190,'EDP 04',12.50,'2016-01-01',0.00,0.62,0.00,'Pagado','0',463,NULL,'2016-01-31',NULL,''),(2719,191,'EDP 05',13.61,'2016-02-01',0.00,0.68,0.00,'Pagado','56',463,NULL,'2016-02-29',NULL,''),(2720,192,'EDP 06',23.55,'2016-03-01',0.00,1.18,0.00,'Pagado','82',463,NULL,'2016-03-31',NULL,''),(2721,193,'EDP 07',16.93,'2016-04-01',0.00,0.85,0.00,'Pagado','0',463,NULL,'2016-04-30',NULL,''),(2722,194,'EDP 08',13.18,'2016-05-01',0.00,0.66,0.00,'Pagado','0',463,'2016-06-09','2016-05-31','2016-06-08',''),(2723,195,'EDP 09',12.50,'2016-06-01',0.00,0.62,0.00,'Por pagar','0',463,'2016-07-13','2016-06-30','2016-07-12',''),(2724,196,'EDP 10',17.16,'2016-07-01',0.00,0.86,0.00,'Por pagar','F/201',463,'2016-08-24','2016-07-31','2016-08-23',''),(2725,197,'EDP 11',12.50,'2016-08-01',0.00,0.62,0.00,'Por pagar','0',463,'2016-09-12','2016-08-31','2016-09-06',''),(2726,198,'EDP 01',11068300.00,'2015-12-01',0.00,553415.00,0.00,'Pagado','0',464,NULL,NULL,NULL,NULL),(2727,199,'EDP 02',16667666.00,'2016-01-01',0.00,833383.30,0.00,'Pagado','0',464,NULL,NULL,NULL,NULL),(2728,200,'EDP 03',0.00,'2016-04-01',0.00,0.00,1386798.00,'Por pagar','0',464,NULL,NULL,NULL,NULL),(2729,201,'EDP 04',0.00,'2016-11-01',0.00,0.00,0.00,'0','0',464,NULL,NULL,NULL,NULL),(2730,202,'EDP 01',509.13,'2015-12-01',0.00,50.91,0.00,'Pagado','0',465,NULL,NULL,NULL,NULL),(2731,203,'EDP 02',219.30,'2016-01-01',0.00,21.93,0.00,'Pagado','0',465,NULL,NULL,NULL,NULL),(2732,204,'EDP 03',269.60,'2016-02-01',0.00,13.48,0.00,'Pagado','0',465,NULL,NULL,NULL,NULL),(2733,205,'EDP 04',291.40,'2016-03-01',0.00,14.57,0.00,'Pagado','1174',465,NULL,NULL,NULL,NULL),(2734,206,'EDP 01',261.00,'2016-01-01',0.00,0.00,0.00,'Pagado','0',466,NULL,NULL,NULL,NULL),(2735,207,'EDP 03',0.00,'2016-03-01',0.00,0.00,0.00,'0','0',466,NULL,NULL,NULL,NULL),(2736,208,'EDP 01',860.73,'2016-01-01',0.00,43.04,0.00,'Pagado','0',467,NULL,NULL,NULL,NULL),(2737,209,'EDP 02',1327.69,'2016-02-01',0.00,66.38,0.00,'Pagado','Fact Ext 618',467,NULL,NULL,NULL,NULL),(2738,210,'EDP 03',2269.83,'2016-03-01',0.00,113.49,0.00,'Pagado','Fact Ext 631',467,NULL,NULL,NULL,NULL),(2739,211,'EDP 04',2681.93,'2016-04-01',0.00,134.10,0.00,'Pagado','Fact Ext 644',467,NULL,NULL,NULL,NULL),(2740,212,'EDP 05',1882.00,'2016-05-01',0.00,94.10,0.00,'Pagado','Fact Ext 662',467,NULL,NULL,NULL,NULL),(2741,213,'EDP 06',661.42,'2016-06-01',0.00,33.07,0.00,'Pagado','0',467,NULL,NULL,NULL,NULL),(2742,214,'EDP 01',3629.00,'2016-01-01',0.00,0.00,0.00,'Pagado','Invoice #591',468,NULL,'2016-01-31',NULL,''),(2743,215,'EDP 02',3686.00,'2016-02-01',0.00,0.00,0.00,'Por pagar','Invoice #593',468,NULL,'2016-02-29',NULL,''),(2744,216,'EDP 05',37529.64,'2016-03-01',0.00,0.00,0.00,'Por pagar','0',468,'2016-08-02','2016-05-31','2016-07-20','EDP 04 y EDP 05 son nulos, sin costos'),(2745,217,'EDP 06',8414.00,'2016-06-01',0.00,0.00,0.00,'Por pagar','0',468,'2016-08-02','2016-06-30','2016-07-20',''),(2746,218,'EDP 01',1650000.00,'2016-01-01',0.00,82500.00,0.00,'Pagado','0',470,NULL,'2016-01-31',NULL,''),(2747,219,'EDP 02',1650000.00,'2016-02-01',0.00,82500.00,0.00,'Pagado','0',470,NULL,'2016-02-29',NULL,''),(2748,220,'EDP 03',1650000.00,'2016-03-01',0.00,82500.00,0.00,'Pagado','0',470,NULL,'2016-03-31',NULL,''),(2749,221,'EDP 04',1650000.00,'2016-04-01',0.00,82500.00,0.00,'Pagado','0',470,NULL,'2016-04-30',NULL,''),(2750,222,'EDP 05',1650000.00,'2016-05-01',0.00,82500.00,0.00,'Pagado','0',470,NULL,'2016-05-31',NULL,''),(2751,223,'EDP 06',1650000.00,'2016-06-01',0.00,82500.00,0.00,'Por pagar','0',470,NULL,'2016-06-30',NULL,''),(2752,224,'EDP 07',1650000.00,'2016-07-01',0.00,82500.00,0.00,'Por pagar','F/128',470,'2016-09-05','2016-07-31','2016-08-30',''),(2753,225,'EDP 08',1650000.00,'2016-08-01',0.00,82500.00,0.00,'Por pagar','F/129',470,'2016-09-05','2016-08-31','2016-08-30',''),(2754,226,'EDP 01',7166000.00,'2016-01-01',0.00,358300.00,0.00,'Pagado','0',471,NULL,'2016-01-31',NULL,''),(2755,227,'EDP 02',7166000.00,'2016-02-01',0.00,358300.00,0.00,'Pagado','0',471,NULL,'2016-02-29',NULL,''),(2756,228,'EDP 03',7166000.00,'2016-03-01',0.00,358300.00,0.00,'Pagado','0',471,NULL,'2016-03-31',NULL,''),(2757,229,'EDP 04',7166000.00,'2016-04-01',0.00,358300.00,0.00,'Pagado','0',471,NULL,'2016-04-30',NULL,''),(2758,230,'EDP 05',7166000.00,'2016-05-01',0.00,358300.00,0.00,'por pagar','0',471,'2016-06-09','2016-05-31','2016-06-01',''),(2759,231,'EDP 06',7166000.00,'2016-06-01',0.00,358300.00,0.00,'por pagar','F/45',471,'2016-07-12','2016-06-30','2016-07-12',''),(2760,232,'EDP 07',7166000.00,'2016-07-01',0.00,358300.00,0.00,'por pagar','F/46',471,'2016-08-09','2016-07-31','2016-08-09',''),(2761,233,'EDP 08',7166000.00,'2016-08-01',0.00,358300.00,0.00,'por pagar','0',471,'2016-09-15','2016-08-31','2016-09-13',''),(2762,234,'EDP 01',62303164.00,'2016-03-07',0.00,0.00,0.00,'Por pagar','0',473,'2016-08-10','2016-07-31','2016-08-05',''),(2763,235,'EDP 01',4750000.00,'2016-04-01',0.00,237500.00,0.00,'Por Pagar','0',474,NULL,'2016-04-30',NULL,''),(2764,236,'EDP 02',6200000.00,'2016-05-01',0.00,310000.00,0.00,'Por Pagar','0',474,'2016-07-05','2016-05-31','2016-06-24',''),(2765,237,'EDP 03',6650000.00,'2016-06-01',0.00,332500.00,0.00,'Por Pagar','0',474,'2016-08-03','2016-06-30','2016-07-29',''),(2766,238,'EDP 04',6200000.00,'2016-07-01',0.00,310000.00,0.00,'Por Pagar','0',474,'2016-09-05','2016-07-31','2016-08-30',''),(2767,239,'EDP 01',59807.47,'2016-04-23',0.00,0.00,0.00,'0','51',475,'2016-08-03','2016-07-31','2016-07-25',''),(2768,240,'EDP 01',4200000.00,'2016-04-01',0.00,210000.00,0.00,'pagado','630',477,NULL,'2016-04-30',NULL,''),(2769,241,'EDP 02',2100000.00,'2016-05-01',0.00,105000.00,0.00,'Por Pagar','0',477,'2016-06-09','2016-05-31','2016-06-06',''),(2770,242,'EDP 03',2100000.00,'2016-06-01',0.00,105000.00,0.00,'Por Pagar','0',477,'2016-07-13','2016-06-30','2016-07-01',''),(2771,243,'EDP 04',2100000.00,'2016-07-01',0.00,105000.00,0.00,'Por Pagar','0',477,'2016-08-03','2016-07-31','2016-08-01',''),(2772,244,'EDP 05',2100000.00,'2016-08-01',0.00,105000.00,0.00,'Por Pagar','0',477,'2016-09-16','2016-08-31','2016-09-12',''),(2773,245,'EDP 01',888889.00,'2016-05-01',0.00,0.00,0.00,'pagado','28',478,NULL,NULL,NULL,NULL),(2774,246,'EDP 02',916667.00,'2016-06-01',0.00,0.00,0.00,'por pagar','30',478,NULL,NULL,NULL,NULL),(2775,247,'EDP 03',1666667.00,'2016-07-01',0.00,0.00,0.00,'por pagar','0',478,NULL,NULL,NULL,NULL),(2776,248,'EDP 01',2360000.00,'2016-07-26',0.00,118000.00,0.00,'por pagar','0',480,'2016-09-05','2016-08-31','2016-08-30',''),(2777,249,'EDP 01',216618.35,'2016-07-01',0.00,0.00,0.00,'pagado','I/90800315',482,NULL,'2016-08-26',NULL,''),(2778,250,'EDP 01',79800.00,'2016-11-01',0.00,3990.00,0.00,'pagado','630',483,NULL,NULL,NULL,NULL),(2779,251,'EDP 01',83300.00,'2016-07-01',0.00,4165.00,0.00,'0','0',484,NULL,NULL,NULL,NULL),(2780,252,'EDP 10',13690.00,'2015-10-01',0.00,0.00,0.00,'Pagado','0',495,NULL,NULL,NULL,NULL),(2781,253,'EDP 11',81.26,'2015-11-01',0.00,0.00,0.00,'Por Pagar','0',495,NULL,NULL,NULL,NULL),(2782,254,'EDP 12',63.30,'2015-12-01',0.00,0.00,0.00,'Por Pagar','0',495,NULL,NULL,NULL,NULL),(2783,255,'EDP 50',194940.00,'2011-07-22',0.00,0.00,0.00,'Pagado','0',496,NULL,'2015-10-31',NULL,'Revisar este EDP paro commitment'),(2784,256,'EDP 51',3800.00,'2015-11-01',0.00,0.00,0.00,'Pagado','0',496,NULL,'2015-11-30',NULL,''),(2785,257,'EDP 52',3800.00,'2015-12-01',0.00,0.00,0.00,'Pagado','0',496,NULL,'2015-12-31',NULL,''),(2786,258,'EDP 53',3800.00,'2016-01-01',0.00,0.00,0.00,'Pagado','0',496,NULL,'2016-01-31',NULL,''),(2787,259,'EDP 54',3800.00,'2016-02-01',0.00,0.00,0.00,'Pagado','0',496,NULL,'2016-02-29',NULL,''),(2788,260,'EDP 55',3800.00,'2016-03-01',0.00,0.00,0.00,'Pagado','F/2486',496,NULL,'2016-03-31',NULL,''),(2789,261,'EDP 56',3800.00,'2016-04-01',0.00,0.00,0.00,'Pagado','F/2524',496,NULL,'2016-04-30',NULL,''),(2790,262,'EDP 57',3800.00,'2016-05-01',0.00,0.00,0.00,'Pagado','F/2546',496,NULL,'2016-05-31',NULL,''),(2791,263,'EDP 58',3800.00,'2016-06-01',0.00,0.00,0.00,'Pagado','F/26',496,'2016-07-04','2016-06-30','2016-07-01',''),(2792,264,'EDP 59',3800.00,'2016-07-01',0.00,0.00,0.00,'Pagado','F/69',496,'2016-08-19',NULL,'2016-08-15',''),(2793,265,'EDP 60',3800.00,'2016-08-01',0.00,0.00,0.00,'Pagado','F/70',496,'2016-09-01','2016-08-31','2016-08-31',''),(2794,266,'EDP 40',358956673.00,'2015-09-01',0.00,0.00,0.00,'Pagado','0',497,NULL,NULL,NULL,NULL),(2795,267,'EDP 41',3297609.00,'2015-10-01',0.00,0.00,0.00,'Pagado','0',497,NULL,NULL,NULL,NULL),(2796,268,'EDP 42',3297609.00,'2015-11-01',0.00,0.00,0.00,'Pagado','0',497,NULL,NULL,NULL,NULL),(2797,269,'EDP 43',3297609.00,'2015-12-01',0.00,0.00,0.00,'Pagado','0',497,NULL,NULL,NULL,NULL),(2798,270,'EDP 44',3297609.00,'2016-01-01',0.00,0.00,0.00,'Pagado','0',497,NULL,NULL,NULL,NULL),(2799,271,'EDP 45',3297609.00,'2016-02-01',0.00,0.00,0.00,'por pagar','0',497,NULL,NULL,NULL,NULL),(2800,272,'EDP 01',177.55,'2013-10-11',0.00,0.00,0.00,'Pagado','0',498,NULL,NULL,NULL,NULL),(2801,273,'EDP 02',229.00,'2014-01-06',0.00,0.00,0.00,'Pagado','0',498,NULL,NULL,NULL,NULL),(2802,274,'EDP 03',243.00,'2014-02-01',0.00,0.00,0.00,'Pagado','0',498,NULL,NULL,NULL,NULL),(2803,275,'EDP 04',156.00,'2015-03-01',0.00,0.00,0.00,'Pagado','0',498,NULL,NULL,NULL,NULL),(2804,276,'EDP 05',41.70,'2015-04-01',0.00,0.00,0.00,'Pagado','0',498,NULL,NULL,NULL,NULL),(2805,277,'EDP 06',62.70,'2015-05-01',0.00,0.00,0.00,'Pagado','0',498,NULL,NULL,NULL,NULL),(2806,278,'EDP 07',193.40,'2016-08-01',0.00,0.00,0.00,'por pagar','0',498,NULL,NULL,NULL,NULL),(2807,279,'EDP 19',36632788.00,'2015-10-01',0.00,0.00,0.00,'Pagado','0',500,NULL,NULL,NULL,NULL),(2808,280,'EDP 20',1525852.00,'2015-11-01',0.00,0.00,0.00,'Pagado','0',500,NULL,NULL,NULL,NULL),(2809,281,'EDP 21',1170934.00,'2015-12-01',0.00,0.00,0.00,'Pagado','0',500,NULL,NULL,NULL,NULL),(2810,282,'EDP 22',1176699.00,'2016-01-01',0.00,0.00,0.00,'Por Pagar','0',500,NULL,NULL,NULL,NULL),(2811,283,'EDP 10',114710000.00,'2015-10-01',0.00,0.00,0.00,'Pagado','0',501,NULL,NULL,NULL,NULL),(2812,284,'EDP 11',4950000.00,'2015-11-01',0.00,0.00,0.00,'Por Pagar','0',501,NULL,NULL,NULL,NULL),(2813,285,'EDP 12',4450000.00,'2015-12-01',0.00,0.00,0.00,'Por Pagar','0',501,NULL,NULL,NULL,NULL),(2814,286,'EDP 01',1000000.00,'2015-12-01',0.00,0.00,0.00,'Pagado','0',504,NULL,NULL,NULL,NULL),(2815,287,'EDP 02',1000000.00,'2016-01-01',0.00,0.00,0.00,'Pagado','0',504,NULL,NULL,NULL,NULL),(2816,288,'EDP 03',1000000.00,'2016-02-01',0.00,0.00,0.00,'Pagado','0',504,NULL,NULL,NULL,NULL),(2817,289,'EDP 04',1000000.00,'2016-03-01',0.00,0.00,0.00,'Pagado','0',504,NULL,NULL,NULL,NULL),(2818,290,'EDP 45',25485000.00,'2015-10-01',0.00,0.00,0.00,'Pagado','0',505,NULL,NULL,NULL,NULL),(2819,291,'EDP 46',3300000.00,'2015-11-01',0.00,0.00,0.00,'Por Pagar','0',505,NULL,NULL,NULL,NULL),(2820,292,'EDP 47',1980000.00,'2015-12-01',0.00,0.00,0.00,'Por Pagar','0',505,NULL,NULL,NULL,NULL),(2821,293,'EDP 01',2762.70,'2010-01-01',0.00,0.00,0.00,'Pagado','0',508,NULL,'2015-11-30',NULL,''),(2822,294,'EDP 02',42.90,'2016-01-01',0.00,0.00,0.00,'Pagado','61797',508,NULL,'2016-01-31',NULL,''),(2823,295,'EDP 03',42.90,'2016-02-01',0.00,0.00,0.00,'Pagado','65872',508,NULL,'2016-02-29',NULL,''),(2824,296,'EDP 04',42.90,'2016-03-01',0.00,0.00,0.00,'Pagado','71072',508,NULL,'2016-03-31',NULL,''),(2825,297,'EDP 05',36.50,'2016-04-01',0.00,0.00,0.00,'Pagado','74142',508,NULL,'2016-04-30',NULL,''),(2826,298,'EDP 06',33.00,'2016-05-01',0.00,0.00,0.00,'Pagado','86455',508,'2016-07-12','2016-05-31','2016-07-05',''),(2827,299,'EDP 07',36.50,'2016-06-01',0.00,0.00,0.00,'Pagado','86456',508,'2016-07-12','2016-06-30','2016-07-05',''),(2828,300,'EDP 08',36.50,'2016-07-01',0.00,0.00,0.00,'Pagado','0',508,'2016-09-06','2016-07-31','2016-09-01',''),(2829,301,'EDP 01',6350783.00,'2016-01-01',0.00,0.00,0.00,'Pagado','0',512,NULL,'2016-01-31',NULL,''),(2830,302,'EDP 02',6350783.00,'2016-02-01',0.00,0.00,0.00,'Pagado','0',512,NULL,'2016-02-29',NULL,''),(2831,303,'EDP 03',6350783.00,'2016-03-01',0.00,0.00,0.00,'Pagado','F/141',512,NULL,'2016-03-31',NULL,''),(2832,304,'EDP 04',6350783.00,'2016-04-01',0.00,0.00,0.00,'Pagado','F/145',512,NULL,'2016-04-30',NULL,''),(2833,305,'EDP 05',6350783.00,'2016-05-01',0.00,0.00,0.00,'Pagado','0',512,'2016-06-10','2016-05-31','2016-06-05',''),(2834,306,'EDP 06',6350783.00,'2016-06-01',0.00,0.00,0.00,'Pagado','0',512,'2016-07-20','2016-06-30','2016-07-18',''),(2835,307,'EDP 07',6102263.00,'2016-07-01',0.00,0.00,0.00,'Pagado','F/164',512,'2016-09-09','2016-07-31','2016-08-31',''),(2836,308,'EDP 08',6350783.00,'2016-08-01',0.00,0.00,0.00,'Pagado','0',512,'2016-09-15','2016-08-31','2016-09-07',''),(2837,309,'EDP 01',5660.55,'2016-08-01',0.00,0.00,0.00,'Pagado','0',514,NULL,NULL,NULL,NULL),(2838,310,'EDP 01',103000.00,'2016-03-01',0.00,0.00,0.00,'Pagado','0',516,NULL,NULL,NULL,NULL),(2839,311,'EDP 02',3812.91,'2016-07-01',0.00,0.00,0.00,'Pagado','0',516,NULL,NULL,NULL,NULL),(2840,312,'EDP 01',58650.00,'2016-02-01',0.00,0.00,0.00,'Pagado','0',517,NULL,NULL,NULL,NULL),(2841,313,'EDP 02',11616.00,'2016-04-01',0.00,0.00,0.00,'Pagado','3708',517,NULL,NULL,NULL,NULL),(2842,314,'EDP 01',22.00,'2016-01-01',0.00,0.00,0.00,'Pagado','0',518,NULL,'2016-01-31',NULL,''),(2843,315,'EDP 01',5160000.00,'2016-01-01',0.00,0.00,0.00,'Pagado','0',519,NULL,'2016-01-31',NULL,''),(2844,316,'EDP 02',3170000.00,'2016-02-01',0.00,0.00,0.00,'Pagado','0',519,NULL,'2016-02-29',NULL,''),(2845,317,'EDP 03',4360000.00,'2016-03-01',0.00,0.00,0.00,'Pagado','0',519,NULL,'2016-03-31',NULL,''),(2846,318,'EDP 04',7419600.00,'2016-04-01',0.00,0.00,0.00,'Pagado','0',519,NULL,'2016-04-30',NULL,''),(2847,319,'EDP 05',4210000.00,'2016-05-01',0.00,0.00,0.00,'Pagado','0',519,'2016-08-03','2016-05-31','2016-07-29',''),(2848,320,'EDP 06',3424400.00,'2016-06-01',0.00,0.00,0.00,'Pagado','0',519,'2016-08-03','2016-06-30','2016-07-29',''),(2849,321,'EDP 01',54.18,'2016-01-01',0.00,0.00,0.00,'Pagado','5976 y NTC 359',520,NULL,'2016-01-31',NULL,''),(2850,322,'EDP 02',54.18,'2016-02-01',0.00,0.00,0.00,'Pagado','5978',520,NULL,'2016-02-29',NULL,''),(2851,323,'EDP 03',54.18,'2016-03-01',0.00,0.00,0.00,'Pagado','5979',520,NULL,'2016-03-31',NULL,''),(2852,324,'EDP 04',54.18,'2016-04-01',0.00,0.00,0.00,'Pagado','6740',520,NULL,'2016-04-30',NULL,''),(2853,325,'EDP 05',54.18,'2016-05-01',0.00,0.00,0.00,'Pagado','0',520,'2016-06-14','2016-05-31','2016-06-10',''),(2854,326,'EDP 06',54.18,'2016-06-01',0.00,0.00,0.00,'Pagado','0',520,'2016-09-06','2016-06-30','2016-09-02',''),(2855,327,'EDP 07',54.18,'2016-07-01',0.00,0.00,0.00,'Pagado','0',520,'2016-09-06','2016-07-31','2016-09-02',''),(2856,328,'EDP 08',54.18,'2016-08-01',0.00,0.00,0.00,'Pagado','0',520,'2016-09-06','2016-08-31','2016-09-02',''),(2857,329,'EDP 01',700000.00,'2016-02-01',0.00,0.00,0.00,'Por Pagar','0',521,NULL,NULL,NULL,NULL),(2858,330,'EDP 01',878151.00,'2016-02-01',0.00,0.00,0.00,'Por Pagar','0',522,NULL,NULL,NULL,NULL),(2859,331,'EDP 01',2016807.00,'2016-02-01',0.00,0.00,0.00,'Por Pagar','0',523,NULL,NULL,NULL,NULL),(2860,332,'EDP 01',855002.00,'2016-02-01',0.00,0.00,0.00,'Por Pagar','0',524,NULL,NULL,NULL,NULL),(2861,333,'EDP 01',10200.00,'2016-02-23',0.00,0.00,0.00,'Pagado','0',525,NULL,'2016-03-30',NULL,''),(2862,334,'EDP 01',45150.00,'2016-02-16',0.00,0.00,0.00,'Pagado','PJ 2010028',526,NULL,'2016-03-31',NULL,''),(2863,335,'EDP 02',45150.00,'2016-04-01',0.00,0.00,0.00,'Pagado','PJ 2017005',526,NULL,'2016-05-31',NULL,''),(2864,336,'EDP 01',3572820.00,'2016-02-01',0.00,0.00,0.00,'Por Pagar','0',527,NULL,NULL,NULL,NULL),(2865,337,'EDP 01',2500.00,'2016-03-01',0.00,0.00,0.00,'Pagado','0',528,NULL,NULL,NULL,NULL),(2866,338,'EDP 02',7500.00,'2016-04-01',0.00,0.00,0.00,'Pagado','0',528,NULL,NULL,NULL,NULL),(2867,339,'EDP 01',168480.00,'2016-03-01',0.00,0.00,0.00,'Por Pagar','0',529,NULL,NULL,NULL,NULL),(2868,340,'EDP 01',537480.00,'2016-05-01',0.00,0.00,0.00,'Pagado','0',535,NULL,'2016-05-31',NULL,''),(2869,341,'EDP 02',390075.00,'2016-06-01',0.00,0.00,0.00,'Pagado','16',535,'2016-07-13','2016-06-30','2016-07-13',''),(2870,342,'EDP 03',385079.00,'2016-07-01',0.00,0.00,0.00,'Pagado','0',535,'2016-08-12','2016-07-31','2016-08-09',''),(2871,343,'EDP 04',347506.00,'2016-08-01',0.00,0.00,0.00,'Pagado','0',535,'2016-09-15','2016-08-31','2016-09-15',''),(2872,344,'EDP 01',2290000.00,'2016-05-01',0.00,0.00,0.00,'Pagado','F/718',537,NULL,NULL,NULL,NULL),(2873,345,'EDP 01',1410000.00,'2016-06-14',0.00,0.00,0.00,'Pagado','F/11',554,'2016-07-26','2016-06-30','2016-07-20',''),(2874,346,'EDP 02',2585000.00,'2016-07-01',0.00,0.00,0.00,'Pagado','F/12',554,'2016-08-03','2016-07-31','2016-07-31',''),(2875,347,'EDP 03',4700000.00,'2016-08-01',0.00,0.00,0.00,'Pagado','F/13',554,'2016-08-23','2016-08-31','2016-08-16',''),(2876,348,'EDP 01',22215.00,'2016-06-10',0.00,0.00,0.00,'Pagado','0',555,'2016-08-10','2016-07-31','2016-08-05',''),(2877,349,'EDP 01',2400000.00,'2016-06-01',0.00,0.00,0.00,'pagado','0',556,NULL,NULL,NULL,NULL),(2878,350,'EDP 02',5600000.00,'2016-07-01',0.00,0.00,0.00,'Por Pagar','0',556,NULL,NULL,NULL,NULL),(2879,351,'EDP 01',13486.00,'2016-08-01',0.00,0.00,0.00,'Por Pagar','0',582,'2016-08-09','2016-08-01','2016-08-05',''),(2880,352,'EDP 02',22860.00,'2016-08-01',0.00,0.00,0.00,'Por Pagar','0',582,'2016-08-18','2016-08-31','2016-08-12',''),(2881,NULL,'EDP 01',239162074.00,'2016-07-25',NULL,11958104.00,NULL,'Pagado','',472,'2016-09-16','2016-08-25','2016-09-15',''),(2882,NULL,'EDP 01',1832.00,'2016-08-08',NULL,NULL,NULL,'Pagado','F/82',493,'2016-09-16','2016-08-08','2016-09-12','EDP 01 Anticipo'),(2883,NULL,'EDP 01',1821300.00,'2016-07-20',NULL,NULL,NULL,'Pagado','F/13599',577,'2016-09-15','2016-07-31','2016-09-14',''),(2884,NULL,'EDP 02',6336604.00,'2016-08-01',NULL,NULL,NULL,'Pagado','',577,'2016-09-15','2016-08-31','2016-09-14',''),(2885,NULL,'EDP 01',375.90,'2016-08-01',NULL,NULL,NULL,'Pagado','F/13599',569,'2016-08-09','2016-08-31','2016-08-01','F/13599'),(2886,NULL,'EDP 02',375.90,'2016-08-01',NULL,NULL,NULL,'Pagado','F/14259',569,'2016-09-16','2016-08-14','2016-09-12',''),(2887,NULL,'EDP 03',501.20,'2016-09-15',NULL,NULL,NULL,'Pagado','',569,'2016-09-21','2016-09-01','2016-09-20',''),(2888,NULL,'EDP 01',266667.00,'2016-07-01',NULL,NULL,NULL,'Pagado','',566,NULL,'2016-07-31',NULL,''),(2889,NULL,'EDP 01',266667.00,'2016-08-01',NULL,NULL,NULL,'Pagado','',566,NULL,'2016-08-31',NULL,''),(2890,NULL,'EDP 01',433333.00,'2016-07-04',NULL,NULL,NULL,'Pagado','',565,'2016-09-21','2016-07-31','2016-09-09',''),(2891,NULL,'EDP 01',72.00,'2016-06-10',NULL,NULL,NULL,'Pagado','',553,'2016-08-09','2016-07-31','2016-08-04',''),(2892,NULL,'EDP 02',125.00,'2016-08-01',NULL,NULL,NULL,'Pagado','F/40',553,'2016-09-16','2016-08-31','2016-09-12',''),(2893,NULL,'EDP 01',1671875.00,'2016-06-06',NULL,NULL,NULL,'Pagado','',540,'2016-09-21','2016-07-31','2016-09-13','');
/*!40000 ALTER TABLE `personas_edp` ENABLE KEYS */;
UNLOCK TABLES;

--
-- Table structure for table `personas_mdte`
--

DROP TABLE IF EXISTS `personas_mdte`;
/*!40101 SET @saved_cs_client     = @@character_set_client */;
/*!40101 SET character_set_client = utf8 */;
CREATE TABLE `personas_mdte` (
  `id` int(11) NOT NULL AUTO_INCREMENT,
  `IdMandante` int(11) DEFAULT NULL,
  `NomMandte` varchar(50) NOT NULL,
  `DirecMandte` varchar(100) NOT NULL,
  `RutMandte` varchar(20) NOT NULL,
  PRIMARY KEY (`id`)
) ENGINE=InnoDB AUTO_INCREMENT=21 DEFAULT CHARSET=latin1;
/*!40101 SET character_set_client = @saved_cs_client */;

--
-- Dumping data for table `personas_mdte`
--

LOCK TABLES `personas_mdte` WRITE;
/*!40000 ALTER TABLE `personas_mdte` DISABLE KEYS */;
INSERT INTO `personas_mdte` VALUES (16,1,'N.A','N.A','N.A'),(17,2,'SOCIEDAD CONTRACTUAL MINERA EL MORRO','Brasil N308, Vallenar','78.840.880-3'),(18,3,'CORREDOR SPA','Isidora Goyenechea 2800, oficina 802, Las Condes, Santiago','99.509.930-2'),(19,4,'GOLDCORP EXPLORACIONES CHILE SpA','Apoquindo N 4501, oficina 701, Las Condes, Santiago','76.141.878-5'),(20,5,'GOLDCORP SERVICIOS CHILE Ltda','Apoquindo N 4501, oficina 702, Las Condes, Santiago','76.141.894-7');
/*!40000 ALTER TABLE `personas_mdte` ENABLE KEYS */;
UNLOCK TABLES;

--
-- Table structure for table `personas_monedas`
--

DROP TABLE IF EXISTS `personas_monedas`;
/*!40101 SET @saved_cs_client     = @@character_set_client */;
/*!40101 SET character_set_client = utf8 */;
CREATE TABLE `personas_monedas` (
  `id` int(11) NOT NULL AUTO_INCREMENT,
  `NomMoneda` varchar(4) NOT NULL,
  `ValorMoneda` decimal(10,2) DEFAULT NULL,
  `FechMoneda` date DEFAULT NULL,
  PRIMARY KEY (`id`)
) ENGINE=InnoDB AUTO_INCREMENT=6 DEFAULT CHARSET=latin1;
/*!40101 SET character_set_client = @saved_cs_client */;

--
-- Dumping data for table `personas_monedas`
--

LOCK TABLES `personas_monedas` WRITE;
/*!40000 ALTER TABLE `personas_monedas` DISABLE KEYS */;
INSERT INTO `personas_monedas` VALUES (1,'USD',680.00,'2016-01-01'),(2,'UF',26224.30,'2016-09-16'),(3,'CLP$',1.00,NULL),(4,'EUR',752.23,'2016-09-16'),(5,'CAD',514.19,'2016-09-16');
/*!40000 ALTER TABLE `personas_monedas` ENABLE KEYS */;
UNLOCK TABLES;

--
-- Table structure for table `personas_odc`
--

DROP TABLE IF EXISTS `personas_odc`;
/*!40101 SET @saved_cs_client     = @@character_set_client */;
/*!40101 SET character_set_client = utf8 */;
CREATE TABLE `personas_odc` (
  `id` int(11) NOT NULL AUTO_INCREMENT,
  `IdODC` int(11) DEFAULT NULL,
  `NumODC` varchar(8) NOT NULL,
  `FechT_ODC` date DEFAULT NULL,
  `ValorODC` decimal(21,2) DEFAULT NULL,
  `DescripODC` varchar(50) DEFAULT NULL,
  `IdCecoODC_id` int(11) NOT NULL,
  `IdCtto_id` int(11) NOT NULL,
  `FechAppOdc` date,
  `FechSolOdc` date,
  `ObservOdc` varchar(100),
  PRIMARY KEY (`id`),
  KEY `personas_odc_IdCecoODC_id_7faebe24_fk_personas_ceco_id` (`IdCecoODC_id`),
  KEY `personas_odc_IdCtto_id_5e3228b3_fk_personas_ctto_id` (`IdCtto_id`),
  CONSTRAINT `personas_odc_IdCecoODC_id_7faebe24_fk_personas_ceco_id` FOREIGN KEY (`IdCecoODC_id`) REFERENCES `personas_ceco` (`id`),
  CONSTRAINT `personas_odc_IdCtto_id_5e3228b3_fk_personas_ctto_id` FOREIGN KEY (`IdCtto_id`) REFERENCES `personas_ctto` (`id`)
) ENGINE=InnoDB AUTO_INCREMENT=658 DEFAULT CHARSET=latin1;
/*!40101 SET character_set_client = @saved_cs_client */;

--
-- Dumping data for table `personas_odc`
--

LOCK TABLES `personas_odc` WRITE;
/*!40000 ALTER TABLE `personas_odc` DISABLE KEYS */;
INSERT INTO `personas_odc` VALUES (568,1,'ODC 01','2014-07-01',NULL,'0',161,449,NULL,NULL,NULL),(569,2,'ODC 02','2016-11-01',15395946.00,'0',161,449,NULL,NULL,NULL),(570,3,'ODC 03','2016-11-01',1696036.00,'0',161,449,NULL,NULL,NULL),(571,4,'ODC 04','2016-11-01',2740947.00,'0',161,449,NULL,NULL,NULL),(572,5,'ODC 05','2016-11-01',5390564.00,'0',161,449,NULL,NULL,NULL),(573,6,'ODC 01','2016-11-01',10198000.00,'0',170,450,NULL,NULL,NULL),(574,7,'ODC 02','2016-11-01',8617600.00,'0',170,450,NULL,NULL,NULL),(575,8,'ODC 03','2016-11-01',2100000.00,'0',170,450,NULL,NULL,NULL),(576,9,'ODC 04','2016-11-01',3400000.00,'0',170,450,NULL,NULL,NULL),(577,10,'ODC 05','2015-12-31',79941603.00,'0',170,450,NULL,NULL,NULL),(578,11,'ODC 06','2016-11-01',-6341276.00,'0',170,450,NULL,NULL,NULL),(579,12,'ODC 07','2016-01-31',NULL,'0',170,450,NULL,NULL,NULL),(580,13,'ODC 08','2016-12-31',52367879.00,'0',170,450,NULL,NULL,NULL),(581,14,'ODC 01','2016-12-31',3365400.00,'0',184,451,NULL,NULL,NULL),(582,15,'ODC 01','2016-12-31',384.00,'0',184,452,NULL,NULL,NULL),(583,16,'ODC 02','2016-06-30',535.00,'0',204,453,NULL,NULL,NULL),(584,17,'ODC 03','2016-12-31',396.20,'0',204,453,NULL,NULL,''),(585,18,'ODC 01','2015-12-31',NULL,'0',199,454,NULL,NULL,NULL),(586,19,'ODC 02','2017-01-01',63817201.00,'0',199,454,NULL,NULL,NULL),(587,20,'ODC 01','2016-06-30',-20129275.00,'0',204,455,NULL,NULL,NULL),(588,21,'ODC 01','2016-11-01',-6300000.00,'0',195,456,NULL,NULL,NULL),(589,22,'ODC 02','2016-11-01',13050000.00,'0',195,456,NULL,NULL,NULL),(590,23,'ODC 01','2016-11-01',10857390.00,'0',164,457,NULL,NULL,NULL),(591,24,'ODC 03','2016-11-01',-1029997.75,'0',164,457,NULL,NULL,NULL),(592,25,'ODC 01','2016-12-31',2387.79,'0',185,459,NULL,NULL,NULL),(593,26,'ODC 02','2016-11-01',-682.24,'0',185,459,NULL,NULL,NULL),(594,27,'ODC 01','2016-07-31',21982335.00,'0',204,461,NULL,NULL,NULL),(595,28,'ODC 02','2016-12-31',8792934.00,'0',204,461,NULL,NULL,''),(596,29,'ODC 01','2016-11-01',848.00,'0',164,462,NULL,NULL,NULL),(597,30,'ODC 01','2016-11-01',-2264034.30,'0',198,464,NULL,NULL,NULL),(598,31,'ODC 01','2016-11-01',561.00,'0',203,465,NULL,NULL,NULL),(599,32,'ODC 01','2016-05-31',2125.69,'0',173,467,NULL,NULL,NULL),(600,33,'ODC 03','2016-03-21',-354.10,'0',173,467,NULL,NULL,NULL),(601,34,'ODC 01','2016-11-01',694445.00,'0',161,478,NULL,NULL,NULL),(602,35,'ODC 01','2016-11-01',366.00,'0',157,479,NULL,NULL,NULL),(603,36,'ODC 01','2016-11-01',4260.00,'0',169,495,NULL,NULL,NULL),(604,37,'ODC 02','2016-11-01',3828.00,'0',169,495,NULL,NULL,NULL),(605,38,'ODC 03','2016-11-01',748.00,'0',169,495,NULL,NULL,NULL),(606,39,'ODC 04','2016-11-01',990.00,'0',169,495,NULL,NULL,NULL),(607,40,'ODC 05','2016-11-01',64.08,'0',169,495,NULL,NULL,NULL),(608,41,'ODC 06','2016-11-01',990.00,'0',169,495,NULL,NULL,NULL),(609,42,'ODC 01','2016-11-01',20140.00,'0',169,496,NULL,NULL,NULL),(610,43,'ODC 02','2016-11-01',45600.00,'0',169,496,NULL,NULL,NULL),(611,44,'ODC 03','2016-11-01',45600.00,'0',169,496,NULL,NULL,NULL),(612,45,'ODC 04','2016-11-01',7600.00,'0',169,496,NULL,NULL,NULL),(613,46,'ODC 05','2016-12-31',38000.00,'0',169,496,NULL,NULL,''),(614,47,'ODC 01','2016-11-01',17154865.00,'0',170,497,NULL,NULL,NULL),(615,48,'ODC 02','2016-11-01',3995000.00,'0',170,497,NULL,NULL,NULL),(616,49,'ODC 03','2016-11-01',20164200.00,'0',170,497,NULL,NULL,NULL),(617,50,'ODC 04','2016-11-01',84134166.00,'0',170,497,NULL,NULL,NULL),(618,51,'ODC 05','2016-11-01',-15744479.00,'0',170,497,NULL,NULL,NULL),(619,52,'ODC 06','2016-11-01',41071303.00,'0',170,497,NULL,NULL,NULL),(620,53,'ODC 07','2016-11-01',41571302.00,'0',170,497,NULL,NULL,NULL),(621,54,'ODC 08','2016-11-01',7281884.00,'0',170,497,NULL,NULL,NULL),(622,55,'ODC 09','2016-11-01',-2520012.00,'0',170,497,NULL,NULL,NULL),(623,56,'ODC 01','2016-11-01',-620.58,'0',203,498,NULL,NULL,NULL),(624,57,'ODC 02','2016-11-01',818.32,'0',203,498,NULL,NULL,NULL),(625,58,'ODC 03','2016-11-01',72.70,'0',203,498,NULL,NULL,NULL),(626,59,'ODC 05','2016-11-01',529.38,'0',203,498,NULL,NULL,NULL),(627,60,'ODC 01','2016-11-01',10804604.00,'0',170,500,NULL,NULL,NULL),(628,61,'ODC 02','2016-11-01',14304398.00,'0',170,500,NULL,NULL,NULL),(629,62,'ODC 03','2016-11-01',1166598.00,'0',170,500,NULL,NULL,NULL),(630,63,'ODC 04','2016-11-01',64534.00,'0',170,500,NULL,NULL,NULL),(631,64,'ODC 03','2016-11-01',50000000.00,'0',198,501,NULL,NULL,NULL),(632,65,'ODC 05','2016-11-01',50000000.00,'0',198,501,NULL,NULL,NULL),(633,66,'ODC 01','2016-11-01',393.00,'0',169,508,NULL,NULL,NULL),(634,67,'ODC 02','2016-11-01',103.60,'0',169,508,NULL,NULL,NULL),(635,68,'ODC 03','2016-11-01',621.60,'0',169,508,NULL,NULL,NULL),(636,69,'ODC 04','2016-11-01',520.50,'0',169,508,NULL,NULL,NULL),(637,70,'ODC 05','2016-11-01',514.80,'0',169,508,NULL,NULL,NULL),(638,71,'ODC 06','2016-11-01',128.70,'0',169,508,NULL,NULL,NULL),(639,72,'ODC 07','2016-11-01',328.50,'0',169,508,NULL,NULL,NULL),(640,73,'ODC 01','2016-11-01',3812.91,'0',175,516,NULL,NULL,NULL),(641,74,'ODC 01','2016-11-01',11616.30,'0',174,517,NULL,NULL,NULL),(642,75,'ODC 01','2016-11-01',3745000.00,'0',169,519,NULL,NULL,NULL),(643,76,'ODC 02','2016-11-01',2640000.00,'0',207,519,NULL,NULL,NULL),(644,77,'ODC 03','2016-11-01',13900000.00,'0',169,519,NULL,NULL,NULL),(645,78,'ODC 04','2016-11-01',44312821.00,'0',169,519,NULL,NULL,NULL),(646,79,'ODC 05','2016-11-01',4200000.00,'0',169,519,NULL,NULL,NULL),(647,80,'ODC 01',NULL,93.93,'0',169,520,NULL,NULL,''),(648,81,'ODC 01','2016-11-01',15000.00,'0',178,525,NULL,NULL,NULL),(649,82,'ODC 01','2016-11-01',7500.00,'0',191,528,NULL,NULL,NULL),(650,83,'ODC 01','2016-11-01',5022000.00,'0',157,535,NULL,NULL,NULL),(651,84,'ODC 01','2016-11-01',76200.00,'0',157,582,NULL,NULL,NULL),(652,NULL,'ODC 01',NULL,2441794.00,'Serv Cami SERA',207,574,'2016-09-20','2016-09-10',''),(653,NULL,'ODC 01','2016-12-31',4260805.00,'LAVADO INTERIOR ESTANQUE 20M3 CAMPAMENTO EL PINGO',169,562,'2016-09-12','2016-09-07',''),(654,NULL,'ODC 01',NULL,7273920.00,'TRABAJO DE DESPEJE CAMINO SECTOR LA TOTORA',169,562,'2016-09-20','2016-09-10',''),(655,NULL,'ODC 01',NULL,917450.00,'SERVICIOS COMPLEMENTARIOS PROGRAMACION RADIOS',207,563,'2016-09-20','2016-09-08',''),(656,NULL,'ODC 01','2016-12-31',1770000.00,'SUMINISTRO Y TRANSPORTE AGUA POTABLE C. EL PINGO',207,538,'2016-09-20','2016-09-10',''),(657,NULL,'ODC 02','2016-12-31',379.60,'',169,520,NULL,NULL,'');
/*!40000 ALTER TABLE `personas_odc` ENABLE KEYS */;
UNLOCK TABLES;

--
-- Table structure for table `personas_persona`
--

DROP TABLE IF EXISTS `personas_persona`;
/*!40101 SET @saved_cs_client     = @@character_set_client */;
/*!40101 SET character_set_client = utf8 */;
CREATE TABLE `personas_persona` (
  `dni` varchar(8) NOT NULL,
  `nombre` varchar(100) NOT NULL,
  `apellido_paterno` varchar(100) NOT NULL,
  `apellido_materno` varchar(100) NOT NULL,
  PRIMARY KEY (`dni`)
) ENGINE=InnoDB DEFAULT CHARSET=latin1;
/*!40101 SET character_set_client = @saved_cs_client */;

--
-- Dumping data for table `personas_persona`
--

LOCK TABLES `personas_persona` WRITE;
/*!40000 ALTER TABLE `personas_persona` DISABLE KEYS */;
/*!40000 ALTER TABLE `personas_persona` ENABLE KEYS */;
UNLOCK TABLES;

--
-- Table structure for table `personas_question`
--

DROP TABLE IF EXISTS `personas_question`;
/*!40101 SET @saved_cs_client     = @@character_set_client */;
/*!40101 SET character_set_client = utf8 */;
CREATE TABLE `personas_question` (
  `id` int(11) NOT NULL AUTO_INCREMENT,
  `question_text` varchar(200) NOT NULL,
  `pub_date` datetime(6) NOT NULL,
  `slug` varchar(10) NOT NULL,
  PRIMARY KEY (`id`),
  UNIQUE KEY `slug` (`slug`)
) ENGINE=InnoDB DEFAULT CHARSET=latin1;
/*!40101 SET character_set_client = @saved_cs_client */;

--
-- Dumping data for table `personas_question`
--

LOCK TABLES `personas_question` WRITE;
/*!40000 ALTER TABLE `personas_question` DISABLE KEYS */;
/*!40000 ALTER TABLE `personas_question` ENABLE KEYS */;
UNLOCK TABLES;
/*!40103 SET TIME_ZONE=@OLD_TIME_ZONE */;

/*!40101 SET SQL_MODE=@OLD_SQL_MODE */;
/*!40014 SET FOREIGN_KEY_CHECKS=@OLD_FOREIGN_KEY_CHECKS */;
/*!40014 SET UNIQUE_CHECKS=@OLD_UNIQUE_CHECKS */;
/*!40101 SET CHARACTER_SET_CLIENT=@OLD_CHARACTER_SET_CLIENT */;
/*!40101 SET CHARACTER_SET_RESULTS=@OLD_CHARACTER_SET_RESULTS */;
/*!40101 SET COLLATION_CONNECTION=@OLD_COLLATION_CONNECTION */;
/*!40111 SET SQL_NOTES=@OLD_SQL_NOTES */;

-- Dump completed on 2016-09-27  7:43:21
