-- MySQL dump 10.13  Distrib 5.7.13, for osx10.11 (x86_64)
--
-- Host: localhost    Database: LEERBD_1
-- ------------------------------------------------------
-- Server version	5.7.13

/*!40101 SET @OLD_CHARACTER_SET_CLIENT=@@CHARACTER_SET_CLIENT */;
/*!40101 SET @OLD_CHARACTER_SET_RESULTS=@@CHARACTER_SET_RESULTS */;
/*!40101 SET @OLD_COLLATION_CONNECTION=@@COLLATION_CONNECTION */;
/*!40101 SET NAMES utf8 */;
/*!40103 SET @OLD_TIME_ZONE=@@TIME_ZONE */;
/*!40103 SET TIME_ZONE='+00:00' */;
/*!40014 SET @OLD_UNIQUE_CHECKS=@@UNIQUE_CHECKS, UNIQUE_CHECKS=0 */;
/*!40014 SET @OLD_FOREIGN_KEY_CHECKS=@@FOREIGN_KEY_CHECKS, FOREIGN_KEY_CHECKS=0 */;
/*!40101 SET @OLD_SQL_MODE=@@SQL_MODE, SQL_MODE='NO_AUTO_VALUE_ON_ZERO' */;
/*!40111 SET @OLD_SQL_NOTES=@@SQL_NOTES, SQL_NOTES=0 */;

--
-- Table structure for table `auth_group`
--

DROP TABLE IF EXISTS `auth_group`;
/*!40101 SET @saved_cs_client     = @@character_set_client */;
/*!40101 SET character_set_client = utf8 */;
CREATE TABLE `auth_group` (
  `id` int(11) NOT NULL AUTO_INCREMENT,
  `name` varchar(80) NOT NULL,
  PRIMARY KEY (`id`),
  UNIQUE KEY `name` (`name`)
) ENGINE=InnoDB DEFAULT CHARSET=latin1;
/*!40101 SET character_set_client = @saved_cs_client */;

--
-- Dumping data for table `auth_group`
--

LOCK TABLES `auth_group` WRITE;
/*!40000 ALTER TABLE `auth_group` DISABLE KEYS */;
/*!40000 ALTER TABLE `auth_group` ENABLE KEYS */;
UNLOCK TABLES;

--
-- Table structure for table `auth_group_permissions`
--

DROP TABLE IF EXISTS `auth_group_permissions`;
/*!40101 SET @saved_cs_client     = @@character_set_client */;
/*!40101 SET character_set_client = utf8 */;
CREATE TABLE `auth_group_permissions` (
  `id` int(11) NOT NULL AUTO_INCREMENT,
  `group_id` int(11) NOT NULL,
  `permission_id` int(11) NOT NULL,
  PRIMARY KEY (`id`),
  UNIQUE KEY `auth_group_permissions_group_id_0cd325b0_uniq` (`group_id`,`permission_id`),
  KEY `auth_group_permissi_permission_id_84c5c92e_fk_auth_permission_id` (`permission_id`),
  CONSTRAINT `auth_group_permissi_permission_id_84c5c92e_fk_auth_permission_id` FOREIGN KEY (`permission_id`) REFERENCES `auth_permission` (`id`),
  CONSTRAINT `auth_group_permissions_group_id_b120cbf9_fk_auth_group_id` FOREIGN KEY (`group_id`) REFERENCES `auth_group` (`id`)
) ENGINE=InnoDB DEFAULT CHARSET=latin1;
/*!40101 SET character_set_client = @saved_cs_client */;

--
-- Dumping data for table `auth_group_permissions`
--

LOCK TABLES `auth_group_permissions` WRITE;
/*!40000 ALTER TABLE `auth_group_permissions` DISABLE KEYS */;
/*!40000 ALTER TABLE `auth_group_permissions` ENABLE KEYS */;
UNLOCK TABLES;

--
-- Table structure for table `auth_permission`
--

DROP TABLE IF EXISTS `auth_permission`;
/*!40101 SET @saved_cs_client     = @@character_set_client */;
/*!40101 SET character_set_client = utf8 */;
CREATE TABLE `auth_permission` (
  `id` int(11) NOT NULL AUTO_INCREMENT,
  `name` varchar(255) NOT NULL,
  `content_type_id` int(11) NOT NULL,
  `codename` varchar(100) NOT NULL,
  PRIMARY KEY (`id`),
  UNIQUE KEY `auth_permission_content_type_id_01ab375a_uniq` (`content_type_id`,`codename`),
  CONSTRAINT `auth_permissi_content_type_id_2f476e4b_fk_django_content_type_id` FOREIGN KEY (`content_type_id`) REFERENCES `django_content_type` (`id`)
) ENGINE=InnoDB AUTO_INCREMENT=52 DEFAULT CHARSET=latin1;
/*!40101 SET character_set_client = @saved_cs_client */;

--
-- Dumping data for table `auth_permission`
--

LOCK TABLES `auth_permission` WRITE;
/*!40000 ALTER TABLE `auth_permission` DISABLE KEYS */;
INSERT INTO `auth_permission` VALUES (1,'Can add log entry',1,'add_logentry'),(2,'Can change log entry',1,'change_logentry'),(3,'Can delete log entry',1,'delete_logentry'),(4,'Can add permission',2,'add_permission'),(5,'Can change permission',2,'change_permission'),(6,'Can delete permission',2,'delete_permission'),(7,'Can add group',3,'add_group'),(8,'Can change group',3,'change_group'),(9,'Can delete group',3,'delete_group'),(10,'Can add user',4,'add_user'),(11,'Can change user',4,'change_user'),(12,'Can delete user',4,'delete_user'),(13,'Can add content type',5,'add_contenttype'),(14,'Can change content type',5,'change_contenttype'),(15,'Can delete content type',5,'delete_contenttype'),(16,'Can add session',6,'add_session'),(17,'Can change session',6,'change_session'),(18,'Can delete session',6,'delete_session'),(19,'Can add area',7,'add_area'),(20,'Can change area',7,'change_area'),(21,'Can delete area',7,'delete_area'),(22,'Can add ceco',8,'add_ceco'),(23,'Can change ceco',8,'change_ceco'),(24,'Can delete ceco',8,'delete_ceco'),(25,'Can add mdte',9,'add_mdte'),(26,'Can change mdte',9,'change_mdte'),(27,'Can delete mdte',9,'delete_mdte'),(28,'Can add ctta',10,'add_ctta'),(29,'Can change ctta',10,'change_ctta'),(30,'Can delete ctta',10,'delete_ctta'),(31,'Can add ctto',11,'add_ctto'),(32,'Can change ctto',11,'change_ctto'),(33,'Can delete ctto',11,'delete_ctto'),(34,'Can add edp',12,'add_edp'),(35,'Can change edp',12,'change_edp'),(36,'Can delete edp',12,'delete_edp'),(37,'Can add odc',13,'add_odc'),(38,'Can change odc',13,'change_odc'),(39,'Can delete odc',13,'delete_odc'),(40,'Can add monedas',14,'add_monedas'),(41,'Can change monedas',14,'change_monedas'),(42,'Can delete monedas',14,'delete_monedas'),(43,'Can add persona',15,'add_persona'),(44,'Can change persona',15,'change_persona'),(45,'Can delete persona',15,'delete_persona'),(46,'Can add question',16,'add_question'),(47,'Can change question',16,'change_question'),(48,'Can delete question',16,'delete_question'),(49,'Can add choice',17,'add_choice'),(50,'Can change choice',17,'change_choice'),(51,'Can delete choice',17,'delete_choice');
/*!40000 ALTER TABLE `auth_permission` ENABLE KEYS */;
UNLOCK TABLES;

--
-- Table structure for table `auth_user`
--

DROP TABLE IF EXISTS `auth_user`;
/*!40101 SET @saved_cs_client     = @@character_set_client */;
/*!40101 SET character_set_client = utf8 */;
CREATE TABLE `auth_user` (
  `id` int(11) NOT NULL AUTO_INCREMENT,
  `password` varchar(128) NOT NULL,
  `last_login` datetime(6) DEFAULT NULL,
  `is_superuser` tinyint(1) NOT NULL,
  `username` varchar(30) NOT NULL,
  `first_name` varchar(30) NOT NULL,
  `last_name` varchar(30) NOT NULL,
  `email` varchar(254) NOT NULL,
  `is_staff` tinyint(1) NOT NULL,
  `is_active` tinyint(1) NOT NULL,
  `date_joined` datetime(6) NOT NULL,
  PRIMARY KEY (`id`),
  UNIQUE KEY `username` (`username`)
) ENGINE=InnoDB AUTO_INCREMENT=4 DEFAULT CHARSET=latin1;
/*!40101 SET character_set_client = @saved_cs_client */;

--
-- Dumping data for table `auth_user`
--

LOCK TABLES `auth_user` WRITE;
/*!40000 ALTER TABLE `auth_user` DISABLE KEYS */;
INSERT INTO `auth_user` VALUES (1,'pbkdf2_sha256$24000$wpuFAbrSYi86$++ajCnWWugZ+XF7gODvE4fuStDE4+kK4+/+w6CwY0pI=','2017-02-20 09:36:45.384559',1,'admin','','','michaelleyton@hotmail.com',1,1,'2016-09-19 20:49:31.862503'),(2,'pbkdf2_sha256$24000$03dlyfKhXCVY$//3QCHAgT70v0c6L7m6QyGQZ3HosUxP1aVaOEm3x38Y=','2016-10-09 00:47:54.196679',0,'Alejandro','','','',1,1,'2016-10-08 23:35:45.000000'),(3,'pbkdf2_sha256$24000$fdNEiyfM7SDW$mn5y4SnVxosoIv/TEW3lkNA/j9CaU3XskGwgakPZ08I=',NULL,0,'Alejandro2','','','',0,1,'2016-10-09 00:43:30.547730');
/*!40000 ALTER TABLE `auth_user` ENABLE KEYS */;
UNLOCK TABLES;

--
-- Table structure for table `auth_user_groups`
--

DROP TABLE IF EXISTS `auth_user_groups`;
/*!40101 SET @saved_cs_client     = @@character_set_client */;
/*!40101 SET character_set_client = utf8 */;
CREATE TABLE `auth_user_groups` (
  `id` int(11) NOT NULL AUTO_INCREMENT,
  `user_id` int(11) NOT NULL,
  `group_id` int(11) NOT NULL,
  PRIMARY KEY (`id`),
  UNIQUE KEY `auth_user_groups_user_id_94350c0c_uniq` (`user_id`,`group_id`),
  KEY `auth_user_groups_group_id_97559544_fk_auth_group_id` (`group_id`),
  CONSTRAINT `auth_user_groups_group_id_97559544_fk_auth_group_id` FOREIGN KEY (`group_id`) REFERENCES `auth_group` (`id`),
  CONSTRAINT `auth_user_groups_user_id_6a12ed8b_fk_auth_user_id` FOREIGN KEY (`user_id`) REFERENCES `auth_user` (`id`)
) ENGINE=InnoDB DEFAULT CHARSET=latin1;
/*!40101 SET character_set_client = @saved_cs_client */;

--
-- Dumping data for table `auth_user_groups`
--

LOCK TABLES `auth_user_groups` WRITE;
/*!40000 ALTER TABLE `auth_user_groups` DISABLE KEYS */;
/*!40000 ALTER TABLE `auth_user_groups` ENABLE KEYS */;
UNLOCK TABLES;

--
-- Table structure for table `auth_user_user_permissions`
--

DROP TABLE IF EXISTS `auth_user_user_permissions`;
/*!40101 SET @saved_cs_client     = @@character_set_client */;
/*!40101 SET character_set_client = utf8 */;
CREATE TABLE `auth_user_user_permissions` (
  `id` int(11) NOT NULL AUTO_INCREMENT,
  `user_id` int(11) NOT NULL,
  `permission_id` int(11) NOT NULL,
  PRIMARY KEY (`id`),
  UNIQUE KEY `auth_user_user_permissions_user_id_14a6b632_uniq` (`user_id`,`permission_id`),
  KEY `auth_user_user_perm_permission_id_1fbb5f2c_fk_auth_permission_id` (`permission_id`),
  CONSTRAINT `auth_user_user_perm_permission_id_1fbb5f2c_fk_auth_permission_id` FOREIGN KEY (`permission_id`) REFERENCES `auth_permission` (`id`),
  CONSTRAINT `auth_user_user_permissions_user_id_a95ead1b_fk_auth_user_id` FOREIGN KEY (`user_id`) REFERENCES `auth_user` (`id`)
) ENGINE=InnoDB AUTO_INCREMENT=7 DEFAULT CHARSET=latin1;
/*!40101 SET character_set_client = @saved_cs_client */;

--
-- Dumping data for table `auth_user_user_permissions`
--

LOCK TABLES `auth_user_user_permissions` WRITE;
/*!40000 ALTER TABLE `auth_user_user_permissions` DISABLE KEYS */;
INSERT INTO `auth_user_user_permissions` VALUES (4,2,31),(1,2,32),(2,2,33),(5,2,46),(6,2,47),(3,2,48);
/*!40000 ALTER TABLE `auth_user_user_permissions` ENABLE KEYS */;
UNLOCK TABLES;

--
-- Table structure for table `django_admin_log`
--

DROP TABLE IF EXISTS `django_admin_log`;
/*!40101 SET @saved_cs_client     = @@character_set_client */;
/*!40101 SET character_set_client = utf8 */;
CREATE TABLE `django_admin_log` (
  `id` int(11) NOT NULL AUTO_INCREMENT,
  `action_time` datetime(6) NOT NULL,
  `object_id` longtext,
  `object_repr` varchar(200) NOT NULL,
  `action_flag` smallint(5) unsigned NOT NULL,
  `change_message` longtext NOT NULL,
  `content_type_id` int(11) DEFAULT NULL,
  `user_id` int(11) NOT NULL,
  PRIMARY KEY (`id`),
  KEY `django_admin__content_type_id_c4bce8eb_fk_django_content_type_id` (`content_type_id`),
  KEY `django_admin_log_user_id_c564eba6_fk_auth_user_id` (`user_id`),
  CONSTRAINT `django_admin__content_type_id_c4bce8eb_fk_django_content_type_id` FOREIGN KEY (`content_type_id`) REFERENCES `django_content_type` (`id`),
  CONSTRAINT `django_admin_log_user_id_c564eba6_fk_auth_user_id` FOREIGN KEY (`user_id`) REFERENCES `auth_user` (`id`)
) ENGINE=InnoDB AUTO_INCREMENT=1019 DEFAULT CHARSET=latin1;
/*!40101 SET character_set_client = @saved_cs_client */;

--
-- Dumping data for table `django_admin_log`
--

LOCK TABLES `django_admin_log` WRITE;
/*!40000 ALTER TABLE `django_admin_log` DISABLE KEYS */;
INSERT INTO `django_admin_log` VALUES (1,'2016-09-19 20:51:58.416451','473','SC-257',2,'Modificado/a NumCtto.',11,1),(2,'2016-09-19 20:55:23.169231','601','SMC ARQUITECTOS',1,'Añadido.',10,1),(3,'2016-09-19 21:00:13.085477','597','SC-278',1,'Añadido.',11,1),(4,'2016-09-19 21:04:41.906383','598','SC-279',1,'Añadido.',11,1),(5,'2016-09-19 21:06:03.205896','598','SC-279',2,'Modificado/a LocalCtto, TerrenCtto y SeguroCtto.',11,1),(6,'2016-09-19 21:08:58.876122','597','SC-278',2,'Modificado/a SeguroCtto.',11,1),(7,'2016-09-19 21:09:07.138107','598','SC-279',2,'Modificado/a SeguroCtto.',11,1),(8,'2016-09-19 21:15:12.262539','1','USD',1,'Añadido.',14,1),(9,'2016-09-19 21:16:06.749744','2','UF',1,'Añadido.',14,1),(10,'2016-09-19 21:16:29.017322','3','CLP$',1,'Añadido.',14,1),(11,'2016-09-19 21:17:10.209154','4','EUR',1,'Añadido.',14,1),(12,'2016-09-19 21:17:38.617025','5','CAD',1,'Añadido.',14,1),(13,'2016-09-19 21:46:27.069423','602','HOTEL PLAZA EL BOSQUE',1,'Añadido.',10,1),(14,'2016-09-19 21:46:37.071829','590','OS2016-074',2,'Modificado/a DescCtto, MonedaCtto, ValorCtto, IdCtta, FechIniCtto, FechTerCtto, IdCecoCtto y TerrenCtto.',11,1),(15,'2016-09-19 23:44:52.607718','603','ELECTRODHARMA ENERGY CONSULTING SPA',1,'Añadido.',10,1),(16,'2016-09-19 23:46:45.185349','599','OS2016-081',1,'Añadido.',11,1),(17,'2016-09-19 23:53:38.559066','604','INSTITUTO PORTALES',1,'Añadido.',10,1),(18,'2016-09-19 23:55:26.235918','600','OS2016-082',1,'Añadido.',11,1),(19,'2016-09-19 23:56:05.115219','597','SC-278',2,'Modificado/a EstCtto.',11,1),(20,'2016-09-19 23:56:23.167071','493','SC-277',2,'Modificado/a EstCtto.',11,1),(21,'2016-09-19 23:56:23.169669','492','SC-276',2,'Modificado/a EstCtto.',11,1),(22,'2016-09-25 13:56:43.366854','601','SC288',1,'Añadido.',11,1),(23,'2016-09-25 14:17:07.658310','601','SC-288',2,'Modificado/a NumCtto.',11,1),(24,'2016-09-25 14:18:08.396537','547','OS2016-031',2,'Modificado/a TipoServ.',11,1),(25,'2016-09-25 14:56:24.010224','450','SC-207',2,'Modificados PeriodEDPTer, PresenEDP y AprobEDP para \"SC-207 EDP 01\" edp.',11,1),(26,'2016-09-25 15:07:01.308727','450','SC-207',2,'Modificados PeriodEDPTer, PresenEDP y AprobEDP para \"SC-207 EDP 02\" edp. Modificados PeriodEDPTer, PresenEDP y AprobEDP para \"SC-207 EDP 03\" edp. Modificados PeriodEDPTer, PresenEDP y AprobEDP para \"SC-207 EDP 04\" edp. Modificados PeriodEDPTer, PresenEDP y AprobEDP para \"SC-207 EDP 05\" edp. Modificados PeriodEDPTer, PresenEDP y AprobEDP para \"SC-207 EDP 06\" edp. Modificados PeriodEDPTer, PresenEDP y AprobEDP para \"SC-207 EDP 07\" edp. Modificados PeriodEDPTer, PresenEDP y AprobEDP para \"SC-207 EDP 08\" edp. Modificados PeriodEDPTer, PresenEDP y AprobEDP para \"SC-207 EDP 09\" edp. Modificados PeriodEDPTer, PresenEDP y AprobEDP para \"SC-207 EDP 10\" edp. Modificados PeriodEDPTer, PresenEDP y AprobEDP para \"SC-207 EDP 11\" edp. Modificados PeriodEDPTer, PresenEDP y AprobEDP para \"SC-207 EDP 12\" edp. Modificados PeriodEDPTer, PresenEDP y AprobEDP para \"SC-207 EDP 13\" edp. Modificados PeriodEDPTer, PresenEDP y AprobEDP para \"SC-207 EDP 14\" edp. Modificados PeriodEDPTer, PresenEDP y AprobEDP para \"SC-207 EDP 15\" edp.',11,1),(27,'2016-09-25 15:21:27.814212','450','SC-207',2,'Modificados ObservEDP para \"SC-207 EDP 15\" edp. Modificados PeriodEDPTer, PresenEDP y AprobEDP para \"SC-207 EDP 16\" edp. Modificados PeriodEDPTer, PresenEDP y AprobEDP para \"SC-207 EDP 17\" edp. Modificados PeriodEDPTer, PresenEDP y AprobEDP para \"SC-207 EDP 18\" edp. Modificados PeriodEDPTer, PresenEDP y AprobEDP para \"SC-207 EDP 19\" edp. Modificados PeriodEDPTer, PresenEDP y AprobEDP para \"SC-207 EDP 20\" edp. Modificados PeriodEDPTer, PresenEDP y AprobEDP para \"SC-207 EDP 21\" edp.',11,1),(28,'2016-09-25 15:22:05.864962','514','OCM2016-02',2,'Modificado/a ObservCtto.',11,1),(29,'2016-09-25 15:22:05.870412','448','SC-104',2,'Modificado/a ObservCtto.',11,1),(30,'2016-09-25 15:43:54.614378','451','SC-214',2,'Modificados PeriodEDPTer, PresenEDP y AprobEDP para \"SC-214 EDP 01\" edp. Modificados PeriodEDPTer, PresenEDP y AprobEDP para \"SC-214 EDP 02\" edp. Modificados PeriodEDPTer, PresenEDP y AprobEDP para \"SC-214 EDP 03\" edp. Modificados PeriodEDPTer, PresenEDP y AprobEDP para \"SC-214 EDP 04\" edp. Modificados PeriodEDPTer, PresenEDP y AprobEDP para \"SC-214 EDP 05\" edp. Modificados PeriodEDPTer, PresenEDP y AprobEDP para \"SC-214 EDP 06\" edp. Modificados PeriodEDP, PeriodEDPTer, PresenEDP y AprobEDP para \"SC-214 EDP 07\" edp. Modificados PeriodEDP, PeriodEDPTer, PresenEDP y AprobEDP para \"SC-214 EDP 08\" edp. Modificados PeriodEDP, PeriodEDPTer, PresenEDP y AprobEDP para \"SC-214 EDP 09\" edp. Modificados PeriodEDP, PeriodEDPTer, PresenEDP y AprobEDP para \"SC-214 EDP 10\" edp.',11,1),(31,'2016-09-25 15:52:55.722800','452','SC-215',2,'Modificados PeriodEDPTer, PresenEDP y AprobEDP para \"SC-215 EDP 01\" edp. Modificados PeriodEDPTer, PresenEDP y AprobEDP para \"SC-215 EDP 02\" edp. Modificados PeriodEDPTer, PresenEDP y AprobEDP para \"SC-215 EDP 03\" edp. Modificados PeriodEDPTer, PresenEDP y AprobEDP para \"SC-215 EDP 04\" edp. Modificados PeriodEDPTer, PresenEDP y AprobEDP para \"SC-215 EDP 05\" edp. Modificados PeriodEDPTer, PresenEDP y AprobEDP para \"SC-215 EDP 06\" edp. Modificados PeriodEDPTer, PresenEDP y AprobEDP para \"SC-215 EDP 07\" edp. Modificados PeriodEDPTer, PresenEDP y AprobEDP para \"SC-215 EDP 08\" edp. Modificados PeriodEDPTer, PresenEDP y AprobEDP para \"SC-215 EDP 09\" edp. Modificados PeriodEDPTer, PresenEDP y AprobEDP para \"SC-215 EDP 10\" edp. Modificados PeriodEDPTer, PresenEDP y AprobEDP para \"SC-215 EDP 11\" edp. Modificados PeriodEDPTer, PresenEDP y AprobEDP para \"SC-215 EDP 12\" edp. Modificados PeriodEDP, PeriodEDPTer, PresenEDP y AprobEDP para \"SC-215 EDP 13\" edp.',11,1),(32,'2016-09-25 15:57:27.600981','452','SC-215',2,'Modificados PeriodEDPTer, PresenEDP y AprobEDP para \"SC-215 EDP 14\" edp. Modificados PeriodEDPTer, PresenEDP y AprobEDP para \"SC-215 EDP 15\" edp. Modificados PeriodEDPTer, PresenEDP y AprobEDP para \"SC-215 EDP 16\" edp. Modificados PeriodEDPTer, PresenEDP y AprobEDP para \"SC-215 EDP 17\" edp. Modificados PeriodEDPTer, PresenEDP y AprobEDP para \"SC-215 EDP 18\" edp. Modificados PeriodEDPTer, PresenEDP y AprobEDP para \"SC-215 EDP 19\" edp.',11,1),(33,'2016-09-25 16:08:15.458698','453','SC-216',2,'Modificados PeriodEDPTer, PresenEDP y AprobEDP para \"SC-216 EDP 01\" edp. Modificados PeriodEDPTer, PresenEDP y AprobEDP para \"SC-216 EDP 02\" edp. Modificados PeriodEDPTer, PresenEDP y AprobEDP para \"SC-216 EDP 03\" edp. Modificados PeriodEDPTer, PresenEDP y AprobEDP para \"SC-216 EDP 04\" edp. Modificados PeriodEDPTer, PresenEDP y AprobEDP para \"SC-216 EDP 05\" edp. Modificados PeriodEDPTer, PresenEDP y AprobEDP para \"SC-216 EDP 06\" edp. Modificados PeriodEDPTer, PresenEDP y AprobEDP para \"SC-216 EDP 07\" edp. Modificados PeriodEDPTer, PresenEDP y AprobEDP para \"SC-216 EDP 08\" edp. Modificados PeriodEDPTer, PresenEDP y AprobEDP para \"SC-216 EDP 09\" edp. Modificados PeriodEDPTer, PresenEDP y AprobEDP para \"SC-216 EDP 10\" edp. Modificados PeriodEDPTer, PresenEDP y AprobEDP para \"SC-216 EDP 11\" edp. Modificados PeriodEDPTer, PresenEDP y AprobEDP para \"SC-216 EDP 12\" edp. Modificados PeriodEDPTer, PresenEDP y AprobEDP para \"SC-216 EDP 13\" edp. Modificados PeriodEDPTer, PresenEDP y AprobEDP para \"SC-216 EDP 14\" edp. Modificados PeriodEDPTer, PresenEDP y AprobEDP para \"SC-216 EDP 15\" edp. Modificados PeriodEDPTer, PresenEDP y AprobEDP para \"SC-216 EDP 16\" edp. Modificados PeriodEDPTer, PresenEDP y AprobEDP para \"SC-216 EDP 17\" edp.',11,1),(34,'2016-09-25 16:22:45.825456','454','SC-220',2,'Modificados PeriodEDPTer, PresenEDP y AprobEDP para \"SC-220 EDP 01\" edp. Modificados PeriodEDPTer, PresenEDP y AprobEDP para \"SC-220 EDP 02\" edp. Modificados PeriodEDPTer, PresenEDP y AprobEDP para \"SC-220 EDP 03\" edp. Modificados PeriodEDPTer, PresenEDP y AprobEDP para \"SC-220 EDP 04\" edp. Modificados PeriodEDPTer, PresenEDP y AprobEDP para \"SC-220 EDP 05\" edp. Modificados PeriodEDPTer, PresenEDP y AprobEDP para \"SC-220 EDP 06\" edp. Modificados PeriodEDPTer, PresenEDP y AprobEDP para \"SC-220 EDP 07\" edp. Modificados PeriodEDPTer, PresenEDP y AprobEDP para \"SC-220 EDP 08\" edp. Modificados PeriodEDPTer, PresenEDP y AprobEDP para \"SC-220 EDP 09\" edp. Modificados PeriodEDPTer, PresenEDP y AprobEDP para \"SC-220 EDP 10\" edp. Modificados PeriodEDPTer, PresenEDP y AprobEDP para \"SC-220 EDP 11\" edp. Modificados PeriodEDPTer, PresenEDP y AprobEDP para \"SC-220 EDP 12\" edp. Modificados PeriodEDPTer, PresenEDP y AprobEDP para \"SC-220 EDP 13\" edp. Modificados PeriodEDPTer, PresenEDP y AprobEDP para \"SC-220 EDP 14\" edp. Modificados PeriodEDPTer, PresenEDP y AprobEDP para \"SC-220 EDP 15\" edp. Modificados PeriodEDPTer, PresenEDP y AprobEDP para \"SC-220 EDP 16\" edp. Modificados PeriodEDPTer, PresenEDP y AprobEDP para \"SC-220 EDP 17\" edp. Modificados PeriodEDPTer, PresenEDP y AprobEDP para \"SC-220 EDP 18\" edp. Modificados PeriodEDPTer, PresenEDP y AprobEDP para \"SC-220 EDP 19\" edp. Modificados PeriodEDPTer, PresenEDP y AprobEDP para \"SC-220 EDP 20\" edp.',11,1),(35,'2016-09-25 16:31:56.104326','455','SC-222',2,'Modificados PeriodEDPTer, PresenEDP y AprobEDP para \"SC-222 EDP 01\" edp. Modificados PeriodEDPTer, PresenEDP y AprobEDP para \"SC-222 EDP 02\" edp. Modificados PeriodEDPTer, PresenEDP y AprobEDP para \"SC-222 EDP 03\" edp. Modificados PeriodEDPTer, PresenEDP y AprobEDP para \"SC-222 EDP 04\" edp. Modificados PeriodEDPTer, PresenEDP y AprobEDP para \"SC-222 EDP 05\" edp. Modificados PeriodEDPTer, PresenEDP y AprobEDP para \"SC-222 EDP 06\" edp. Modificados PeriodEDPTer, PresenEDP y AprobEDP para \"SC-222 EDP 07\" edp. Modificados PeriodEDPTer, PresenEDP y AprobEDP para \"SC-222 EDP 08\" edp. Modificados PeriodEDP, PeriodEDPTer, PresenEDP y AprobEDP para \"SC-222 EDP 10\" edp. Modificados PeriodEDPTer, PresenEDP y AprobEDP para \"SC-222 EDP 11\" edp. Modificados PeriodEDPTer, PresenEDP y AprobEDP para \"SC-222 EDP 12\" edp. Modificados PeriodEDPTer, PresenEDP y AprobEDP para \"SC-222 EDP 13\" edp. Modificados PeriodEDPTer, PresenEDP y AprobEDP para \"SC-222 EDP 14\" edp.',11,1),(36,'2016-09-25 16:45:31.536612','456','SC-224',2,'Modificados PeriodEDPTer, PresenEDP y AprobEDP para \"SC-224 EDP 01\" edp. Modificados PeriodEDPTer, PresenEDP y AprobEDP para \"SC-224 EDP 02\" edp. Modificados PeriodEDPTer, PresenEDP y AprobEDP para \"SC-224 EDP 03\" edp. Modificados PeriodEDPTer, PresenEDP y AprobEDP para \"SC-224 EDP 04\" edp. Modificados PeriodEDPTer, PresenEDP y AprobEDP para \"SC-224 EDP 05\" edp. Modificados PeriodEDPTer, PresenEDP y AprobEDP para \"SC-224 EDP 06\" edp. Modificados PeriodEDPTer, PresenEDP y AprobEDP para \"SC-224 EDP 07\" edp. Modificados PeriodEDPTer, PresenEDP y AprobEDP para \"SC-224 EDP 08\" edp. Modificados PeriodEDPTer, PresenEDP y AprobEDP para \"SC-224 EDP 09\" edp. Modificados PeriodEDPTer, PresenEDP y AprobEDP para \"SC-224 EDP 10\" edp. Modificados PeriodEDPTer, PresenEDP y AprobEDP para \"SC-224 EDP 11\" edp. Modificados PeriodEDPTer, PresenEDP y AprobEDP para \"SC-224 EDP 12\" edp. Modificados PeriodEDPTer, PresenEDP y AprobEDP para \"SC-224 EDP 13\" edp. Modificados PeriodEDPTer, PresenEDP y AprobEDP para \"SC-224 EDP 14\" edp. Modificados PeriodEDPTer, PresenEDP y AprobEDP para \"SC-224 EDP 15\" edp. Modificados PeriodEDPTer, PresenEDP y AprobEDP para \"SC-224 EDP 16\" edp. Modificados PeriodEDPTer, PresenEDP y AprobEDP para \"SC-224 EDP 17\" edp. Modificados PeriodEDPTer, PresenEDP y AprobEDP para \"SC-224 EDP 18\" edp. Modificados PeriodEDPTer, PresenEDP y AprobEDP para \"SC-224 EDP 19\" edp. Modificados PeriodEDPTer, PresenEDP y AprobEDP para \"SC-224 EDP 20\" edp.',11,1),(37,'2016-09-25 17:01:32.940208','459','SC-233',2,'Modificados PeriodEDPTer, PresenEDP y AprobEDP para \"SC-233 EDP 01\" edp. Modificados PeriodEDPTer, PresenEDP y AprobEDP para \"SC-233 EDP 02\" edp. Modificados PeriodEDPTer, PresenEDP y AprobEDP para \"SC-233 EDP 03\" edp. Modificados PeriodEDPTer, PresenEDP y AprobEDP para \"SC-233 EDP 04\" edp. Modificados PeriodEDPTer, PresenEDP y AprobEDP para \"SC-233 EDP 05\" edp. Modificados PeriodEDP, PeriodEDPTer, PresenEDP y AprobEDP para \"SC-233 EDP 06\" edp. Modificados PeriodEDPTer, PresenEDP, AprobEDP y ObservEDP para \"SC-233 EDP 07\" edp. Modificados PeriodEDPTer, PresenEDP y AprobEDP para \"SC-233 EDP 08\" edp. Modificados PeriodEDPTer, PresenEDP y AprobEDP para \"SC-233 EDP 09\" edp. Modificados PeriodEDPTer, PresenEDP y AprobEDP para \"SC-233 EDP 10\" edp. Modificados PeriodEDPTer, PresenEDP y AprobEDP para \"SC-233 EDP 11\" edp. Modificados PeriodEDPTer, PresenEDP y AprobEDP para \"SC-233 EDP 12\" edp. Modificados PeriodEDP, PeriodEDPTer, PresenEDP, AprobEDP y ObservEDP para \"SC-233 EDP 13\" edp. Modificados PeriodEDPTer, PresenEDP y AprobEDP para \"SC-233 EDP 14\" edp. Modificados PeriodEDPTer, PresenEDP y AprobEDP para \"SC-233 EDP 15\" edp. Modificados PeriodEDPTer, PresenEDP y AprobEDP para \"SC-233 EDP 16\" edp. Modificados PeriodEDPTer, PresenEDP y AprobEDP para \"SC-233 EDP 17\" edp.',11,1),(38,'2016-09-25 17:03:29.748584','460','SC-235',2,'Modificados PeriodEDP, PeriodEDPTer, PresenEDP y AprobEDP para \"SC-235 EDP 01\" edp.',11,1),(39,'2016-09-25 17:17:08.350512','461','SC-237',2,'Modificados PeriodEDPTer para \"SC-237 EDP 01\" edp. Modificados PeriodEDPTer para \"SC-237 EDP 02\" edp. Modificados PeriodEDPTer para \"SC-237 EDP 03\" edp. Modificados PeriodEDPTer para \"SC-237 EDP 04\" edp. Modificados PeriodEDPTer para \"SC-237 EDP 05\" edp. Modificados PeriodEDP, PeriodEDPTer y ObservEDP para \"SC-237 EDP 06\" edp. Modificados PeriodEDPTer para \"SC-237 EDP 07\" edp. Modificados PeriodEDPTer para \"SC-237 EDP 08\" edp. Modificados PeriodEDPTer, PresenEDP y AprobEDP para \"SC-237 EDP 09\" edp. Modificados PeriodEDPTer, PresenEDP y AprobEDP para \"SC-237 EDP 10\" edp. Modificados PeriodEDPTer, PresenEDP y AprobEDP para \"SC-237 EDP 11\" edp.',11,1),(40,'2016-09-25 17:28:05.710055','463','SC-242',2,'Modificados PeriodEDPTer para \"SC-242 EDP 01\" edp. Modificados PeriodEDPTer para \"SC-242 EDP 02\" edp. Modificados PeriodEDPTer para \"SC-242 EDP 03\" edp. Modificados PeriodEDPTer para \"SC-242 EDP 04\" edp. Modificados PeriodEDPTer para \"SC-242 EDP 05\" edp. Modificados PeriodEDPTer para \"SC-242 EDP 06\" edp. Modificados PeriodEDPTer para \"SC-242 EDP 07\" edp. Modificados PeriodEDPTer, PresenEDP y AprobEDP para \"SC-242 EDP 08\" edp. Modificados PeriodEDPTer, PresenEDP y AprobEDP para \"SC-242 EDP 09\" edp. Modificados PeriodEDPTer, PresenEDP y AprobEDP para \"SC-242 EDP 10\" edp. Modificados PeriodEDPTer, PresenEDP y AprobEDP para \"SC-242 EDP 11\" edp.',11,1),(41,'2016-09-25 17:34:01.172605','468','SC-249',2,'Modificados PeriodEDPTer para \"SC-249 EDP 01\" edp. Modificados PeriodEDPTer para \"SC-249 EDP 02\" edp. Modificados PeriodEDP, PeriodEDPTer, PresenEDP, AprobEDP y ObservEDP para \"SC-249 EDP 05\" edp. Modificados PeriodEDPTer, PresenEDP y AprobEDP para \"SC-249 EDP 06\" edp.',11,1),(42,'2016-09-25 17:38:22.664043','470','SC-252',2,'Modificados PeriodEDPTer para \"SC-252 EDP 01\" edp. Modificados PeriodEDPTer para \"SC-252 EDP 02\" edp. Modificados PeriodEDPTer para \"SC-252 EDP 03\" edp. Modificados PeriodEDPTer para \"SC-252 EDP 04\" edp. Modificados PeriodEDPTer para \"SC-252 EDP 05\" edp. Modificados PeriodEDPTer para \"SC-252 EDP 06\" edp. Modificados PeriodEDPTer, PresenEDP y AprobEDP para \"SC-252 EDP 07\" edp. Modificados PeriodEDPTer, PresenEDP y AprobEDP para \"SC-252 EDP 08\" edp.',11,1),(43,'2016-09-25 17:42:40.924327','471','SC-253',2,'Modificados PeriodEDPTer para \"SC-253 EDP 01\" edp. Modificados PeriodEDPTer para \"SC-253 EDP 02\" edp. Modificados PeriodEDPTer para \"SC-253 EDP 03\" edp. Modificados PeriodEDPTer para \"SC-253 EDP 04\" edp. Modificados PeriodEDPTer, PresenEDP y AprobEDP para \"SC-253 EDP 05\" edp. Modificados PeriodEDPTer, PresenEDP y AprobEDP para \"SC-253 EDP 06\" edp. Modificados PeriodEDPTer, PresenEDP y AprobEDP para \"SC-253 EDP 07\" edp. Modificados PeriodEDPTer, PresenEDP y AprobEDP para \"SC-253 EDP 08\" edp.',11,1),(44,'2016-09-25 17:48:43.696886','472','SC-256',2,'Añadido/a \"SC-256 EDP 01\" edp.',11,1),(45,'2016-09-25 18:54:04.592822','473','SC-257',2,'Modificados PeriodEDP, PeriodEDPTer, PresenEDP y AprobEDP para \"SC-257 EDP 01\" edp.',11,1),(46,'2016-09-25 18:59:35.570959','474','SC-258',2,'Modificados PeriodEDPTer para \"SC-258 EDP 01\" edp. Modificados PeriodEDPTer, PresenEDP y AprobEDP para \"SC-258 EDP 02\" edp. Modificados PeriodEDPTer, PresenEDP y AprobEDP para \"SC-258 EDP 03\" edp. Modificados PeriodEDPTer, PresenEDP y AprobEDP para \"SC-258 EDP 04\" edp.',11,1),(47,'2016-09-25 19:01:44.599005','475','SC-259',2,'Modificados PeriodEDP, PeriodEDPTer, PresenEDP y AprobEDP para \"SC-259 EDP 01\" edp.',11,1),(48,'2016-09-25 19:03:15.805471','477','SC-261',2,'Modificados PeriodEDPTer para \"SC-261 EDP 01\" edp. Modificados PeriodEDPTer para \"SC-261 EDP 02\" edp. Modificados PeriodEDPTer para \"SC-261 EDP 03\" edp. Modificados PeriodEDPTer para \"SC-261 EDP 04\" edp. Modificados PeriodEDPTer, PresenEDP y AprobEDP para \"SC-261 EDP 05\" edp.',11,1),(49,'2016-09-25 19:06:31.267611','477','SC-261',2,'Modificados PresenEDP y AprobEDP para \"SC-261 EDP 02\" edp. Modificados PresenEDP y AprobEDP para \"SC-261 EDP 03\" edp. Modificados PresenEDP y AprobEDP para \"SC-261 EDP 04\" edp.',11,1),(50,'2016-09-25 19:09:02.638288','480','SC-264',2,'Modificados PeriodEDP, PeriodEDPTer, PresenEDP y AprobEDP para \"SC-264 EDP 01\" edp.',11,1),(51,'2016-09-25 19:16:43.012508','482','SC-266',2,'Modificados PeriodEDPTer para \"SC-266 EDP 01\" edp.',11,1),(52,'2016-09-25 19:17:20.273379','483','SC-267',2,'Modificado/a DescCtto.',11,1),(53,'2016-09-25 19:20:24.300011','493','SC-277',2,'Añadido/a \"SC-277 EDP 01\" edp.',11,1),(54,'2016-09-25 19:44:06.263076','582','OS2016-066',2,'Modificados PeriodEDPTer, PresenEDP y AprobEDP para \"OS2016-066 EDP 01\" edp. Modificados PeriodEDPTer, PresenEDP y AprobEDP para \"OS2016-066 EDP 02\" edp.',11,1),(55,'2016-09-25 19:48:27.232347','577','OS2016-061',2,'Añadido/a \"OS2016-061 EDP 01\" edp.',11,1),(56,'2016-09-25 19:50:48.302840','577','OS2016-061',2,'Añadido/a \"OS2016-061 EDP 02\" edp. Modificados PresenEDP y AprobEDP para \"OS2016-061 EDP 01\" edp.',11,1),(57,'2016-09-25 19:51:20.382552','581','OS2016-065',2,'Modificado/a ObservCtto.',11,1),(58,'2016-09-25 19:51:20.384684','580','OS2016-064',2,'Modificado/a ObservCtto.',11,1),(59,'2016-09-25 19:51:20.387819','579','OS2016-063',2,'Modificado/a ObservCtto.',11,1),(60,'2016-09-25 19:59:17.268767','569','OS2016-053',2,'Añadido/a \"OS2016-053 EDP 01\" edp. Añadido/a \"OS2016-053 EDP 02\" edp. Añadido/a \"OS2016-053 EDP 03\" edp.',11,1),(61,'2016-09-25 20:16:17.260269','566','OS2016-050',2,'Añadido/a \"OS2016-050 EDP 01\" edp. Añadido/a \"OS2016-050 EDP 01\" edp.',11,1),(62,'2016-09-25 20:17:07.502010','575','OS2016-059',2,'Modificado/a ObservCtto.',11,1),(63,'2016-09-25 20:17:07.505910','574','OS2016-058',2,'Modificado/a ObservCtto.',11,1),(64,'2016-09-25 20:17:07.508967','570','OS2016-054',2,'Modificado/a ObservCtto.',11,1),(65,'2016-09-25 20:17:07.511715','568','OS2016-052',2,'Modificado/a ObservCtto.',11,1),(66,'2016-09-25 20:19:07.815114','565','OS2016-049',2,'Añadido/a \"OS2016-049 EDP 01\" edp.',11,1),(67,'2016-09-25 20:21:37.070963','555','OS2016-039',2,'Modificados PeriodEDP, PeriodEDPTer, Estado, PresenEDP y AprobEDP para \"OS2016-039 EDP 01\" edp.',11,1),(68,'2016-09-25 20:26:50.355178','554','OS2016-038',2,'Modificados PeriodEDP, PeriodEDPTer, Estado, PresenEDP y AprobEDP para \"OS2016-038 EDP 01\" edp. Modificados PeriodEDPTer, Estado, PresenEDP y AprobEDP para \"OS2016-038 EDP 02\" edp. Modificados PeriodEDPTer, Estado, PresenEDP y AprobEDP para \"OS2016-038 EDP 03\" edp.',11,1),(69,'2016-09-25 20:30:18.799010','553','OS2016-037',2,'Añadido/a \"OS2016-037 EDP 01\" edp. Añadido/a \"OS2016-037 EDP 02\" edp.',11,1),(70,'2016-09-25 20:30:43.950348','553','OS2016-037',2,'Modificado/a ObservCtto.',11,1),(71,'2016-09-25 20:30:48.542121','553','OS2016-037',2,'Modificado/a ObservCtto.',11,1),(72,'2016-09-25 20:32:40.523129','564','OS2016-048',2,'Modificado/a ObservCtto.',11,1),(73,'2016-09-25 20:32:40.526448','563','OS2016-047',2,'Modificado/a ObservCtto.',11,1),(74,'2016-09-25 20:32:40.528994','561','OS2016-045',2,'Modificado/a ObservCtto.',11,1),(75,'2016-09-25 20:32:40.532479','560','OS2016-044',2,'Modificado/a ObservCtto.',11,1),(76,'2016-09-25 20:32:40.534654','557','OS2016-041',2,'Modificado/a ObservCtto.',11,1),(77,'2016-09-25 20:33:27.548676','551','OS2016-035',2,'Modificado/a ObservCtto.',11,1),(78,'2016-09-25 20:37:50.868739','540','OS2016-024',2,'Añadido/a \"OS2016-024 EDP 01\" edp.',11,1),(79,'2016-09-25 20:39:29.346324','538','OS2016-022',2,'Modificado/a ObservCtto.',11,1),(80,'2016-09-25 20:44:33.569204','535','OS2016-019',2,'Modificados PeriodEDPTer y Estado para \"OS2016-019 EDP 01\" edp. Modificados PeriodEDPTer, Estado, PresenEDP y AprobEDP para \"OS2016-019 EDP 02\" edp. Modificados PeriodEDPTer, Estado, PresenEDP y AprobEDP para \"OS2016-019 EDP 03\" edp. Modificados PeriodEDPTer, Estado, PresenEDP y AprobEDP para \"OS2016-019 EDP 04\" edp.',11,1),(81,'2016-09-25 20:47:08.526919','526','OS2016-010',2,'Modificados PeriodEDP y PeriodEDPTer para \"OS2016-010 EDP 01\" edp. Modificados PeriodEDP y PeriodEDPTer para \"OS2016-010 EDP 02\" edp.',11,1),(82,'2016-09-25 20:48:23.554885','525','OS2016-009',2,'Modificados PeriodEDP y PeriodEDPTer para \"OS2016-009 EDP 01\" edp.',11,1),(83,'2016-09-25 20:57:29.713467','520','OS-2016-004',2,'Modificados PeriodEDPTer para \"OS-2016-004 EDP 01\" edp. Modificados PeriodEDPTer para \"OS-2016-004 EDP 02\" edp. Modificados PeriodEDPTer para \"OS-2016-004 EDP 03\" edp. Modificados PeriodEDPTer para \"OS-2016-004 EDP 04\" edp. Modificados PeriodEDPTer, Estado, PresenEDP y AprobEDP para \"OS-2016-004 EDP 05\" edp. Modificados PeriodEDPTer, Estado, PresenEDP y AprobEDP para \"OS-2016-004 EDP 06\" edp. Modificados PeriodEDPTer, Estado, PresenEDP y AprobEDP para \"OS-2016-004 EDP 07\" edp. Modificados PeriodEDPTer, Estado, PresenEDP y AprobEDP para \"OS-2016-004 EDP 08\" edp.',11,1),(84,'2016-09-25 21:00:19.151343','519','OS-2016-003',2,'Modificados PeriodEDPTer para \"OS-2016-003 EDP 01\" edp. Modificados PeriodEDPTer para \"OS-2016-003 EDP 02\" edp. Modificados PeriodEDPTer para \"OS-2016-003 EDP 03\" edp. Modificados PeriodEDPTer para \"OS-2016-003 EDP 04\" edp. Modificados PeriodEDPTer, Estado, PresenEDP y AprobEDP para \"OS-2016-003 EDP 05\" edp. Modificados PeriodEDPTer, Estado, PresenEDP y AprobEDP para \"OS-2016-003 EDP 06\" edp.',11,1),(85,'2016-09-25 21:03:00.209533','518','OS-2016-002',2,'Modificados PeriodEDPTer y Estado para \"OS-2016-002 EDP 01\" edp.',11,1),(86,'2016-09-25 21:09:22.021232','496','OS-2011-057',2,'Modificados PeriodEDP, PeriodEDPTer y ObservEDP para \"OS-2011-057 EDP 50\" edp. Modificados PeriodEDPTer para \"OS-2011-057 EDP 51\" edp. Modificados PeriodEDPTer para \"OS-2011-057 EDP 52\" edp. Modificados PeriodEDPTer para \"OS-2011-057 EDP 53\" edp. Modificados PeriodEDPTer para \"OS-2011-057 EDP 54\" edp. Modificados PeriodEDPTer para \"OS-2011-057 EDP 55\" edp. Modificados PeriodEDPTer para \"OS-2011-057 EDP 56\" edp. Modificados PeriodEDPTer y Estado para \"OS-2011-057 EDP 57\" edp. Modificados PeriodEDPTer, Estado, PresenEDP y AprobEDP para \"OS-2011-057 EDP 58\" edp. Modificados Estado, FactEDP, PresenEDP y AprobEDP para \"OS-2011-057 EDP 59\" edp. Modificados PeriodEDPTer, Estado, FactEDP, PresenEDP y AprobEDP para \"OS-2011-057 EDP 60\" edp.',11,1),(87,'2016-09-25 21:15:33.984658','508','OS-2011-036',2,'Modificado/a FechIniCtto. Modificados PeriodEDP y PeriodEDPTer para \"OS-2011-036 EDP 01\" edp. Modificados PeriodEDPTer para \"OS-2011-036 EDP 02\" edp. Modificados PeriodEDPTer para \"OS-2011-036 EDP 03\" edp. Modificados PeriodEDPTer para \"OS-2011-036 EDP 04\" edp. Modificados PeriodEDPTer y Estado para \"OS-2011-036 EDP 05\" edp. Modificados PeriodEDPTer, Estado, PresenEDP y AprobEDP para \"OS-2011-036 EDP 06\" edp. Modificados PeriodEDPTer, Estado, PresenEDP y AprobEDP para \"OS-2011-036 EDP 07\" edp. Modificados PeriodEDPTer, Estado, PresenEDP y AprobEDP para \"OS-2011-036 EDP 08\" edp.',11,1),(88,'2016-09-25 21:33:35.930318','601','SC-288',3,'',11,1),(89,'2016-09-25 21:55:19.121718','574','OS2016-058',2,'Añadido/a \"ODC 01\" odc.',11,1),(90,'2016-09-25 22:12:42.556489','562','OS2016-046',2,'Añadido/a \"ODC 01\" odc.',11,1),(91,'2016-09-25 22:19:34.871111','562','OS2016-046',2,'Añadido/a \"ODC 01\" odc. Modificados DescripODC para \"ODC 01\" odc.',11,1),(92,'2016-09-25 22:25:16.475552','512','CV-2016-001',2,'Modificados PeriodEDPTer para \"CV-2016-001 EDP 01\" edp. Modificados PeriodEDPTer para \"CV-2016-001 EDP 02\" edp. Modificados PeriodEDPTer para \"CV-2016-001 EDP 03\" edp. Modificados PeriodEDPTer para \"CV-2016-001 EDP 04\" edp. Modificados PeriodEDPTer, Estado, PresenEDP y AprobEDP para \"CV-2016-001 EDP 05\" edp. Modificados PeriodEDPTer, Estado, PresenEDP y AprobEDP para \"CV-2016-001 EDP 06\" edp. Modificados PeriodEDPTer, Estado, PresenEDP y AprobEDP para \"CV-2016-001 EDP 07\" edp. Modificados PeriodEDPTer, Estado, PresenEDP y AprobEDP para \"CV-2016-001 EDP 08\" edp.',11,1),(93,'2016-09-25 22:38:56.600659','563','OS2016-047',2,'Añadido/a \"ODC 01\" odc.',11,1),(94,'2016-09-25 22:44:12.178950','538','OS2016-022',2,'Añadido/a \"ODC 01\" odc.',11,1),(95,'2016-09-25 23:02:05.559212','600','OS2016-082',2,'Modificado/a EstCtto.',11,1),(96,'2016-09-25 23:02:05.563910','599','OS2016-081',2,'Modificado/a EstCtto.',11,1),(97,'2016-09-26 00:01:39.717868','461','SC-237',2,'Modificados FechT_ODC para \"ODC 02\" odc.',11,1),(98,'2016-09-26 00:02:10.371414','453','SC-216',2,'Modificados FechT_ODC para \"ODC 03\" odc.',11,1),(99,'2016-09-26 00:07:17.889891','483','SC-267',2,'Modificado/a FechIniCtto y FechTerCtto.',11,1),(100,'2016-09-26 00:07:28.120901','484','SC-268',2,'No ha cambiado ningún campo.',11,1),(101,'2016-09-26 00:07:50.423370','484','SC-268',2,'Modificado/a FechIniCtto y FechTerCtto.',11,1),(102,'2016-09-26 00:08:10.620216','484','SC-268',2,'Modificado/a FechTerCtto.',11,1),(103,'2016-09-26 00:10:47.201500','496','OS-2011-057',2,'Modificados FechT_ODC para \"ODC 05\" odc.',11,1),(104,'2016-09-26 00:13:15.161042','520','OS-2016-004',2,'Modificados FechT_ODC para \"ODC 02\" odc.',11,1),(105,'2016-09-26 00:15:27.185906','520','OS-2016-004',2,'Añadido/a \"ODC 02\" odc. Modificados NumODC, FechT_ODC y ValorODC para \"ODC 01\" odc.',11,1),(106,'2016-09-26 00:17:25.618925','554','OS2016-038',2,'Modificado/a FechTerCtto.',11,1),(107,'2016-09-28 01:20:25.244424','5','CAD',2,'Modificado/a ValorMoneda y FechMoneda.',14,1),(108,'2016-09-28 01:20:50.082120','4','EUR',2,'Modificado/a ValorMoneda y FechMoneda.',14,1),(109,'2016-09-28 01:21:27.794391','2','UF',2,'Modificado/a FechMoneda.',14,1),(110,'2016-09-28 08:34:41.014206','482','SC-266',2,'Añadido/a \"SC-266 EDP 02\" edp. Modificados PeriodEDPTer y Estado para \"SC-266 EDP 01\" edp.',11,1),(111,'2016-09-29 02:38:39.472211','496','OS-2011-057',2,'Modificados PeriodEDPTer para \"OS-2011-057 EDP 59\" edp.',11,1),(112,'2016-10-01 13:49:38.515757','569','OS2016-053',2,'Modificados FactEDP para \"OS2016-053 EDP 03\" edp.',11,1),(113,'2016-10-01 14:07:42.440357','551','OS2016-035',2,'Añadido/a \"OS2016-035 EDP 01\" edp. Añadido/a \"OS2016-035 EDP 02\" edp. Añadido/a \"OS2016-035 EDP 03\" edp.',11,1),(114,'2016-10-01 14:10:28.103164','470','SC-252',2,'Añadido/a \"SC-252 EDP 08\" edp. Modificados Estado para \"SC-252 EDP 08\" edp.',11,1),(115,'2016-10-01 14:14:40.480183','470','SC-252',2,'Modificados PresenEDP y AprobEDP para \"SC-252 EDP 01\" edp. Modificados PresenEDP y AprobEDP para \"SC-252 EDP 02\" edp. Modificados PresenEDP y AprobEDP para \"SC-252 EDP 03\" edp. Modificados PresenEDP y AprobEDP para \"SC-252 EDP 04\" edp. Modificados PresenEDP y AprobEDP para \"SC-252 EDP 05\" edp. Modificados Estado, PresenEDP y AprobEDP para \"SC-252 EDP 06\" edp. Modificados Estado para \"SC-252 EDP 07\" edp. Modificados PresenEDP y AprobEDP para \"SC-252 EDP 08\" edp.',11,1),(116,'2016-10-01 14:22:38.214052','479','SC-263',2,'Añadido/a \"SC-263 EDP 01\" edp.',11,1),(117,'2016-10-01 14:33:11.337519','574','OS2016-058',2,'Añadido/a \"OS2016-058 EDP 01\" edp.',11,1),(118,'2016-10-01 14:37:34.891940','474','SC-258',2,'Añadido/a \"SC-258 EDP 05\" edp.',11,1),(119,'2016-10-01 14:40:28.325636','476','SC-260',2,'Añadido/a \"SC-260 EDP 01\" edp.',11,1),(120,'2016-10-01 14:48:35.838449','594','OS2016-078',2,'Añadido/a \"OS2016-078 EDP 01\" edp. Añadido/a \"OS2016-078 EDP 02\" edp. Añadido/a \"OS2016-078 EDP 03\" edp.',11,1),(121,'2016-10-01 14:51:12.217446','561','OS2016-045',2,'Añadido/a \"ODC 01\" odc.',11,1),(122,'2016-10-01 14:52:31.689592','561','OS2016-045',2,'Modificados FechSolOdc y FechAppOdc para \"ODC 01\" odc.',11,1),(123,'2016-10-01 16:43:16.316013','493','SC-277',2,'Modificados PeriodEDPTer, PersNoLocal, PersHombres, PersMujeres y PersHHTotales para \"SC-277 EDP 01\" edp.',11,1),(124,'2016-10-08 18:36:03.383238','554','OS2016-038',2,'Añadido/a \"OS2016-038 EDP 01\" edp.',11,1),(125,'2016-10-08 18:45:13.891731','467','SC-248',2,'Añadido/a \"SC-248 EDP 07\" edp. Modificados PeriodEDPTer, PresenEDP y AprobEDP para \"SC-248 EDP 06\" edp.',11,1),(126,'2016-10-08 18:52:16.193748','463','SC-242',2,'Añadido/a \"SC-242 EDP 12\" edp. Modificados Estado y FactEDP para \"SC-242 EDP 11\" edp.',11,1),(127,'2016-10-08 19:01:52.764796','557','OS2016-041',2,'Añadido/a \"OS2016-041 EDP 01\" edp. Añadido/a \"OS2016-041 EDP 02\" edp.',11,1),(128,'2016-10-08 19:08:25.993697','492','SC-276',2,'Añadido/a \"SC-276 EDP 01\" edp.',11,1),(129,'2016-10-08 19:18:43.085739','492','SC-276',2,'No ha cambiado ningún campo.',11,1),(130,'2016-10-08 19:59:46.585398','483','SC-267',2,'Añadido/a \"SC-267 EDP 02\" edp. Añadido/a \"SC-267 EDP 03\" edp. Modificados PeriodEDP, PeriodEDPTer y FactEDP para \"SC-267 EDP 01\" edp.',11,1),(131,'2016-10-08 20:13:49.821120','484','SC-268',2,'Añadido/a \"SC-268 EDP 02\" edp. Añadido/a \"SC-268 EDP 03\" edp.',11,1),(132,'2016-10-08 23:28:26.588434','1','Question object',1,'Añadido.',16,1),(133,'2016-10-08 23:31:13.953990','2','Question object',1,'Añadido.',16,1),(134,'2016-10-08 23:32:57.087329','3','Question object',1,'Añadido.',16,1),(135,'2016-10-08 23:33:28.588399','4','Question object',1,'Añadido.',16,1),(136,'2016-10-08 23:34:02.286810','5','Question object',1,'Añadido.',16,1),(137,'2016-10-08 23:34:38.311249','6','Question object',1,'Añadido.',16,1),(138,'2016-10-08 23:35:45.846814','2','Alejandro',1,'Añadido.',4,1),(139,'2016-10-08 23:35:53.198842','6','Question object',2,'Modificado/a author.',16,1),(140,'2016-10-08 23:36:21.744742','7','Question object',1,'Añadido.',16,1),(141,'2016-10-08 23:38:35.225885','8','Question object',1,'Añadido.',16,1),(142,'2016-10-08 23:45:43.006098','9','Question object',1,'Añadido.',16,1),(143,'2016-10-08 23:46:01.570210','9','Question object',2,'No ha cambiado ningún campo.',16,1),(144,'2016-10-08 23:46:30.009809','10','Question object',1,'Añadido.',16,1),(145,'2016-10-08 23:47:50.327714','11','Question object',1,'Añadido.',16,1),(146,'2016-10-08 23:49:01.472432','12','Question object',1,'Añadido.',16,1),(147,'2016-10-08 23:49:12.933479','12','Question object',2,'Modificado/a author.',16,1),(148,'2016-10-08 23:49:18.482983','12','Question object',2,'Modificado/a author.',16,1),(149,'2016-10-08 23:49:24.388215','11','Question object',2,'No ha cambiado ningún campo.',16,1),(150,'2016-10-08 23:49:44.647749','13','Question object',1,'Añadido.',16,1),(151,'2016-10-08 23:50:45.041389','14','Question object',1,'Añadido.',16,1),(152,'2016-10-08 23:52:02.906020','15','Question object',1,'Añadido.',16,1),(153,'2016-10-08 23:53:07.681135','16','Question object',1,'Añadido.',16,1),(154,'2016-10-08 23:56:13.933268','17','Question object',1,'Añadido.',16,1),(155,'2016-10-08 23:57:30.643081','18','Question object',1,'Añadido.',16,1),(156,'2016-10-08 23:58:28.358880','19','Question object',1,'Añadido.',16,1),(157,'2016-10-09 00:05:46.592062','20','Question object',1,'Añadido.',16,1),(158,'2016-10-09 00:09:02.230004','21','Question object',1,'Añadido.',16,1),(159,'2016-10-09 00:23:23.009597','22','Question object',1,'Añadido.',16,1),(160,'2016-10-09 00:35:40.696908','23','Question object',1,'Añadido.',16,1),(161,'2016-10-09 00:43:30.610301','3','Alejandro2',1,'Añadido.',4,1),(162,'2016-10-09 00:45:05.135551','2','Alejandro',2,'Modificado/a is_staff.',4,1),(163,'2016-10-09 00:47:27.492265','2','Alejandro',2,'Modificado/a user_permissions.',4,1),(164,'2016-10-09 00:48:25.275104','24','Question object',1,'Añadido.',16,2),(165,'2016-10-09 01:55:02.119206','25','Question object',1,'Añadido.',16,2),(166,'2016-10-09 01:55:25.536538','25','Question object',2,'Modificado/a slug.',16,2),(167,'2016-10-09 01:55:41.471330','25','Question object',2,'No ha cambiado ningún campo.',16,2),(168,'2016-10-09 02:23:45.487346','26','Question object',1,'Añadido.',16,2),(169,'2016-10-09 02:24:03.857544','26','Question object',2,'No ha cambiado ningún campo.',16,2),(170,'2016-10-09 02:24:53.582572','26','Question object',2,'No ha cambiado ningún campo.',16,2),(171,'2016-10-09 02:25:05.293724','26','Question object',2,'Modificado/a slug.',16,2),(172,'2016-10-09 02:25:27.015717','26','Question object',2,'Modificado/a pub_date.',16,2),(173,'2016-10-09 02:33:43.253395','26','Question object',2,'No ha cambiado ningún campo.',16,2),(174,'2016-10-09 10:32:29.701092','5','CAD',2,'Modificado/a ValorMoneda y FechMoneda.',14,1),(175,'2016-10-09 10:32:54.660282','4','EUR',2,'Modificado/a ValorMoneda y FechMoneda.',14,1),(176,'2016-10-09 10:33:31.032269','2','UF',2,'Modificado/a FechMoneda.',14,1),(177,'2016-10-09 11:59:37.743067','530','OS2016-014',2,'Modificado/a NumCtto.',11,1),(178,'2016-10-09 11:59:52.346536','534','OS2016-018',2,'Modificado/a NumCtto.',11,1),(179,'2016-10-09 12:00:15.256017','533','OS2016-017',2,'Modificado/a NumCtto.',11,1),(180,'2016-10-09 12:00:27.675146','532','OS2016-016',2,'Modificado/a NumCtto.',11,1),(181,'2016-10-09 12:00:37.031809','531','OS2016-015',2,'Modificado/a NumCtto.',11,1),(182,'2016-10-09 12:05:34.526626','520','OS2016-004',2,'Modificado/a NumCtto.',11,1),(183,'2016-10-09 12:05:47.780476','518','OS2016-002',2,'Modificado/a NumCtto.',11,1),(184,'2016-10-09 12:05:57.867178','519','OS2016-003',2,'Modificado/a NumCtto.',11,1),(185,'2016-10-09 12:06:10.743075','511','OS2013-111',2,'Modificado/a NumCtto.',11,1),(186,'2016-10-09 12:06:18.428981','510','OS2012-102',2,'Modificado/a NumCtto.',11,1),(187,'2016-10-09 12:06:28.044488','509','OS2011-055',2,'Modificado/a NumCtto.',11,1),(188,'2016-10-09 12:06:35.113068','508','OS2011-036',2,'Modificado/a NumCtto.',11,1),(189,'2016-10-09 12:06:41.718086','507','OS2010-023',2,'Modificado/a NumCtto.',11,1),(190,'2016-10-09 12:06:49.366053','506','OS2015-183',2,'Modificado/a NumCtto.',11,1),(191,'2016-10-09 12:06:56.183514','505','OS2015-175',2,'Modificado/a NumCtto.',11,1),(192,'2016-10-09 12:07:01.607052','504','OS2015-065',2,'Modificado/a NumCtto.',11,1),(193,'2016-10-09 12:07:07.796199','503','OS2014-170',2,'Modificado/a NumCtto.',11,1),(194,'2016-10-09 12:07:14.485623','502','OS2014-168',2,'Modificado/a NumCtto.',11,1),(195,'2016-10-09 12:07:20.668365','501','OS2013-144',2,'Modificado/a NumCtto.',11,1),(196,'2016-10-09 12:07:27.091973','500','OS2013-131',2,'Modificado/a NumCtto.',11,1),(197,'2016-10-09 12:07:32.795458','499','OS2013-125',2,'Modificado/a NumCtto.',11,1),(198,'2016-10-09 12:07:39.302512','498','OS2013-078',2,'Modificado/a NumCtto.',11,1),(199,'2016-10-09 12:07:45.170834','497','OS2012-065',2,'Modificado/a NumCtto.',11,1),(200,'2016-10-09 12:07:51.727913','496','OS2011-057',2,'Modificado/a NumCtto.',11,1),(201,'2016-10-09 12:07:57.881644','495','OS2010-010',2,'Modificado/a NumCtto.',11,1),(202,'2016-10-09 22:31:10.161984','520','OS2016-004',2,'Modificados ValorODC y ObservOdc para \"ODC 01\" odc.',11,1),(203,'2016-10-09 22:31:29.319249','520','OS2016-004',2,'No ha cambiado ningún campo.',11,1),(204,'2016-10-09 22:32:19.680397','512','CV2016-001',2,'Modificado/a NumCtto.',11,1),(205,'2016-10-10 02:14:13.243640','492','SC-276',2,'Modificado/a ValorCtto.',11,1),(206,'2016-10-10 02:40:04.243239','597','SC-278',2,'Modificado/a LocalCtto.',11,1),(207,'2016-10-10 02:40:44.047069','515','OCM2016-03',2,'Modificado/a LocalCtto.',11,1),(208,'2016-10-10 03:55:33.889892','26','Question object',3,'',16,1),(209,'2016-10-10 03:55:33.901913','25','Question object',3,'',16,1),(210,'2016-10-10 03:55:33.903097','24','Question object',3,'',16,1),(211,'2016-10-10 03:55:33.904090','23','Question object',3,'',16,1),(212,'2016-10-10 03:55:33.905090','22','Question object',3,'',16,1),(213,'2016-10-10 03:55:33.906058','21','Question object',3,'',16,1),(214,'2016-10-10 03:55:33.906907','20','Question object',3,'',16,1),(215,'2016-10-10 03:55:33.907706','19','Question object',3,'',16,1),(216,'2016-10-10 03:55:33.908544','18','Question object',3,'',16,1),(217,'2016-10-10 03:55:33.909495','17','Question object',3,'',16,1),(218,'2016-10-10 03:55:33.910450','16','Question object',3,'',16,1),(219,'2016-10-10 03:55:33.911396','15','Question object',3,'',16,1),(220,'2016-10-10 03:55:33.912251','14','Question object',3,'',16,1),(221,'2016-10-10 03:55:33.913261','13','Question object',3,'',16,1),(222,'2016-10-10 03:55:33.914076','12','Question object',3,'',16,1),(223,'2016-10-10 03:55:33.914909','11','Question object',3,'',16,1),(224,'2016-10-10 03:55:33.915760','10','Question object',3,'',16,1),(225,'2016-10-10 03:55:33.916547','9','Question object',3,'',16,1),(226,'2016-10-10 03:55:33.917333','8','Question object',3,'',16,1),(227,'2016-10-10 03:55:33.918068','7','Question object',3,'',16,1),(228,'2016-10-10 03:55:33.918821','6','Question object',3,'',16,1),(229,'2016-10-10 03:55:33.919565','5','Question object',3,'',16,1),(230,'2016-10-10 04:01:17.470835','27','Question object',1,'Añadido.',16,1),(231,'2016-10-10 04:01:29.624211','27','Question object',2,'Modificado/a status.',16,1),(232,'2016-10-10 04:03:24.894563','28','Question object',1,'Añadido.',16,1),(233,'2016-10-10 04:09:11.786726','598','SC-279',2,'No ha cambiado ningún campo.',11,1),(234,'2016-10-10 04:09:24.555622','597','SC-278',2,'No ha cambiado ningún campo.',11,1),(235,'2016-10-10 04:09:34.204591','515','OCM2016-03',2,'Modificado/a LocalCtto.',11,1),(236,'2016-10-10 04:09:44.736676','514','OCM2016-02',2,'Modificado/a LocalCtto.',11,1),(237,'2016-10-10 04:10:03.486646','494','C-010',2,'Modificado/a LocalCtto.',11,1),(238,'2016-10-10 04:10:17.712194','493','SC-277',2,'Modificado/a LocalCtto.',11,1),(239,'2016-10-10 04:10:29.028083','492','SC-276',2,'Modificado/a LocalCtto.',11,1),(240,'2016-10-10 04:10:40.216821','491','SC-275',2,'Modificado/a LocalCtto.',11,1),(241,'2016-10-10 04:10:52.261210','490','SC-274',2,'Modificado/a LocalCtto.',11,1),(242,'2016-10-10 04:11:12.401522','489','SC-273',2,'Modificado/a LocalCtto.',11,1),(243,'2016-10-10 04:11:21.602303','488','SC-272',2,'Modificado/a LocalCtto.',11,1),(244,'2016-10-10 04:11:31.200996','487','SC-271',2,'Modificado/a LocalCtto.',11,1),(245,'2016-10-10 04:11:47.708804','486','SC-270',2,'Modificado/a LocalCtto.',11,1),(246,'2016-10-10 04:11:57.416222','486','SC-270',2,'No ha cambiado ningún campo.',11,1),(247,'2016-10-10 04:12:07.210752','485','SC-269',2,'Modificado/a LocalCtto.',11,1),(248,'2016-10-10 04:12:18.284424','484','SC-268',2,'Modificado/a LocalCtto.',11,1),(249,'2016-10-10 04:12:27.073394','483','SC-267',2,'Modificado/a LocalCtto.',11,1),(250,'2016-10-10 04:12:43.237709','482','SC-266',2,'Modificado/a LocalCtto.',11,1),(251,'2016-10-10 04:13:02.590377','481','SC-265',2,'Modificado/a LocalCtto.',11,1),(252,'2016-10-10 04:13:09.966251','480','SC-264',2,'Modificado/a LocalCtto.',11,1),(253,'2016-10-10 04:13:22.974537','479','SC-263',2,'Modificado/a LocalCtto.',11,1),(254,'2016-10-10 04:13:40.684618','478','SC-262',2,'Modificado/a LocalCtto.',11,1),(255,'2016-10-10 04:13:49.232179','477','SC-261',2,'Modificado/a LocalCtto.',11,1),(256,'2016-10-10 04:13:57.744521','476','SC-260',2,'Modificado/a LocalCtto.',11,1),(257,'2016-10-10 04:14:25.484387','475','SC-259',2,'Modificado/a LocalCtto.',11,1),(258,'2016-10-10 04:14:39.025336','474','SC-258',2,'Modificado/a LocalCtto.',11,1),(259,'2016-10-10 04:14:49.460548','473','SC-257',2,'Modificado/a LocalCtto.',11,1),(260,'2016-10-10 04:14:58.316841','472','SC-256',2,'Modificado/a LocalCtto.',11,1),(261,'2016-10-10 04:15:13.696760','471','SC-253',2,'Modificado/a LocalCtto.',11,1),(262,'2016-10-10 04:15:22.775932','470','SC-252',2,'Modificado/a LocalCtto.',11,1),(263,'2016-10-10 04:15:38.120787','469','SC-250',2,'Modificado/a LocalCtto.',11,1),(264,'2016-10-10 04:16:00.179240','468','SC-249',2,'Modificado/a LocalCtto.',11,1),(265,'2016-10-10 04:16:10.740415','467','SC-248',2,'Modificado/a LocalCtto.',11,1),(266,'2016-10-10 04:16:23.053667','466','SC-247',2,'Modificado/a LocalCtto.',11,1),(267,'2016-10-10 04:16:34.391738','465','SC-245',2,'Modificado/a LocalCtto.',11,1),(268,'2016-10-10 04:16:53.634804','464','SC-244',2,'Modificado/a LocalCtto.',11,1),(269,'2016-10-10 04:17:05.589249','463','SC-242',2,'Modificado/a LocalCtto.',11,1),(270,'2016-10-10 04:17:17.811759','462','SC-241',2,'Modificado/a LocalCtto.',11,1),(271,'2016-10-10 04:17:30.720847','461','SC-237',2,'Modificado/a LocalCtto.',11,1),(272,'2016-10-10 04:17:38.790211','460','SC-235',2,'Modificado/a LocalCtto.',11,1),(273,'2016-10-10 04:17:50.310509','459','SC-233',2,'Modificado/a LocalCtto.',11,1),(274,'2016-10-10 04:18:00.720288','457','SC-228',2,'Modificado/a LocalCtto.',11,1),(275,'2016-10-10 04:18:18.184391','456','SC-224',2,'Modificado/a LocalCtto.',11,1),(276,'2016-10-10 04:18:26.079980','455','SC-222',2,'Modificado/a LocalCtto.',11,1),(277,'2016-10-10 04:18:33.879098','454','SC-220',2,'Modificado/a LocalCtto.',11,1),(278,'2016-10-10 04:18:48.110813','453','SC-216',2,'Modificado/a LocalCtto.',11,1),(279,'2016-10-10 04:19:00.799165','452','SC-215',2,'Modificado/a LocalCtto.',11,1),(280,'2016-10-10 04:19:11.790380','451','SC-214',2,'Modificado/a LocalCtto.',11,1),(281,'2016-10-10 04:19:22.736537','451','SC-214',2,'No ha cambiado ningún campo.',11,1),(282,'2016-10-10 04:19:30.779687','450','SC-207',2,'Modificado/a LocalCtto.',11,1),(283,'2016-10-10 04:19:39.816475','448','SC-104',2,'Modificado/a LocalCtto.',11,1),(284,'2016-10-10 04:19:53.965810','512','CV2016-001',2,'Modificado/a LocalCtto.',11,1),(285,'2016-10-10 04:20:22.331443','513','OC (NXXXX)',2,'Modificado/a LocalCtto.',11,1),(286,'2016-10-10 04:20:46.793766','600','OS2016-082',2,'Modificado/a LocalCtto.',11,1),(287,'2016-10-10 04:20:56.062265','599','OS2016-081',2,'Modificado/a LocalCtto.',11,1),(288,'2016-10-10 04:21:07.197043','596','OS2016-080',2,'Modificado/a LocalCtto.',11,1),(289,'2016-10-10 04:21:17.436928','595','OS2016-079',2,'Modificado/a LocalCtto.',11,1),(290,'2016-10-10 04:21:26.867338','594','OS2016-078',2,'Modificado/a LocalCtto.',11,1),(291,'2016-10-10 04:21:37.846511','593','OS2016-077',2,'Modificado/a LocalCtto.',11,1),(292,'2016-10-10 04:21:48.464077','592','OS2016-076',2,'Modificado/a LocalCtto.',11,1),(293,'2016-10-10 04:22:05.120277','591','OS2016-075',2,'Modificado/a LocalCtto.',11,1),(294,'2016-10-10 04:22:17.630305','590','OS2016-074',2,'Modificado/a LocalCtto.',11,1),(295,'2016-10-10 04:22:26.837556','589','OS2016-073',2,'Modificado/a LocalCtto.',11,1),(296,'2016-10-10 04:22:39.530729','588','OS2016-072',2,'Modificado/a LocalCtto.',11,1),(297,'2016-10-10 04:22:49.446927','587','OS2016-071',2,'Modificado/a LocalCtto.',11,1),(298,'2016-10-10 04:23:00.834735','586','OS2016-070',2,'Modificado/a LocalCtto.',11,1),(299,'2016-10-10 04:23:13.025157','585','OS2016-069',2,'Modificado/a LocalCtto.',11,1),(300,'2016-10-10 04:23:26.523289','584','OS2016-068',2,'Modificado/a LocalCtto.',11,1),(301,'2016-10-10 04:23:34.982620','583','OS2016-067',2,'Modificado/a LocalCtto.',11,1),(302,'2016-10-10 04:23:46.599053','581','OS2016-065',2,'Modificado/a LocalCtto.',11,1),(303,'2016-10-10 04:24:10.790325','582','OS2016-066',2,'Modificado/a LocalCtto.',11,1),(304,'2016-10-10 04:24:29.831690','580','OS2016-064',2,'Modificado/a LocalCtto.',11,1),(305,'2016-10-10 04:24:37.562425','579','OS2016-063',2,'Modificado/a LocalCtto.',11,1),(306,'2016-10-10 04:24:51.185325','578','OS2016-062',2,'Modificado/a LocalCtto.',11,1),(307,'2016-10-10 04:25:05.270338','577','OS2016-061',2,'Modificado/a LocalCtto.',11,1),(308,'2016-10-10 04:25:12.925866','575','OS2016-059',2,'Modificado/a LocalCtto.',11,1),(309,'2016-10-10 04:25:24.217137','574','OS2016-058',2,'Modificado/a LocalCtto.',11,1),(310,'2016-10-10 04:25:32.673421','573','OS2016-057',2,'Modificado/a LocalCtto.',11,1),(311,'2016-10-10 04:25:47.076194','572','OS2016-056',2,'Modificado/a LocalCtto.',11,1),(312,'2016-10-10 04:25:58.375051','571','OS2016-055',2,'Modificado/a LocalCtto.',11,1),(313,'2016-10-10 04:26:13.527972','570','OS2016-054',2,'Modificado/a LocalCtto.',11,1),(314,'2016-10-10 04:26:38.748347','569','OS2016-053',2,'Modificado/a LocalCtto.',11,1),(315,'2016-10-10 04:26:48.933723','568','OS2016-052',2,'Modificado/a LocalCtto.',11,1),(316,'2016-10-10 04:26:59.365318','567','OS2016-051',2,'Modificado/a LocalCtto.',11,1),(317,'2016-10-10 04:27:09.416735','566','OS2016-050',2,'Modificado/a LocalCtto.',11,1),(318,'2016-10-10 04:27:16.014574','565','OS2016-049',2,'Modificado/a LocalCtto.',11,1),(319,'2016-10-10 04:27:23.604879','563','OS2016-047',2,'Modificado/a LocalCtto.',11,1),(320,'2016-10-10 04:27:36.854519','562','OS2016-046',2,'Modificado/a LocalCtto.',11,1),(321,'2016-10-10 04:27:47.568183','561','OS2016-045',2,'Modificado/a LocalCtto.',11,1),(322,'2016-10-10 04:28:02.274921','560','OS2016-044',2,'Modificado/a LocalCtto.',11,1),(323,'2016-10-10 04:28:13.322755','559','OS2016-043',2,'Modificado/a LocalCtto.',11,1),(324,'2016-10-10 04:28:19.254272','558','OS2016-042',2,'Modificado/a LocalCtto.',11,1),(325,'2016-10-10 04:28:32.232327','557','OS2016-041',2,'Modificado/a LocalCtto.',11,1),(326,'2016-10-10 04:28:39.486682','556','OS2016-040',2,'Modificado/a LocalCtto.',11,1),(327,'2016-10-10 04:28:53.636469','555','OS2016-039',2,'Modificado/a LocalCtto.',11,1),(328,'2016-10-10 04:29:19.209153','551','OS2016-035',2,'Modificado/a LocalCtto.',11,1),(329,'2016-10-10 04:29:29.489864','550','OS2016-034',2,'Modificado/a LocalCtto.',11,1),(330,'2016-10-10 04:29:36.964142','549','OS2016-033',2,'Modificado/a LocalCtto.',11,1),(331,'2016-10-10 04:29:49.718559','548','OS2016-032',2,'Modificado/a LocalCtto.',11,1),(332,'2016-10-10 04:30:00.173062','547','OS2016-031',2,'Modificado/a LocalCtto.',11,1),(333,'2016-10-10 04:30:11.567998','545','OS2016-029',2,'Modificado/a LocalCtto.',11,1),(334,'2016-10-10 04:30:21.100817','542','OS2016-026',2,'Modificado/a LocalCtto.',11,1),(335,'2016-10-10 04:30:34.336573','541','OS2016-025',2,'Modificado/a LocalCtto.',11,1),(336,'2016-10-10 04:30:47.243505','540','OS2016-024',2,'Modificado/a LocalCtto.',11,1),(337,'2016-10-10 04:31:01.166968','538','OS2016-022',2,'Modificado/a LocalCtto.',11,1),(338,'2016-10-10 04:31:08.661533','537','OS2016-021',2,'Modificado/a LocalCtto.',11,1),(339,'2016-10-10 04:31:17.035235','536','OS2016-020',2,'Modificado/a LocalCtto.',11,1),(340,'2016-10-10 04:31:27.726028','535','OS2016-019',2,'Modificado/a LocalCtto.',11,1),(341,'2016-10-10 04:31:34.480092','533','OS2016-017',2,'Modificado/a LocalCtto.',11,1),(342,'2016-10-10 04:31:45.547460','532','OS2016-016',2,'Modificado/a LocalCtto.',11,1),(343,'2016-10-10 04:31:53.572984','531','OS2016-015',2,'Modificado/a LocalCtto.',11,1),(344,'2016-10-10 04:32:02.488963','529','OS2016-013',2,'Modificado/a LocalCtto.',11,1),(345,'2016-10-10 04:32:11.226795','528','OS2016-012',2,'Modificado/a LocalCtto.',11,1),(346,'2016-10-10 04:32:27.742114','527','OS2016-011',2,'Modificado/a LocalCtto.',11,1),(347,'2016-10-10 04:32:37.207445','526','OS2016-010',2,'Modificado/a LocalCtto.',11,1),(348,'2016-10-10 04:32:49.090576','525','OS2016-009',2,'Modificado/a LocalCtto.',11,1),(349,'2016-10-10 04:33:05.890354','524','OS2016-008',2,'Modificado/a LocalCtto.',11,1),(350,'2016-10-10 04:33:11.945467','521','OS2016-005',2,'Modificado/a LocalCtto.',11,1),(351,'2016-10-10 04:33:19.236268','520','OS2016-004',2,'Modificado/a LocalCtto.',11,1),(352,'2016-10-10 04:33:28.421310','519','OS2016-003',2,'Modificado/a LocalCtto.',11,1),(353,'2016-10-10 04:33:36.563103','518','OS2016-002',2,'Modificado/a LocalCtto.',11,1),(354,'2016-10-10 04:33:43.630028','517','OS2016-001',2,'Modificado/a LocalCtto.',11,1),(355,'2016-10-10 04:33:52.831772','516','OCM2016-01',2,'Modificado/a LocalCtto.',11,1),(356,'2016-10-10 04:34:01.429674','511','OS2013-111',2,'Modificado/a LocalCtto.',11,1),(357,'2016-10-10 04:34:07.032309','510','OS2012-102',2,'Modificado/a LocalCtto.',11,1),(358,'2016-10-10 04:34:20.052988','509','OS2011-055',2,'Modificado/a LocalCtto.',11,1),(359,'2016-10-10 04:34:27.860193','508','OS2011-036',2,'Modificado/a LocalCtto.',11,1),(360,'2016-10-10 04:34:34.481165','507','OS2010-023',2,'Modificado/a LocalCtto.',11,1),(361,'2016-10-10 04:34:42.042762','506','OS2015-183',2,'Modificado/a LocalCtto.',11,1),(362,'2016-10-10 04:34:56.845159','505','OS2015-175',2,'Modificado/a LocalCtto.',11,1),(363,'2016-10-10 04:35:05.873584','504','OS2015-065',2,'Modificado/a LocalCtto.',11,1),(364,'2016-10-10 04:35:11.825057','503','OS2014-170',2,'Modificado/a LocalCtto.',11,1),(365,'2016-10-10 04:35:22.838669','502','OS2014-168',2,'Modificado/a LocalCtto.',11,1),(366,'2016-10-10 04:35:49.694830','501','OS2013-144',2,'Modificado/a LocalCtto.',11,1),(367,'2016-10-10 04:35:56.083498','500','OS2013-131',2,'Modificado/a LocalCtto.',11,1),(368,'2016-10-10 04:36:20.495795','499','OS2013-125',2,'Modificado/a LocalCtto.',11,1),(369,'2016-10-10 04:36:40.399930','498','OS2013-078',2,'Modificado/a LocalCtto.',11,1),(370,'2016-10-10 04:36:50.926099','497','OS2012-065',2,'Modificado/a LocalCtto.',11,1),(371,'2016-10-10 04:36:58.627374','496','OS2011-057',2,'Modificado/a LocalCtto.',11,1),(372,'2016-10-10 04:37:06.291956','495','OS2010-010',2,'Modificado/a LocalCtto.',11,1),(373,'2016-10-16 19:21:12.034665','554','OS2016-038',2,'Modificado/a LocalCtto. Modificados NumEDP para \"OS2016-038 EDP 04\" edp.',11,1),(374,'2016-10-16 19:23:11.161372','467','SC-248',2,'Modificados ObservEDP para \"SC-248 EDP 07\" edp.',11,1),(375,'2016-10-16 19:27:58.006570','605','XIMENA BAEZ TUÑON',1,'Añadido.',10,1),(376,'2016-10-16 19:30:43.776868','601','OS2016-083',1,'Añadido.',11,1),(377,'2016-10-16 19:48:33.766142','574','OS2016-058',2,'Añadido/a \"OS2016-058 EDP 02\" edp.',11,1),(378,'2016-10-16 19:53:03.275832','454','SC-220',2,'Añadido/a \"SC-220 EDP 21\" edp.',11,1),(379,'2016-10-16 19:54:43.463631','593','OS2016-077',2,'Añadido/a \"OS2016-077 EDP 01\" edp.',11,1),(380,'2016-10-16 19:55:34.132189','593','OS2016-077',2,'Modificados Estado, PresenEDP y AprobEDP para \"OS2016-077 EDP 01\" edp.',11,1),(381,'2016-10-16 19:59:06.377691','589','OS2016-073',2,'Añadido/a \"ODC 01\" odc.',11,1),(382,'2016-10-16 20:03:21.252261','589','OS2016-073',2,'Modificado/a FechTerCtto. Añadido/a \"OS2016-073 EDP 01\" edp.',11,1),(383,'2016-10-16 20:06:54.587277','563','OS2016-047',2,'Añadido/a \"OS2016-047 EDP 01\" edp.',11,1),(384,'2016-10-16 20:08:28.123363','563','OS2016-047',2,'Añadido/a \"OS2016-047 EDP 02\" edp.',11,1),(385,'2016-10-16 20:13:11.973094','473','SC-257',2,'Añadido/a \"SC-257 EDP 02\" edp. Añadido/a \"SC-257 EDP 03\" edp.',11,1),(386,'2016-10-16 20:21:36.150054','508','OS2014-036',2,'Modificado/a NumCtto. Añadido/a \"OS2014-036 EDP 09\" edp. Añadido/a \"OS2014-036 EDP 10\" edp.',11,1),(387,'2016-10-16 20:26:35.734004','606','HEREDIA SANTANA',1,'Añadido.',10,1),(388,'2016-10-16 20:29:15.127374','602','OS2016-083',1,'Añadido.',11,1),(389,'2016-10-16 20:29:21.618672','602','OS2016-083',2,'No ha cambiado ningún campo.',11,1),(390,'2016-10-16 20:33:03.259242','460','SC-235',2,'Añadido/a \"SC-235 EDP 02\" edp.',11,1),(391,'2016-10-16 20:47:32.825712','454','SC-220',2,'Modificados Estado y FactEDP para \"SC-220 EDP 21\" edp.',11,1),(392,'2016-10-16 20:50:20.939872','479','SC-263',2,'Modificados Estado y FactEDP para \"SC-263 EDP 01\" edp.',11,1),(393,'2016-10-16 20:53:22.043366','467','SC-248',2,'Modificados Estado y FactEDP para \"SC-248 EDP 07\" edp.',11,1),(394,'2016-10-16 20:56:26.568164','554','OS2016-038',2,'Modificados Estado y FactEDP para \"OS2016-038 EDP 04\" edp.',11,1),(395,'2016-10-16 20:58:44.195790','471','SC-253',2,'Modificados Estado y FactEDP para \"SC-253 EDP 08\" edp.',11,1),(396,'2016-10-16 21:01:49.867212','470','SC-252',2,'Modificados NumEDP, Estado y FactEDP para \"SC-252 EDP 09\" edp.',11,1),(397,'2016-10-16 21:04:29.485439','463','SC-242',2,'Modificados Estado y FactEDP para \"SC-242 EDP 12\" edp.',11,1),(398,'2016-10-16 21:11:36.361609','540','OS2016-024',2,'Modificados FactEDP para \"OS2016-024 EDP 01\" edp.',11,1),(399,'2016-10-16 21:42:09.363346','602','OS2016-083',2,'No ha cambiado ningún campo.',11,1),(400,'2016-10-16 21:50:39.573286','602','OS2016-084',2,'Modificado/a NumCtto.',11,1),(401,'2016-10-16 21:53:13.325193','601','OS2016-083',2,'Modificado/a ValorCtto y AdjudicCtto.',11,1),(402,'2016-10-16 22:00:23.137992','601','OS2016-083',2,'Modificado/a TerrenCtto y SeguroCtto.',11,1),(403,'2016-10-16 22:05:43.763309','601','OS2016-083',2,'Modificado/a AjusteCom.',11,1),(404,'2016-10-16 22:10:47.503414','601','OS2016-083',2,'Modificado/a AjusteCom.',11,1),(405,'2016-10-16 22:14:25.475101','601','OS2016-083',2,'Modificado/a AjusteCom y AjustValEDP.',11,1),(406,'2016-10-16 22:29:22.413803','602','OS2016-084',2,'Modificado/a AdjudicCtto.',11,1),(407,'2016-10-16 22:30:55.466134','602','OS2016-084',2,'Modificado/a AjusteCom y AjustValEDP.',11,1),(408,'2016-10-17 01:12:15.888514','603','SC-280',1,'Añadido.',11,1),(409,'2016-10-17 01:13:56.264799','604','SC-281',1,'Añadido.',11,1),(410,'2016-10-17 01:14:48.522795','603','SC-280',2,'Modificado/a TipoServ.',11,1),(411,'2016-10-17 01:15:01.112223','603','SC-280',2,'No ha cambiado ningún campo.',11,1),(412,'2016-10-17 01:15:53.234760','604','SC-281',2,'Modificado/a TipoServ.',11,1),(413,'2016-10-17 01:20:04.352124','605','SC-282',1,'Añadido.',11,1),(414,'2016-10-17 01:20:11.098000','604','SC-281',2,'Modificado/a FechTerCtto.',11,1),(415,'2016-10-17 01:20:17.642074','603','SC-280',2,'Modificado/a FechTerCtto.',11,1),(416,'2016-10-17 02:28:54.019550','557','OS2016-041',2,'Modificado/a EstCtto.',11,1),(417,'2016-10-17 02:29:05.032738','560','OS2016-044',2,'Modificado/a EstCtto.',11,1),(418,'2016-10-17 02:33:00.350159','602','OS2016-084',2,'Modificado/a EstCtto.',11,1),(419,'2016-10-17 02:33:00.353328','596','OS2016-080',2,'Modificado/a EstCtto.',11,1),(420,'2016-10-17 02:33:00.356570','595','OS2016-079',2,'Modificado/a EstCtto.',11,1),(421,'2016-10-17 02:36:00.360229','576','OS2016-060',2,'Modificado/a LocalCtto.',11,1),(422,'2016-10-17 02:36:24.125104','564','OS2016-048',2,'Modificado/a LocalCtto.',11,1),(423,'2016-10-17 02:36:36.036990','553','OS2016-037',2,'Modificado/a LocalCtto.',11,1),(424,'2016-10-17 02:36:54.255171','552','OS2016-036',2,'Modificado/a LocalCtto.',11,1),(425,'2016-10-17 02:37:14.617620','546','OS2016-030',2,'Modificado/a LocalCtto.',11,1),(426,'2016-10-17 02:37:34.609456','544','OS2016-028',2,'Modificado/a LocalCtto.',11,1),(427,'2016-10-17 02:37:45.243875','543','OS2016-027',2,'Modificado/a LocalCtto.',11,1),(428,'2016-10-17 02:37:57.976365','539','OS2016-023',2,'Modificado/a LocalCtto.',11,1),(429,'2016-10-17 02:38:13.957969','534','OS2016-018',2,'Modificado/a LocalCtto.',11,1),(430,'2016-10-17 02:38:22.999362','530','OS2016-014',2,'Modificado/a LocalCtto.',11,1),(431,'2016-10-17 02:38:42.062685','523','OS2016-007',2,'Modificado/a LocalCtto.',11,1),(432,'2016-10-17 02:38:54.681056','522','OS2016-006',2,'Modificado/a LocalCtto.',11,1),(433,'2016-10-17 02:39:24.409954','458','SC-232',2,'Modificado/a LocalCtto.',11,1),(434,'2016-10-17 02:39:34.919515','449','SC-184',2,'Modificado/a LocalCtto.',11,1),(435,'2016-10-17 02:40:24.153664','554','OS2016-038',2,'Modificado/a LocalCtto.',11,1),(436,'2016-10-17 02:43:38.033041','571','OS2016-055',2,'Modificado/a FechTerCtto.',11,1),(437,'2016-10-17 02:48:51.393520','559','OS2016-043',2,'Modificado/a FechTerCtto.',11,1),(438,'2016-10-17 02:49:09.427263','558','OS2016-042',2,'Modificado/a FechTerCtto.',11,1),(439,'2016-10-17 02:50:07.246909','550','OS2016-034',2,'Modificado/a ObservCtto.',11,1),(440,'2016-10-17 02:50:48.596802','550','OS2016-034',2,'Modificado/a FechTerCtto.',11,1),(441,'2016-10-17 02:52:32.895030','472','SC-256',2,'Modificado/a EstCtto.',11,1),(442,'2016-10-17 02:53:28.684754','561','OS2016-045',2,'Modificado/a EstCtto.',11,1),(443,'2016-11-01 18:37:17.762553','607','Pamela Navarrete',1,'Añadido.',10,1),(444,'2016-11-01 18:42:06.069961','606','OS2016-085',1,'Añadido.',11,1),(445,'2016-11-01 18:48:01.949054','607','OS2016-086',1,'Añadido.',11,1),(446,'2016-11-01 18:51:08.705268','608','Joaquín Prieto Díaz',1,'Añadido.',10,1),(447,'2016-11-01 18:55:15.638422','608','OS2016-087',1,'Añadido.',11,1),(448,'2016-11-01 18:58:29.806838','609','AXESAT CHILE S.A.',1,'Añadido.',10,1),(449,'2016-11-01 19:02:12.549023','609','OS2016-088',1,'Añadido.',11,1),(450,'2016-11-01 19:05:30.141524','610','CONTROL DE PLAGAS HIDALGO Y RODRÍGUEZ LTDA.',1,'Añadido.',10,1),(451,'2016-11-01 19:08:18.070382','610','OS2016-089',1,'Añadido.',11,1),(452,'2016-11-01 19:21:02.363055','540','OS2016-024',2,'Añadido/a \"ODC 01\" odc.',11,1),(453,'2016-11-01 19:24:53.108114','577','OS2016-061',2,'Añadido/a \"ODC 01\" odc.',11,1),(454,'2016-11-01 19:35:26.074504','519','OS2016-003',2,'Añadido/a \"OS2016-003 EDP 07\" edp. Añadido/a \"OS2016-003 EDP 08\" edp. Modificados Estado para \"OS2016-003 EDP 06\" edp.',11,1),(455,'2016-11-01 19:39:19.507111','579','OS2016-063',2,'Añadido/a \"ODC 01\" odc.',11,1),(456,'2016-11-01 19:45:53.525395','598','SC-279',2,'Añadido/a \"SC-279 EDP 01\" edp.',11,1),(457,'2016-11-01 19:54:46.013090','472','SC-256',2,'Añadido/a \"SC-256 EDP 02\" edp.',11,1),(458,'2016-11-01 19:59:44.807492','540','OS2016-024',2,'Añadido/a \"OS2016-024 EDP 02\" edp.',11,1),(459,'2016-11-01 20:08:01.537480','450','SC-207',2,'Añadido/a \"SC-207 EDP 22\" edp. Añadido/a \"SC-207 EDP 23\" edp. Añadido/a \"SC-207 EDP 24\" edp.',11,1),(460,'2016-11-01 20:12:23.865196','479','SC-263',2,'Añadido/a \"SC-263 EDP 02\" edp.',11,1),(461,'2016-11-01 20:59:56.408216','555','OS2016-039',2,'Añadido/a \"OS2016-039 EDP 02\" edp. Añadido/a \"OS2016-039 EDP 03\" edp. Modificados FactEDP para \"OS2016-039 EDP 01\" edp.',11,1),(462,'2016-11-01 21:04:56.907845','459','SC-233',2,'Añadido/a \"SC-233 EDP 18\" edp.',11,1),(463,'2016-11-01 21:07:28.316466','459','SC-233',2,'No ha cambiado ningún campo.',11,1),(464,'2016-11-01 21:11:44.062672','480','SC-264',2,'Añadido/a \"SC-264 EDP 02\" edp.',11,1),(465,'2016-11-01 21:14:16.690796','452','SC-215',2,'Añadido/a \"SC-215 EDP 20\" edp.',11,1),(466,'2016-11-01 21:16:45.773423','553','OS2016-037',2,'Añadido/a \"OS2016-037 EDP 03\" edp.',11,1),(467,'2016-11-01 21:19:49.670811','477','SC-261',2,'Añadido/a \"SC-261 EDP 06\" edp. Modificados Estado y FactEDP para \"SC-261 EDP 05\" edp.',11,1),(468,'2016-11-01 21:21:34.711136','451','SC-214',2,'Añadido/a \"SC-214 EDP 11\" edp.',11,1),(469,'2016-11-01 21:24:10.514573','551','OS2016-035',2,'Añadido/a \"OS2016-035 EDP 04\" edp. Modificados Estado y FactEDP para \"OS2016-035 EDP 03\" edp.',11,1),(470,'2016-11-01 23:45:47.534417','606','OS2016-085',2,'Modificado/a DescCtto.',11,1),(471,'2016-11-01 23:47:18.511129','608','OS2016-087',2,'Modificado/a EstCtto.',11,1),(472,'2016-11-01 23:47:18.513635','605','SC-282',2,'Modificado/a EstCtto.',11,1),(473,'2016-11-01 23:47:18.515874','604','SC-281',2,'Modificado/a EstCtto.',11,1),(474,'2016-11-01 23:49:24.682511','602','OS2016-084',2,'Modificado/a EstCtto.',11,1),(475,'2016-11-01 23:49:24.685400','599','OS2016-081',2,'Modificado/a EstCtto.',11,1),(476,'2016-11-01 23:50:52.784654','553','OS2016-037',2,'Modificado/a DescCtto.',11,1),(477,'2016-11-01 23:51:42.323347','569','OS2016-053',2,'Modificado/a DescCtto.',11,1),(478,'2016-11-01 23:52:45.020877','540','OS2016-024',2,'Modificado/a DescCtto.',11,1),(479,'2016-11-01 23:53:22.209000','525','OS2016-009',2,'Modificado/a EstCtto y ObservCtto.',11,1),(480,'2016-11-01 23:54:19.387393','482','SC-266',2,'Modificado/a ObservCtto.',11,1),(481,'2016-11-01 23:55:06.357271','479','SC-263',2,'Modificado/a EstCtto.',11,1),(482,'2016-11-01 23:55:06.360146','475','SC-259',2,'Modificado/a ObservCtto.',11,1),(483,'2016-11-01 23:56:33.327392','607','OS2016-086',2,'Modificado/a DescCtto.',11,1),(484,'2016-11-01 23:57:34.150708','556','OS2016-040',2,'Modificado/a DescCtto.',11,1),(485,'2016-11-02 00:01:50.317523','576','OS2016-060',2,'Modificado/a DescCtto.',11,1),(486,'2016-11-02 00:02:08.069363','546','OS2016-030',2,'Modificado/a DescCtto.',11,1),(487,'2016-11-02 00:02:15.317195','546','OS2016-030',2,'Modificado/a DescCtto.',11,1),(488,'2016-11-02 00:02:39.989606','539','OS2016-023',2,'Modificado/a DescCtto.',11,1),(489,'2016-11-02 00:02:52.817840','530','OS2016-014',2,'Modificado/a DescCtto.',11,1),(490,'2016-11-02 00:11:27.382715','611','SERVICIOS E INVERSIONES PRAMAR LTDA ( GEOBIOTA )',1,'Añadido.',10,1),(491,'2016-11-02 00:11:43.441450','481','SC-265',2,'Modificado/a IdCtta.',11,1),(492,'2016-11-02 00:12:09.527626','481','SC-265',2,'Modificado/a EstCtto.',11,1),(493,'2016-11-06 22:35:18.247720','481','SC-265',2,'Modificado/a ValorCtto, FechIniCtto, FechTerCtto, FechSolCtto y FechAppCtto.',11,1),(494,'2016-11-06 22:44:35.365279','611','SC-284',1,'Añadido.',11,1),(495,'2016-11-06 22:47:55.221633','612','SC-285',1,'Añadido.',11,1),(496,'2016-11-06 23:16:13.074495','461','SC-237',2,'Modificado/a IdCecoCtto.',11,1),(497,'2016-11-07 00:49:45.278820','479','SC-263',2,'Modificados FechSolOdc y FechAppOdc para \"ODC 01\" odc.',11,1),(498,'2016-11-07 01:26:31.048975','482','SC-266',2,'Modificado/a FechSolCtto y FechAppCtto.',11,1),(499,'2016-11-07 01:27:59.363653','483','SC-267',2,'Modificado/a FechSolCtto y FechAppCtto.',11,1),(500,'2016-11-07 01:28:22.581344','484','SC-268',2,'Modificado/a FechSolCtto y FechAppCtto.',11,1),(501,'2016-11-07 01:32:05.535691','485','SC-269',2,'Modificado/a FechSolCtto y FechAppCtto.',11,1),(502,'2016-11-07 01:32:40.348072','486','SC-270',2,'Modificado/a FechSolCtto y FechAppCtto.',11,1),(503,'2016-11-07 01:33:00.497998','487','SC-271',2,'Modificado/a FechSolCtto y FechAppCtto.',11,1),(504,'2016-11-07 01:33:34.631929','488','SC-272',2,'Modificado/a FechSolCtto y FechAppCtto.',11,1),(505,'2016-11-07 01:33:52.610205','489','SC-273',2,'Modificado/a FechSolCtto y FechAppCtto.',11,1),(506,'2016-11-07 01:34:16.933237','490','SC-274',2,'Modificado/a FechSolCtto y FechAppCtto.',11,1),(507,'2016-11-07 01:34:38.378136','491','SC-275',2,'Modificado/a FechSolCtto y FechAppCtto.',11,1),(508,'2016-11-07 01:35:55.802991','492','SC-276',2,'Modificado/a FechSolCtto y FechAppCtto.',11,1),(509,'2016-11-07 01:36:49.797978','493','SC-277',2,'Modificado/a FechSolCtto y FechAppCtto.',11,1),(510,'2016-11-07 01:37:57.720271','598','SC-279',2,'Modificado/a FechSolCtto y FechAppCtto.',11,1),(511,'2016-11-07 01:38:42.855228','603','SC-280',2,'Modificado/a FechSolCtto.',11,1),(512,'2016-11-07 01:38:58.281382','604','SC-281',2,'Modificado/a FechSolCtto.',11,1),(513,'2016-11-07 01:39:21.708360','605','SC-282',2,'Modificado/a FechSolCtto.',11,1),(514,'2016-11-07 02:50:58.261676','5','CAD',2,'Modificado/a ValorMoneda y FechMoneda.',14,1),(515,'2016-11-07 02:51:34.669055','4','EUR',2,'Modificado/a ValorMoneda y FechMoneda.',14,1),(516,'2016-11-07 02:52:15.779161','2','UF',2,'Modificado/a ValorMoneda y FechMoneda.',14,1),(517,'2016-11-10 01:18:39.862805','519','OS2016-003',2,'Modificados ValorODC para \"ODC 04\" odc.',11,1),(518,'2016-11-10 01:20:51.674631','593','OS2016-077',2,'Modificado/a ValorCtto.',11,1),(519,'2016-11-10 01:48:26.821328','460','SC-235',2,'Añadido/a \"SC-235 EDP 03\" edp.',11,1),(520,'2016-11-10 02:14:00.009664','479','SC-263',2,'Añadido/a \"SC-263 EDP 03\" edp.',11,1),(521,'2016-11-10 02:23:45.453322','469','SC-250',2,'Añadido/a \"SC-250 EDP 01\" edp.',11,1),(522,'2016-11-10 03:10:12.121163','482','SC-266',2,'Añadido/a \"SC-266 EDP 03\" edp.',11,1),(523,'2016-11-10 03:27:18.011589','459','SC-233',2,'Modificados ValorODC para \"ODC 02\" odc.',11,1),(524,'2016-11-14 02:46:01.487250','460','SC-235',2,'Añadido/a \"ODC 01\" odc.',11,1),(525,'2016-11-15 00:22:08.920257','450','SC-207',2,'Modificado/a AjusteCom y AjustNumEDP.',11,1),(526,'2016-11-15 00:31:35.714195','452','SC-215',2,'Modificado/a AjustNumEDP.',11,1),(527,'2016-11-15 00:32:28.494339','451','SC-214',2,'Modificado/a AjustNumEDP.',11,1),(528,'2016-11-15 00:53:25.279902','451','SC-214',2,'Modificado/a AjustNumEDP.',11,1),(529,'2016-11-15 00:54:11.408162','452','SC-215',2,'Modificado/a AjustNumEDP.',11,1),(530,'2016-11-15 01:10:11.678674','454','SC-220',2,'Modificado/a AjusteCom.',11,1),(531,'2016-11-15 01:53:05.032980','455','SC-222',2,'Modificado/a AjusteCom y AjustValEDP.',11,1),(532,'2016-11-15 01:57:24.010230','456','SC-224',2,'Modificado/a AjusteCom.',11,1),(533,'2016-11-15 02:10:56.128504','459','SC-233',2,'Modificado/a AjusteCom y AjustValEDP.',11,1),(534,'2016-11-15 02:11:48.134761','459','SC-233',2,'No ha cambiado ningún campo.',11,1),(535,'2016-11-17 00:14:58.552798','461','SC-237',2,'Modificado/a AjusteCom.',11,1),(536,'2016-11-17 00:27:00.026741','463','SC-242',2,'Modificado/a AjusteCom.',11,1),(537,'2016-11-21 08:41:30.389747','608','OS2016-087',2,'Añadido/a \"OS2016-087 EDP 01\" edp.',11,1),(538,'2016-11-21 08:45:41.793299','477','SC-261',2,'Añadido/a \"SC-261 EDP 07\" edp.',11,1),(539,'2016-11-21 08:55:21.132349','564','OS2016-048',2,'Añadido/a \"OS2016-048 EDP 01\" edp. Añadido/a \"OS2016-048 EDP 02\" edp. Añadido/a \"OS2016-048 EDP 03\" edp. Añadido/a \"OS2016-048 EDP 04\" edp.',11,1),(540,'2016-11-21 09:03:12.420225','561','OS2016-045',2,'Añadido/a \"OS2016-045 EDP 01\" edp. Añadido/a \"OS2016-045 EDP 02\" edp. Añadido/a \"OS2016-045 EDP 03\" edp.',11,1),(541,'2016-11-21 09:06:38.448182','474','SC-258',2,'Añadido/a \"SC-258 EDP 06\" edp.',11,1),(542,'2016-11-21 09:13:21.309471','456','SC-224',2,'Añadido/a \"SC-224 EDP 21\" edp. Añadido/a \"SC-224 EDP 22\" edp.',11,1),(543,'2016-11-21 09:17:25.189844','454','SC-220',2,'Añadido/a \"SC-220 EDP 22\" edp.',11,1),(544,'2016-11-21 09:26:53.936137','463','SC-242',2,'Añadido/a \"SC-242 EDP 13\" edp. Añadido/a \"ODC 01\" odc.',11,1),(545,'2016-11-21 09:30:54.736498','599','OS2016-081',2,'Añadido/a \"OS2016-081 EDP 01\" edp.',11,1),(546,'2016-11-21 09:35:57.533693','594','OS2016-078',2,'Añadido/a \"ODC 01\" odc.',11,1),(547,'2016-11-21 09:38:53.392409','537','OS2016-021',2,'Añadido/a \"ODC 01\" odc.',11,1),(548,'2016-11-21 09:42:53.901806','554','OS2016-038',2,'Añadido/a \"OS2016-038 EDP 05\" edp.',11,1),(549,'2016-11-21 09:48:08.032583','612','Eugenio Pizarro Trigo',1,'Añadido.',10,1),(550,'2016-11-21 09:51:12.441908','613','OS2016-091',1,'Añadido.',11,1),(551,'2016-11-21 09:55:53.336586','551','OS2016-035',2,'Añadido/a \"OS2016-035 EDP 05\" edp.',11,1),(552,'2016-11-21 10:05:13.008606','613','PHIBRAND',1,'Añadido.',10,1),(553,'2016-11-21 10:08:08.248023','614','OS2016-093',1,'Añadido.',11,1),(554,'2016-11-21 10:11:28.505330','614','UNIVERSITY OF BRITISH COLUMBIA',1,'Añadido.',10,1),(555,'2016-11-21 10:13:51.895689','615','OS2016-094',1,'Añadido.',11,1),(556,'2016-11-21 10:14:30.686765','614','OS2016-093',2,'Modificado/a EstCtto.',11,1),(557,'2016-11-21 10:15:08.287963','613','OS2016-091',2,'Modificado/a EstCtto.',11,1),(558,'2016-11-21 10:37:38.168273','616','SC-293',1,'Añadido.',11,1),(559,'2016-11-21 10:39:28.908758','617','SC-294',1,'Añadido.',11,1),(560,'2016-11-21 10:41:31.968171','618','SC-295',1,'Añadido.',11,1),(561,'2016-11-21 10:43:01.279291','616','SC-293',2,'Modificado/a ValorCtto.',11,1),(562,'2016-11-21 10:43:38.154022','617','SC-294',2,'Modificado/a ValorCtto.',11,1),(563,'2016-11-21 10:43:52.465130','618','SC-295',2,'No ha cambiado ningún campo.',11,1),(564,'2016-11-21 10:44:06.956286','618','SC-295',2,'Modificado/a ValorCtto.',11,1),(565,'2016-11-21 10:44:43.472614','616','SC-293',2,'Modificado/a DescCtto.',11,1),(566,'2016-11-21 10:45:00.519626','618','SC-295',2,'Modificado/a DescCtto.',11,1),(567,'2016-11-21 10:45:09.932839','617','SC-294',2,'Modificado/a DescCtto.',11,1),(568,'2016-11-22 09:50:27.980447','580','OS2016-064',2,'Añadido/a \"OS2016-064 EDP 01\" edp.',11,1),(569,'2016-11-22 09:53:29.239999','583','OS2016-067',2,'Añadido/a \"OS2016-067 EDP 01\" edp.',11,1),(570,'2016-11-22 09:59:31.339990','461','SC-237',2,'Añadido/a \"SC-237 EDP 12\" edp.',11,1),(571,'2016-11-22 10:03:45.980258','512','CV2016-001',2,'Añadido/a \"CV2016-001 EDP 09\" edp.',11,1),(572,'2016-11-22 10:08:00.006444','602','OS2016-084',2,'Añadido/a \"ODC 01\" odc.',11,1),(573,'2016-11-22 10:14:31.421967','480','SC-264',2,'Añadido/a \"SC-264 EDP 03\" edp.',11,1),(574,'2016-11-22 10:18:19.429290','615','DK Sistemas de Exhibición',1,'Añadido.',10,1),(575,'2016-11-22 10:20:28.904209','619','OS2016-095',1,'Añadido.',11,1),(576,'2016-11-22 10:24:59.467081','616','Corporación para el Desarrollo de la Region de Atacama',1,'Añadido.',10,1),(577,'2016-11-22 10:26:57.590978','620','OS2016-096',1,'Añadido.',11,1),(578,'2016-11-22 10:33:29.528205','508','OS2014-036',2,'Añadido/a \"ODC 08\" odc.',11,1),(579,'2016-11-22 10:38:43.201694','617','Comercial Agroveterinaria del Maipo',1,'Añadido.',10,1),(580,'2016-11-22 10:40:52.227634','621','OS-2016-092',1,'Añadido.',11,1),(581,'2016-11-22 10:41:41.820201','621','OS2016-092',2,'Modificado/a NumCtto.',11,1),(582,'2016-11-22 10:44:59.136140','621','OS2016-092',2,'Añadido/a \"OS2016-092 EDP 01\" edp.',11,1),(583,'2016-11-23 03:05:22.775035','562','OS2016-046',2,'Modificado/a EstCtto.',11,1),(584,'2016-11-23 03:09:11.759267','464','SC-244',2,'Modificado/a EstCtto.',11,1),(585,'2016-11-23 03:09:22.825003','467','SC-248',2,'Modificado/a EstCtto.',11,1),(586,'2016-11-23 03:09:22.828522','465','SC-245',2,'Modificado/a EstCtto.',11,1),(587,'2016-11-24 00:58:20.755632','2','UF',2,'Modificado/a ValorMoneda y FechMoneda.',14,1),(588,'2016-11-24 00:59:00.951522','4','EUR',2,'Modificado/a ValorMoneda y FechMoneda.',14,1),(589,'2016-11-24 00:59:31.507536','5','CAD',2,'Modificado/a ValorMoneda y FechMoneda.',14,1),(590,'2016-11-24 01:11:15.406507','621','OS2016-092',2,'Modificado/a EstCtto.',11,1),(591,'2016-11-24 01:11:15.410012','620','OS2016-096',2,'Modificado/a EstCtto.',11,1),(592,'2016-11-24 01:11:15.413219','619','OS2016-095',2,'Modificado/a EstCtto.',11,1),(593,'2016-11-24 01:11:15.415446','615','OS2016-094',2,'Modificado/a EstCtto.',11,1),(594,'2016-11-24 01:11:15.417807','614','OS2016-093',2,'Modificado/a EstCtto.',11,1),(595,'2016-11-24 01:11:15.420158','613','OS2016-091',2,'Modificado/a EstCtto.',11,1),(596,'2016-11-24 01:11:15.422570','603','SC-280',2,'Modificado/a EstCtto.',11,1),(597,'2016-11-24 01:13:23.270278','597','SC-278',2,'Modificado/a EstCtto.',11,1),(598,'2016-11-24 01:13:23.273616','590','OS2016-074',2,'Modificado/a EstCtto y ObservCtto.',11,1),(599,'2016-11-24 01:13:23.276488','492','SC-276',2,'Modificado/a EstCtto.',11,1),(600,'2016-11-24 01:15:06.399420','491','SC-275',2,'Modificado/a EstCtto.',11,1),(601,'2016-11-24 01:15:06.403858','490','SC-274',2,'Modificado/a EstCtto.',11,1),(602,'2016-11-24 01:15:06.406410','489','SC-273',2,'Modificado/a EstCtto.',11,1),(603,'2016-11-24 01:15:06.408871','488','SC-272',2,'Modificado/a EstCtto.',11,1),(604,'2016-11-24 01:15:06.410951','487','SC-271',2,'Modificado/a EstCtto.',11,1),(605,'2016-11-24 01:15:06.413134','485','SC-269',2,'Modificado/a EstCtto.',11,1),(606,'2016-11-24 01:15:36.833750','526','OS2016-010',2,'Modificado/a EstCtto.',11,1),(607,'2016-11-24 01:50:24.392344','531','OS2016-015',2,'Añadido/a \"OS2016-015 EDP 01\" edp.',11,1),(608,'2016-11-24 01:52:16.533168','533','OS2016-017',2,'Añadido/a \"OS2016-017 EDP 01\" edp.',11,1),(609,'2016-11-24 01:53:30.431932','536','OS2016-020',2,'Añadido/a \"OS2016-020 EDP 01\" edp.',11,1),(610,'2016-11-24 01:56:37.237009','547','OS2016-031',2,'Añadido/a \"OS2016-031 EDP 01\" edp.',11,1),(611,'2016-11-24 01:57:49.639731','548','OS2016-032',2,'Añadido/a \"OS2016-032 EDP 01\" edp.',11,1),(612,'2016-11-24 02:00:00.841889','568','OS2016-052',2,'Añadido/a \"OS2016-052 EDP 01\" edp.',11,1),(613,'2016-11-24 02:01:46.250202','573','OS2016-057',2,'Añadido/a \"OS2016-057 EDP 01\" edp.',11,1),(614,'2016-11-24 02:09:22.154071','514','OCM2016-02',2,'Añadido/a \"OCM2016-02 EDP 02\" edp. Modificados PeriodEDP y PeriodEDPTer para \"OCM2016-02 EDP 01\" edp.',11,1),(615,'2016-11-24 02:10:32.367689','514','OCM2016-02',2,'Añadido/a \"OCM2016-02 EDP 03\" edp.',11,1),(616,'2016-11-24 02:12:22.517935','514','OCM2016-02',2,'Añadido/a \"OCM2016-02 EDP 04\" edp.',11,1),(617,'2016-11-24 02:31:10.781157','584','OS2016-068',2,'Añadido/a \"OS2016-068 EDP 01\" edp. Añadido/a \"OS2016-068 EDP 02\" edp. Añadido/a \"OS2016-068 EDP 03\" edp. Añadido/a \"OS2016-068 EDP 04\" edp.',11,1),(618,'2016-11-24 02:35:40.210440','585','OS2016-069',2,'Añadido/a \"OS2016-069 EDP 01\" edp. Añadido/a \"OS2016-069 EDP 02\" edp. Añadido/a \"OS2016-069 EDP 03\" edp. Añadido/a \"OS2016-069 EDP 04\" edp.',11,1),(619,'2016-11-24 02:41:05.117738','587','OS2016-071',2,'Añadido/a \"OS2016-071 EDP 01\" edp. Añadido/a \"OS2016-071 EDP 02\" edp. Añadido/a \"OS2016-071 EDP 03\" edp. Añadido/a \"OS2016-071 EDP 04\" edp.',11,1),(620,'2016-11-24 02:47:08.936662','586','OS2016-070',2,'Añadido/a \"OS2016-070 EDP 01\" edp. Añadido/a \"OS2016-070 EDP 02\" edp. Añadido/a \"OS2016-070 EDP 03\" edp. Añadido/a \"OS2016-070 EDP 04\" edp.',11,1),(621,'2016-11-24 02:48:17.739374','587','OS2016-071',2,'Modificados ValEDP para \"OS2016-071 EDP 01\" edp. Modificados ValEDP para \"OS2016-071 EDP 02\" edp. Modificados ValEDP para \"OS2016-071 EDP 03\" edp. Modificados ValEDP para \"OS2016-071 EDP 04\" edp.',11,1),(622,'2016-11-24 02:51:09.508784','588','OS2016-072',2,'Añadido/a \"OS2016-072 EDP 01\" edp. Añadido/a \"OS2016-072 EDP 02\" edp. Añadido/a \"OS2016-072 EDP 03\" edp. Añadido/a \"OS2016-072 EDP 04\" edp.',11,1),(623,'2016-11-24 03:02:38.374328','541','OS2016-025',2,'Modificado/a FechIniCtto y FechTerCtto. Añadido/a \"OS2016-025 EDP 01\" edp.',11,1),(624,'2016-11-24 03:10:54.434686','562','OS2016-046',2,'Añadido/a \"OS2016-046 EDP 01\" edp.',11,1),(625,'2016-11-24 03:13:29.106083','525','OS2016-009',2,'Modificados FactEDP para \"OS2016-009 EDP 01\" edp.',11,1),(626,'2016-11-24 04:18:24.686915','538','OS2016-022',2,'Modificado/a IdCtta.',11,1),(627,'2016-11-24 04:23:53.139579','574','OS2016-058',2,'Añadido/a \"OS2016-058 EDP 03\" edp. Añadido/a \"OS2016-058 EDP 04\" edp.',11,1),(628,'2016-11-24 04:27:02.280327','577','OS2016-061',2,'Añadido/a \"OS2016-061 EDP 03\" edp. Modificados FactEDP para \"OS2016-061 EDP 01\" edp. Modificados FactEDP para \"OS2016-061 EDP 02\" edp.',11,1),(629,'2016-11-24 04:30:34.949331','580','OS2016-064',2,'Añadido/a \"OS2016-064 EDP 02\" edp.',11,1),(630,'2016-11-24 04:35:40.307824','579','OS2016-063',2,'Añadido/a \"OS2016-063 EDP 01\" edp.',11,1),(631,'2016-11-24 04:39:57.986356','582','OS2016-066',2,'Añadido/a \"OS2016-066 EDP 03\" edp.',11,1),(632,'2016-11-24 04:42:36.176486','577','OS2016-061',2,'No ha cambiado ningún campo.',11,1),(633,'2016-11-24 04:55:29.078544','577','OS2016-061',2,'No ha cambiado ningún campo.',11,1),(634,'2016-11-24 04:56:54.239097','600','OS2016-082',2,'Añadido/a \"OS2016-082 EDP 01\" edp.',11,1),(635,'2016-11-24 09:39:46.659114','568','OS2016-052',2,'Modificado/a EstCtto.',11,1),(636,'2016-11-24 09:40:06.151343','569','OS2016-053',2,'Modificado/a EstCtto.',11,1),(637,'2016-11-24 09:47:16.196792','570','OS2016-054',2,'Añadido/a \"OS2016-054 EDP 01\" edp.',11,1),(638,'2016-11-24 09:50:11.394346','618','CAPACITACIÓN GLOBALGATE LTDA',1,'Añadido.',10,1),(639,'2016-11-24 09:50:47.857033','582','OS2016-066',2,'Modificado/a EstCtto.',11,1),(640,'2016-11-24 09:51:13.653668','482','SC-266',2,'Modificado/a EstCtto.',11,1),(641,'2016-11-28 09:33:15.057866','496','OS2011-057',2,'Añadido/a \"OS2011-057 EDP 61\" edp.',11,1),(642,'2016-11-28 09:35:16.778341','496','OS2011-057',2,'Añadido/a \"OS2011-057 EDP 62\" edp.',11,1),(643,'2016-11-28 09:44:06.573339','470','SC-252',2,'Añadido/a \"SC-252 EDP 10\" edp. Modificados RetEDP para \"SC-252 EDP 09\" edp.',11,1),(644,'2016-11-28 09:48:22.712378','535','OS2016-019',2,'Añadido/a \"OS2016-019 EDP 05\" edp.',11,1),(645,'2016-11-28 09:48:37.453815','460','SC-235',2,'No ha cambiado ningún campo.',11,1),(646,'2016-11-28 09:55:21.289014','476','SC-260',2,'Añadido/a \"SC-260 EDP 02\" edp. Modificados FactEDP para \"SC-260 EDP 01\" edp.',11,1),(647,'2016-11-28 09:58:02.727807','460','SC-235',2,'Añadido/a \"SC-235 EDP 04\" edp.',11,1),(648,'2016-11-28 10:00:40.209282','474','SC-258',2,'Añadido/a \"SC-258 EDP 07\" edp.',11,1),(649,'2016-11-28 10:04:31.027505','619','CDO Consulting Group',1,'Añadido.',10,1),(650,'2016-11-28 10:07:36.212433','622','OS2016-097',1,'Añadido.',11,1),(651,'2016-11-28 10:11:26.773487','613','OS2016-091',2,'Añadido/a \"ODC 01\" odc.',11,1),(652,'2016-11-28 10:17:24.268798','598','SC-279',2,'Añadido/a \"SC-279 EDP 02\" edp.',11,1),(653,'2016-11-28 10:21:42.006340','519','OS2016-003',2,'Añadido/a \"ODC 06\" odc.',11,1),(654,'2016-11-28 10:23:49.208320','520','OS2016-004',2,'Añadido/a \"OS2016-004 EDP 09\" edp.',11,1),(655,'2016-11-28 10:30:48.170391','594','OS2016-078',2,'Añadido/a \"OS2016-078 EDP 04\" edp.',11,1),(656,'2016-12-04 01:02:09.660301','601','OS2016-083',2,'Añadido/a \"OS2016-083 EDP 01\" edp.',11,1),(657,'2016-12-04 01:07:01.403398','618','SC-296',2,'Modificado/a NumCtto.',11,1),(658,'2016-12-04 01:09:47.484847','618','SC-297',2,'Modificado/a NumCtto.',11,1),(659,'2016-12-04 01:14:04.025178','620','ANGELA ACEVEDO',1,'Añadido.',10,1),(660,'2016-12-04 01:16:47.530944','623','SC-295',1,'Añadido.',11,1),(661,'2016-12-04 01:28:09.489043','566','OS2016-050',2,'Modificados NumEDP para \"OS2016-050 EDP 02\" edp.',11,1),(662,'2016-12-04 01:30:15.471864','566','OS2016-050',2,'Añadido/a \"OS2016-050 EDP 03\" edp.',11,1),(663,'2016-12-04 01:32:08.652126','566','OS2016-050',2,'Añadido/a \"OS2016-050 EDP 04\" edp. Añadido/a \"OS2016-050 EDP 05\" edp.',11,1),(664,'2016-12-04 03:31:45.212414','538','OS2016-022',2,'No ha cambiado ningún campo.',11,1),(665,'2016-12-04 11:29:45.846126','538','OS2016-022',2,'Añadido/a \"OS2016-022 EDP 01\" edp. Añadido/a \"OS2016-022 EDP 02\" edp. Añadido/a \"OS2016-022 EDP 03\" edp. Añadido/a \"OS2016-022 EDP 04\" edp.',11,1),(666,'2016-12-04 11:33:15.693784','512','CV2016-001',2,'Añadido/a \"CV2016-001 EDP 10\" edp.',11,1),(667,'2016-12-04 11:41:25.675352','591','OS2016-075',2,'Añadido/a \"ODC 01\" odc.',11,1),(668,'2016-12-04 11:44:21.073924','591','OS2016-075',2,'Añadido/a \"OS2016-075 EDP 01\" edp.',11,1),(669,'2016-12-04 11:57:26.496190','615','OS2016-094',2,'Modificado/a MonedaCtto, ValorCtto, EstCtto y FechSolCtto.',11,1),(670,'2016-12-04 12:01:25.778591','621','METSO MINERALS INDUSTRIES(EEUU)',1,'Añadido.',10,1),(671,'2016-12-04 12:03:22.313645','624','OS2016-098',1,'Añadido.',11,1),(672,'2016-12-04 12:19:41.908883','473','SC-257',2,'Añadido/a \"SC-257 EDP 04\" edp. Añadido/a \"SC-257 EDP 05\" edp. Añadido/a \"ODC 01\" odc.',11,1),(673,'2016-12-04 12:27:46.483150','622','OS2016-097',2,'Añadido/a \"OS2016-097 EDP 01\" edp.',11,1),(674,'2016-12-04 12:33:51.369286','470','SC-252',2,'Añadido/a \"SC-252 EDP 11\" edp.',11,1),(675,'2016-12-04 12:39:32.045532','622','SOCIEDAD INVERSIONES ATACAMA S&H LTDA',1,'Añadido.',10,1),(676,'2016-12-04 12:44:57.871635','625','OS2016-101',1,'Añadido.',11,1),(677,'2016-12-04 13:25:14.986454','555','OS2016-039',2,'Modificado/a FechTerCtto. Añadido/a \"OS2016-039 EDP 04\" edp. Añadido/a \"ODC 01\" odc.',11,1),(678,'2016-12-04 13:30:51.025700','459','SC-233',2,'Añadido/a \"SC-233 EDP 19\" edp.',11,1),(679,'2016-12-04 13:35:33.764559','454','SC-220',2,'Añadido/a \"SC-220 EDP 23\" edp.',11,1),(680,'2016-12-04 13:36:09.151584','454','SC-220',2,'No ha cambiado ningún campo.',11,1),(681,'2016-12-04 13:39:38.452650','452','SC-215',2,'Añadido/a \"SC-215 EDP 21\" edp. Añadido/a \"SC-215 EDP 22\" edp. Modificados Estado y FactEDP para \"SC-215 EDP 20\" edp.',11,1),(682,'2016-12-04 16:17:12.339184','626','SC-286A',1,'Añadido.',11,1),(683,'2016-12-04 16:21:54.296466','627','SC-287',1,'Añadido.',11,1),(684,'2016-12-04 16:24:16.222888','628','SC-288',1,'Añadido.',11,1),(685,'2016-12-04 16:26:08.491543','629','SC-289',1,'Añadido.',11,1),(686,'2016-12-04 16:27:47.213630','630','SC-290',1,'Añadido.',11,1),(687,'2016-12-04 16:29:26.581865','627','SC-287',2,'Modificado/a TipoServ y ObservCtto.',11,1),(688,'2016-12-04 16:30:15.972620','628','SC-288',2,'Modificado/a TipoServ y ObservCtto.',11,1),(689,'2016-12-04 16:30:39.424411','629','SC-289',2,'Modificado/a FechIniCtto, FechTerCtto y ObservCtto.',11,1),(690,'2016-12-04 16:31:36.028982','630','SC-290',2,'Modificado/a TipoServ y ObservCtto.',11,1),(691,'2016-12-04 16:33:51.896274','631','SC-291',1,'Añadido.',11,1),(692,'2016-12-04 16:35:25.504377','632','SC-292',1,'Añadido.',11,1),(693,'2016-12-04 16:37:50.388812','629','SC-289',2,'No ha cambiado ningún campo.',11,1),(694,'2016-12-04 16:41:00.228286','633','SC-296',1,'Añadido.',11,1),(695,'2016-12-04 16:45:59.910938','627','SC-287',2,'Modificado/a ValorCtto.',11,1),(696,'2016-12-04 16:48:27.453300','627','SC-287',2,'Modificado/a AjusteCom, AjustNumEDP, AjustValEDP y AdjudicCtto.',11,1),(697,'2016-12-04 16:48:56.468082','628','SC-288',2,'Modificado/a ValorCtto, AjusteCom, AjustNumEDP, AjustValEDP y AdjudicCtto.',11,1),(698,'2016-12-04 16:49:53.258738','629','SC-289',2,'Modificado/a ValorCtto, EstCtto, TipoServ, AjusteCom, AjustNumEDP, AjustValEDP y AdjudicCtto.',11,1),(699,'2016-12-04 16:50:15.636418','631','SC-291',2,'Modificado/a ValorCtto, AjusteCom, AjustNumEDP, AjustValEDP y AdjudicCtto.',11,1),(700,'2016-12-04 16:50:41.587997','632','SC-292',2,'Modificado/a ValorCtto, AjusteCom, AjustNumEDP, AjustValEDP y AdjudicCtto.',11,1),(701,'2016-12-04 16:51:15.163033','633','SC-296',2,'Modificado/a ValorCtto, AjusteCom, AjustNumEDP, AjustValEDP y AdjudicCtto.',11,1),(702,'2016-12-04 16:52:19.399196','630','SC-290',2,'Modificado/a ValorCtto, EstCtto, AjusteCom, AjustNumEDP, AjustValEDP y AdjudicCtto.',11,1),(703,'2016-12-04 16:59:28.866184','613','OS2016-091',2,'Modificado/a DescCtto.',11,1),(704,'2016-12-04 16:59:43.856323','621','OS2016-092',2,'Modificado/a DescCtto.',11,1),(705,'2016-12-04 17:00:04.545680','619','OS2016-095',2,'Modificado/a DescCtto.',11,1),(706,'2016-12-04 17:00:20.481687','620','OS2016-096',2,'Modificado/a DescCtto.',11,1),(707,'2016-12-04 17:00:37.465960','622','OS2016-097',2,'Modificado/a DescCtto.',11,1),(708,'2016-12-04 18:06:45.270231','633','SC-296',2,'Modificado/a FechTerCtto.',11,1),(709,'2016-12-04 18:06:45.272869','624','OS2016-098',2,'Modificado/a FechTerCtto.',11,1),(710,'2016-12-04 18:06:45.275098','623','SC-295',2,'Modificado/a FechTerCtto.',11,1),(711,'2016-12-04 18:16:07.925467','583','OS2016-067',2,'Modificado/a EstCtto.',11,1),(712,'2016-12-04 18:16:07.929490','555','OS2016-039',2,'Modificado/a EstCtto.',11,1),(713,'2016-12-04 18:16:07.932236','554','OS2016-038',2,'Modificado/a EstCtto.',11,1),(714,'2016-12-04 19:42:37.248344','603','SC-280',2,'Modificado/a TerrenCtto, SeguroCtto y ObservCtto.',11,1),(715,'2016-12-04 19:43:01.047776','604','SC-281',2,'Modificado/a TerrenCtto, SeguroCtto y ObservCtto.',11,1),(716,'2016-12-04 19:43:26.085291','605','SC-282',2,'Modificado/a TerrenCtto y SeguroCtto.',11,1),(717,'2016-12-04 19:43:54.015264','627','SC-287',2,'Modificado/a TerrenCtto, SeguroCtto y ObservCtto.',11,1),(718,'2016-12-04 19:44:31.644707','628','SC-288',2,'Modificado/a TerrenCtto y SeguroCtto.',11,1),(719,'2016-12-04 19:44:45.697326','629','SC-289',2,'Modificado/a TerrenCtto y SeguroCtto.',11,1),(720,'2016-12-04 19:45:00.718436','630','SC-290',2,'Modificado/a TerrenCtto y SeguroCtto.',11,1),(721,'2016-12-04 19:45:15.565190','631','SC-291',2,'Modificado/a TerrenCtto y SeguroCtto.',11,1),(722,'2016-12-04 19:45:31.147761','632','SC-292',2,'Modificado/a TerrenCtto y SeguroCtto.',11,1),(723,'2016-12-04 19:45:45.110559','633','SC-296',2,'Modificado/a TerrenCtto y SeguroCtto.',11,1),(724,'2016-12-04 20:52:25.470985','530','OS2016-014',2,'Modificado/a IdMandante y TipoServ.',11,1),(725,'2016-12-04 20:52:48.831293','534','OS2016-018',2,'Modificado/a IdMandante y TipoServ.',11,1),(726,'2016-12-04 20:54:12.275465','539','OS2016-023',2,'Modificado/a IdMandante, Carpeta, TipoServ, TerrenCtto y SeguroCtto.',11,1),(727,'2016-12-04 20:54:33.453372','546','OS2016-030',2,'Modificado/a IdMandante, TipoServ, TerrenCtto y SeguroCtto.',11,1),(728,'2016-12-04 20:54:58.063189','576','OS2016-060',2,'Modificado/a IdMandante, Carpeta, TipoServ, TerrenCtto y SeguroCtto.',11,1),(729,'2016-12-04 20:55:29.385425','458','SC-232',2,'Modificado/a Carpeta, TipoServ y SeguroCtto.',11,1),(730,'2016-12-05 02:33:37.559310','593','OS2016-077',2,'Modificado/a EstCtto.',11,1),(731,'2016-12-05 02:34:26.239505','606','OS2016-085',2,'Modificado/a EstCtto.',11,1),(732,'2016-12-07 02:26:45.339876','626','SC-286A',2,'Modificado/a ValorCtto.',11,1),(733,'2016-12-07 02:31:23.173446','634','SC-286B',1,'Añadido.',11,1),(734,'2016-12-07 02:39:55.862456','623','CAPACITACIÓN Y ASESORÍAS EMPRENDEJOVEN',1,'Añadido.',10,1),(735,'2016-12-07 02:49:05.329948','635','CV2016-002',1,'Añadido. Añadido/a \"CV2016-002 EDP 01\" edp.',11,1),(736,'2016-12-07 02:54:51.659931','624','FUNDACIÓN CHILE',1,'Añadido.',10,1),(737,'2016-12-07 03:04:41.959905','625','FUNDACIÓN CHILE',1,'Añadido.',10,1),(738,'2016-12-07 03:07:40.848636','636','CV2016-003',1,'Añadido.',11,1),(739,'2016-12-07 03:08:46.646209','636','CV2016-003',2,'Añadido/a \"CV2016-003 EDP 01\" edp.',11,1),(740,'2016-12-07 03:24:24.116551','636','CV2016-003',2,'Añadido/a \"CV2016-003 EDP 02\" edp.',11,1),(741,'2016-12-07 03:29:18.333887','626','MUNICIPALIDAD DE VALLENAR',1,'Añadido.',10,1),(742,'2016-12-07 03:31:36.928780','637','CV2016-004',1,'Añadido.',11,1),(743,'2016-12-07 03:33:12.281842','637','CV2016-004',2,'Añadido/a \"CV2016-004 EDP 01\" edp.',11,1),(744,'2016-12-07 03:36:11.939335','627','MUNICIPALIDAD DEL CARMEN',1,'Añadido.',10,1),(745,'2016-12-07 03:37:27.199329','638','CV2016-005',1,'Añadido.',11,1),(746,'2016-12-07 03:38:20.510868','638','CV2016-005',2,'Modificado/a DescCtto.',11,1),(747,'2016-12-07 03:41:05.624372','638','CV2016-005',2,'Añadido/a \"CV2016-005 EDP 01\" edp.',11,1),(748,'2016-12-07 03:41:29.393292','636','CV2016-003',2,'Modificado/a EstCtto.',11,1),(749,'2016-12-07 03:48:26.040003','628','MUNICIPALIDAD DE HUASCO',1,'Añadido.',10,1),(750,'2016-12-07 03:50:10.930654','639','CV2016-006',1,'Añadido.',11,1),(751,'2016-12-07 03:52:07.260850','639','CV2016-006',2,'Añadido/a \"CV2016-006 EDP 01\" edp.',11,1),(752,'2016-12-07 09:52:52.972831','639','CV2016-006',2,'Modificado/a DescCtto.',11,1),(753,'2016-12-07 10:01:31.349254','640','CV2016-007',1,'Añadido.',11,1),(754,'2016-12-07 10:03:44.832602','640','CV2016-007',2,'Añadido/a \"CV2016-007 EDP 01\" edp.',11,1),(755,'2016-12-07 10:09:06.638347','641','CV2016-008',1,'Añadido.',11,1),(756,'2016-12-07 10:10:41.489319','641','CV2016-008',2,'Modificado/a ObservCtto.',11,1),(757,'2016-12-07 10:15:03.428100','642','CV2016-009',1,'Añadido.',11,1),(758,'2016-12-07 10:17:23.872480','642','CV2016-009',2,'Añadido/a \"CV2016-009 EDP 01\" edp.',11,1),(759,'2016-12-07 10:17:34.424217','641','CV2016-008',2,'Modificado/a EstCtto.',11,1),(760,'2016-12-07 10:18:12.743290','624','OS2016-098',2,'Modificado/a EstCtto.',11,1),(761,'2016-12-07 10:18:12.746341','623','SC-295',2,'Modificado/a EstCtto.',11,1),(762,'2016-12-07 10:18:37.320611','622','OS2016-097',2,'Modificado/a EstCtto.',11,1),(763,'2016-12-07 10:22:49.416217','638','CV2016-005',2,'Modificado/a MonedaCtto.',11,1),(764,'2016-12-07 10:28:45.453457','638','CV2016-005',2,'Modificados AprobEDP para \"CV2016-005 EDP 01\" edp.',11,1),(765,'2016-12-07 10:31:03.174689','638','CV2016-005',2,'No ha cambiado ningún campo.',11,1),(766,'2016-12-07 10:31:43.679602','638','CV2016-005',2,'No ha cambiado ningún campo.',11,1),(767,'2016-12-07 10:32:16.771895','638','CV2016-005',2,'No ha cambiado ningún campo.',11,1),(768,'2016-12-07 10:33:14.495904','638','CV2016-005',2,'Modificado/a ValorCtto.',11,1),(769,'2016-12-08 18:08:42.458080','642','CV2016-009',2,'Modificado/a AdjudicCtto.',11,1),(770,'2016-12-09 14:34:06.245074','449','SC-184',2,'Modificados ValorODC para \"ODC 01\" odc.',11,1),(771,'2016-12-09 14:38:30.961461','579','ODC 07',2,'Modificado/a ValorODC.',13,1),(772,'2016-12-09 14:39:30.418322','454','SC-220',2,'Modificados ValorODC para \"ODC 01\" odc.',11,1),(773,'2016-12-09 14:40:50.602102','520','OS2016-004',2,'Modificados ValorODC para \"ODC 01\" odc.',11,1),(774,'2016-12-11 23:47:52.064142','626','SC-286A',2,'Añadido/a \"SC-286A EDP 01\" edp.',11,1),(775,'2016-12-11 23:54:39.763113','450','SC-207',2,'Añadido/a \"SC-207 EDP 25\" edp. Añadido/a \"SC-207 EDP 26\" edp.',11,1),(776,'2016-12-11 23:58:53.938848','602','OS2016-084',2,'Añadido/a \"OS2016-084 EDP 01\" edp.',11,1),(777,'2016-12-12 00:04:19.592441','460','SC-235',2,'Añadido/a \"SC-235 EDP 05\" edp. Añadido/a \"SC-235 EDP 06\" edp.',11,1),(778,'2016-12-12 00:29:39.922714','557','OS2016-041',2,'Añadido/a \"ODC 01\" odc. Añadido/a \"ODC 02\" odc.',11,1),(779,'2016-12-19 00:48:56.864305','553','OS2016-037',2,'Añadido/a \"ODC 01\" odc.',11,1),(780,'2016-12-19 00:49:30.956061','553','OS2016-037',2,'Modificados DescripODC para \"ODC 01\" odc.',11,1),(781,'2016-12-19 00:52:16.687097','553','OS2016-037',2,'Añadido/a \"OS2016-037 EDP 04\" edp.',11,1),(782,'2016-12-19 00:53:27.222390','553','OS2016-037',2,'Añadido/a \"OS2016-037 EDP 05\" edp.',11,1),(783,'2016-12-19 01:01:56.975392','519','OS2016-003',2,'Añadido/a \"OS2016-003 EDP 09\" edp. Añadido/a \"OS2016-003 EDP 10\" edp.',11,1),(784,'2016-12-19 01:06:20.731288','512','CV2016-001',2,'Añadido/a \"CV2016-001 EDP 11\" edp.',11,1),(785,'2016-12-19 01:08:03.850622','512','CV2016-001',2,'Añadido/a \"CV2016-001 EDP 12\" edp.',11,1),(786,'2016-12-19 01:11:12.284689','477','SC-261',2,'Añadido/a \"SC-261 EDP 08\" edp.',11,1),(787,'2016-12-19 01:11:51.038368','477','SC-261',2,'No ha cambiado ningún campo.',11,1),(788,'2016-12-19 01:16:04.126843','577','OS2016-061',2,'Añadido/a \"ODC 02\" odc.',11,1),(789,'2016-12-19 01:30:07.350311','471','SC-253',2,'Añadido/a \"SC-253 EDP 09\" edp. Añadido/a \"SC-253 EDP 10\" edp. Añadido/a \"SC-253 EDP 11\" edp. Añadido/a \"SC-253 EDP 12\" edp. Añadido/a \"ODC 01\" odc.',11,1),(790,'2016-12-19 01:39:21.400490','629','NEXO ASESORIA GESTION CULTURAL',1,'Añadido.',10,1),(791,'2016-12-19 01:40:53.603455','643','OS2016-105',1,'Añadido.',11,1),(792,'2016-12-19 01:45:18.881159','463','SC-242',2,'Añadido/a \"SC-242 EDP 14\" edp.',11,1),(793,'2016-12-19 01:55:29.496633','574','OS2016-058',2,'Añadido/a \"ODC 02\" odc. Añadido/a \"ODC 03\" odc.',11,1),(794,'2016-12-19 01:58:14.788354','577','OS2016-061',2,'Añadido/a \"OS2016-061 EDP 04\" edp.',11,1),(795,'2016-12-19 02:03:42.280276','508','OS2014-036',2,'Añadido/a \"OS2014-036 EDP 11\" edp. Añadido/a \"OS2014-036 EDP 12\" edp.',11,1),(796,'2016-12-19 02:05:54.794784','630','SIPCOM',1,'Añadido.',10,1),(797,'2016-12-19 02:07:21.213157','644','OS2016-102',1,'Añadido.',11,1),(798,'2016-12-19 10:30:18.378026','644','OS2016-102',2,'Modificado/a EstCtto.',11,1),(799,'2016-12-20 11:17:24.220151','602','OS2016-084',2,'Modificados ValEDP para \"OS2016-084 EDP 01\" edp.',11,1),(800,'2016-12-21 09:28:47.818940','621','OS2016-092',2,'Modificados ValEDP y ObservEDP para \"OS2016-092 EDP 01\" edp.',11,1),(801,'2016-12-21 09:38:21.046159','637','CV2016-004',2,'Modificados ValEDP, DevAntEDP y ObservEDP para \"CV2016-004 EDP 01\" edp.',11,1),(802,'2016-12-21 09:41:11.765183','638','CV2016-005',2,'Modificados ValEDP, DevAntEDP y ObservEDP para \"CV2016-005 EDP 01\" edp.',11,1),(803,'2016-12-21 09:42:17.665761','639','CV2016-006',2,'Modificados ValEDP, DevRet y ObservEDP para \"CV2016-006 EDP 01\" edp.',11,1),(804,'2016-12-21 09:44:12.434951','640','CV2016-007',2,'Modificados ValEDP y DevAntEDP para \"CV2016-007 EDP 01\" edp.',11,1),(805,'2016-12-21 09:47:03.460743','642','CV2016-009',2,'Modificados ValEDP y DevAntEDP para \"CV2016-009 EDP 01\" edp.',11,1),(806,'2016-12-21 09:48:02.846327','642','CV2016-009',2,'Modificados ObservEDP para \"CV2016-009 EDP 01\" edp.',11,1),(807,'2016-12-21 09:49:58.776051','621','OS2016-092',2,'Modificados ObservEDP para \"OS2016-092 EDP 01\" edp.',11,1),(808,'2016-12-21 09:54:31.406782','614','OS2016-093',2,'Añadido/a \"OS2016-093 EDP 01\" edp.',11,1),(809,'2016-12-21 10:05:12.678901','520','OS2016-004',2,'Añadido/a \"OS2016-004 EDP 10\" edp. Añadido/a \"OS2016-004 EDP 11\" edp.',11,1),(810,'2016-12-21 10:08:09.563071','551','OS2016-035',2,'Añadido/a \"OS2016-035 EDP 06\" edp.',11,1),(811,'2016-12-21 10:11:17.714093','479','SC-263',2,'Añadido/a \"SC-263 EDP 04\" edp.',11,1),(812,'2016-12-21 10:14:48.897218','479','SC-263',2,'Añadido/a \"ODC 02\" odc. Modificados IdCecoODC para \"ODC 01\" odc.',11,1),(813,'2016-12-21 10:21:57.004897','479','SC-263',2,'Añadido/a \"ODC 03\" odc.',11,1),(814,'2016-12-21 10:24:13.536543','551','OS2016-035',2,'Añadido/a \"OS2016-035 EDP 07\" edp.',11,1),(815,'2016-12-21 10:32:11.144265','564','OS2016-048',2,'Añadido/a \"OS2016-048 EDP 05\" edp. Añadido/a \"OS2016-048 EDP 06\" edp.',11,1),(816,'2016-12-21 10:38:56.330727','460','SC-235',2,'Modificados ValEDP y DevAntEDP para \"SC-235 EDP 05\" edp. Modificados ValEDP y DevAntEDP para \"SC-235 EDP 06\" edp.',11,1),(817,'2016-12-21 10:45:06.199253','626','SC-286A',2,'Modificado/a ValorCtto. Añadido/a \"SC-286A EDP 02\" edp.',11,1),(818,'2016-12-21 10:54:20.392128','634','SC-286B',2,'Añadido/a \"SC-286B EDP 01\" edp. Añadido/a \"SC-286B EDP 02\" edp.',11,1),(819,'2016-12-21 10:57:44.044807','634','SC-286B',2,'Modificado/a ValorCtto y EstCtto.',11,1),(820,'2016-12-21 10:57:58.706401','626','SC-286A',2,'Modificado/a EstCtto.',11,1),(821,'2016-12-21 11:06:34.542596','564','OS2016-048',2,'Modificado/a ValorCtto.',11,1),(822,'2016-12-22 02:33:15.056511','623','SC-295',2,'Añadido/a \"SC-295 EDP 01\" edp. Añadido/a \"SC-295 EDP 02\" edp.',11,1),(823,'2016-12-22 02:37:05.533116','566','OS2016-050',2,'Añadido/a \"OS2016-050 EDP 06\" edp.',11,1),(824,'2016-12-22 02:39:26.634535','452','SC-215',2,'Añadido/a \"SC-215 EDP 23\" edp.',11,1),(825,'2016-12-22 02:42:59.789518','555','OS2016-039',2,'Añadido/a \"ODC 02\" odc.',11,1),(826,'2016-12-22 02:47:48.319512','555','OS2016-039',2,'Añadido/a \"OS2016-039 EDP 05\" edp. Modificados PresenEDP y AprobEDP para \"OS2016-039 EDP 04\" edp.',11,1),(827,'2016-12-22 03:00:12.365624','519','OS2016-003',2,'Añadido/a \"OS2016-003 EDP 11\" edp.',11,1),(828,'2016-12-22 03:03:02.351299','519','OS2016-003',2,'Añadido/a \"OS2016-003 EDP 12\" edp.',11,1),(829,'2016-12-22 03:06:35.161048','645','OS2016-103',1,'Añadido.',11,1),(830,'2016-12-22 03:08:22.058677','645','OS2016-103',2,'Añadido/a \"OS2016-103 EDP 01\" edp.',11,1),(831,'2016-12-22 03:11:49.538972','602','OS2016-084',2,'Añadido/a \"OS2016-084 EDP 02\" edp.',11,1),(832,'2016-12-22 03:19:37.745939','450','SC-207',2,'Añadido/a \"SC-207 EDP 27\" edp. Añadido/a \"SC-207 EDP 28\" edp.',11,1),(833,'2016-12-22 03:22:55.432475','473','SC-257',2,'Añadido/a \"SC-257 EDP 06\" edp.',11,1),(834,'2016-12-22 03:31:46.499901','459','SC-233',2,'Añadido/a \"SC-233 EDP 20\" edp. Modificados ValEDP y DevAntEDP para \"SC-233 EDP 18\" edp.',11,1),(835,'2016-12-22 03:36:07.219436','559','OS2016-043',2,'Modificado/a ValorCtto. Añadido/a \"OS2016-043 EDP 01\" edp.',11,1),(836,'2016-12-22 03:38:50.534877','577','OS2016-061',2,'Añadido/a \"OS2016-061 EDP 05\" edp.',11,1),(837,'2016-12-22 03:41:47.586820','577','OS2016-061',2,'Añadido/a \"OS2016-061 EDP 06\" edp.',11,1),(838,'2016-12-22 03:45:44.351335','540','OS2016-024',2,'Añadido/a \"OS2016-024 EDP 03\" edp. Añadido/a \"OS2016-024 EDP 04\" edp.',11,1),(839,'2016-12-22 03:57:40.452185','631','SALINAS & BELTRAN-GALINDO',1,'Añadido.',10,1),(840,'2016-12-22 03:59:04.352572','646','OS2016-108',1,'Añadido.',11,1),(841,'2016-12-22 04:03:08.848400','558','OS2016-042',2,'Modificado/a MonedaCtto, ValorCtto, EstCtto, FechIniCtto, FechTerCtto, FechSolCtto y FechAppCtto.',11,1),(842,'2016-12-22 04:10:00.566232','632','ATACAMA GESTION E INOVACION',1,'Añadido.',10,1),(843,'2016-12-22 04:11:48.352439','647','OS2016-106',1,'Añadido.',11,1),(844,'2016-12-22 04:19:35.815239','461','SC-237',2,'Añadido/a \"SC-237 EDP 13\" edp. Añadido/a \"SC-237 EDP 14\" edp. Añadido/a \"SC-237 EDP 15\" edp.',11,1),(845,'2016-12-22 04:22:21.083825','454','SC-220',2,'Añadido/a \"SC-220 EDP 24\" edp.',11,1),(846,'2016-12-22 04:29:26.642127','456','SC-224',2,'Añadido/a \"SC-224 EDP 23\" edp. Añadido/a \"SC-224 EDP 24\" edp.',11,1),(847,'2016-12-22 04:35:01.203723','594','OS2016-078',2,'Añadido/a \"OS2016-078 EDP 05\" edp. Añadido/a \"OS2016-078 EDP 06\" edp. Añadido/a \"OS2016-078 EDP 07\" edp.',11,1),(848,'2016-12-22 04:40:28.127149','496','OS2011-057',2,'Añadido/a \"OS2011-057 EDP 63\" edp. Añadido/a \"OS2011-057 EDP 64\" edp.',11,1),(849,'2016-12-22 04:44:41.786176','581','OS2016-065',2,'Añadido/a \"OS2016-065 EDP 01\" edp. Añadido/a \"OS2016-065 EDP 02\" edp.',11,1),(850,'2016-12-22 04:50:02.301336','601','OS2016-083',2,'Añadido/a \"OS2016-083 EDP 02\" edp. Modificados ValEDP y DevAntEDP para \"OS2016-083 EDP 01\" edp.',11,1),(851,'2016-12-22 04:54:07.472433','488','SC-272',2,'Añadido/a \"SC-272 EDP 01\" edp.',11,1),(852,'2016-12-22 04:54:40.946781','488','SC-272',2,'Añadido/a \"SC-272 EDP 01\" edp.',11,1),(853,'2016-12-22 04:57:57.795469','557','OS2016-041',2,'Añadido/a \"OS2016-041 EDP 03\" edp.',11,1),(854,'2016-12-22 05:01:31.379420','490','SC-274',2,'Añadido/a \"SC-274 EDP 01\" edp.',11,1),(855,'2016-12-22 10:41:48.540020','470','SC-252',2,'Modificados RetEDP para \"SC-252 EDP 11\" edp.',11,1),(856,'2016-12-22 10:59:56.691519','492','SC-276',2,'Añadido/a \"SC-276 EDP 02\" edp. Añadido/a \"SC-276 EDP 03\" edp. Añadido/a \"SC-276 EDP 04\" edp.',11,1),(857,'2016-12-22 11:12:48.159159','453','SC-216',2,'Añadido/a \"SC-216 EDP 18\" edp.',11,1),(858,'2016-12-22 11:17:05.074231','468','SC-249',2,'Añadido/a \"SC-249 EDP 07\" edp.',11,1),(859,'2016-12-22 11:23:01.946455','474','SC-258',2,'No ha cambiado ningún campo.',11,1),(860,'2016-12-23 09:51:13.487006','639','CV2016-006',2,'Modificados DevAntEDP y DevRet para \"CV2016-006 EDP 01\" edp.',11,1),(861,'2016-12-23 10:01:21.757376','559','OS2016-043',2,'Modificado/a MonedaCtto.',11,1),(862,'2016-12-23 10:07:09.678352','480','SC-264',2,'Modificados DevAntEDP y RetEDP para \"SC-264 EDP 02\" edp.',11,1),(863,'2017-01-02 22:26:56.059699','647','OS2016-106',2,'Añadido/a \"OS2016-106 EDP 01\" edp.',11,1),(864,'2017-01-02 22:30:23.037559','525','OS2016-009',2,'Añadido/a \"OS2016-009 EDP 02\" edp.',11,1),(865,'2017-01-02 22:33:37.007627','474','SC-258',2,'Añadido/a \"SC-258 EDP 08\" edp.',11,1),(866,'2017-01-02 22:35:44.439426','474','SC-258',2,'Añadido/a \"SC-258 EDP 09\" edp. Modificados RetEDP para \"SC-258 EDP 08\" edp.',11,1),(867,'2017-01-02 22:39:50.662936','475','SC-259',2,'Añadido/a \"ODC 01\" odc.',11,1),(868,'2017-01-02 22:41:47.642462','475','SC-259',2,'Añadido/a \"SC-259 EDP 02\" edp.',11,1),(869,'2017-01-02 22:45:58.516428','472','SC-256',2,'Añadido/a \"SC-256 EDP 03\" edp. Añadido/a \"ODC 01\" odc.',11,1),(870,'2017-01-02 22:49:20.146050','609','OS2016-088',2,'Añadido/a \"OS2016-088 EDP 01\" edp. Añadido/a \"OS2016-088 EDP 02\" edp.',11,1),(871,'2017-01-02 22:53:43.933735','600','OS2016-082',2,'Añadido/a \"OS2016-082 EDP 02\" edp. Modificados ValEDP y DevAntEDP para \"OS2016-082 EDP 01\" edp.',11,1),(872,'2017-01-02 22:56:27.292699','538','OS2016-022',2,'Añadido/a \"OS2016-022 EDP 05\" edp.',11,1),(873,'2017-01-02 22:57:33.940596','538','OS2016-022',2,'Añadido/a \"OS2016-022 EDP 06\" edp.',11,1),(874,'2017-01-02 23:00:35.176241','633','GCF INGENIEROS',1,'Añadido.',10,1),(875,'2017-01-02 23:03:47.668461','648','OS2016-109',1,'Añadido.',11,1),(876,'2017-01-02 23:06:39.329099','613','OS2016-091',2,'Añadido/a \"ODC 02\" odc.',11,1),(877,'2017-01-03 00:18:28.736475','452','SC-215',2,'Modificado/a AjusteCom.',11,1),(878,'2017-01-03 00:23:54.671445','468','SC-249',2,'Añadido/a \"ODC 01\" odc.',11,1),(879,'2017-01-03 00:25:49.726932','566','OS2016-050',2,'Modificado/a ValorCtto.',11,1),(880,'2017-01-06 11:03:28.581699','643','OS2016-105',2,'Añadido/a \"OS2016-105 EDP 01\" edp.',11,1),(881,'2017-01-06 11:04:37.479372','614','OS2016-093',2,'Modificados DevAntEDP para \"OS2016-093 EDP 01\" edp.',11,1),(882,'2017-01-07 13:15:12.439488','634','SC-286B',2,'Modificados ValEDP para \"SC-286B EDP 01\" edp.',11,1),(883,'2017-01-07 13:19:07.393495','482','SC-266',2,'Añadido/a \"SC-266 EDP 04\" edp.',11,1),(884,'2017-01-07 13:21:39.222890','634','SC-286B',2,'Modificado/a LocalCtto.',11,1),(885,'2017-01-07 13:21:57.555853','633','SC-296',2,'Modificado/a LocalCtto.',11,1),(886,'2017-01-07 13:22:49.299808','620','OS2016-096',2,'Modificado/a LocalCtto.',11,1),(887,'2017-01-07 13:25:27.480013','621','OS2016-092',2,'Modificado/a LocalCtto.',11,1),(888,'2017-01-07 13:25:58.014123','625','OS2016-101',2,'Modificado/a LocalCtto.',11,1),(889,'2017-01-07 13:29:53.206343','635','CV2016-002',2,'Modificado/a LocalCtto.',11,1),(890,'2017-01-07 13:30:33.545652','636','CV2016-003',2,'Modificado/a ObservCtto.',11,1),(891,'2017-01-07 13:30:41.564772','637','CV2016-004',2,'Modificado/a LocalCtto.',11,1),(892,'2017-01-07 13:30:50.398908','638','CV2016-005',2,'Modificado/a LocalCtto.',11,1),(893,'2017-01-07 13:30:58.211131','639','CV2016-006',2,'Modificado/a LocalCtto.',11,1),(894,'2017-01-07 13:31:16.074612','640','CV2016-007',2,'Modificado/a LocalCtto.',11,1),(895,'2017-01-07 13:31:22.758885','642','CV2016-009',2,'Modificado/a LocalCtto.',11,1),(896,'2017-01-07 13:33:28.862397','626','SC-286A',2,'Modificado/a IdCecoCtto.',11,1),(897,'2017-01-07 13:33:41.479994','634','SC-286B',2,'Modificado/a IdCecoCtto.',11,1),(898,'2017-01-16 08:50:47.609996','634','FINNING CHILE S.A',1,'Añadido.',10,1),(899,'2017-01-16 08:56:32.480731','649','SC-300',1,'Añadido.',11,1),(900,'2017-01-16 09:00:25.762968','635','ANDREA DIETRICH',1,'Añadido.',10,1),(901,'2017-01-16 09:05:02.570567','650','SC-299',1,'Añadido.',11,1),(902,'2017-01-16 09:13:08.797705','557','OS2016-041',2,'Añadido/a \"ODC 03\" odc.',11,1),(903,'2017-01-16 09:15:53.920092','558','OS2016-042',2,'Añadido/a \"OS2016-042 EDP 01\" edp.',11,1),(904,'2017-01-16 09:20:01.557769','463','SC-242',2,'Añadido/a \"SC-242 EDP 15\" edp. Modificados RetEDP para \"SC-242 EDP 14\" edp.',11,1),(905,'2017-01-16 09:24:20.718176','636','CIENCIAS ATMOSFERICA APLICADAS',1,'Añadido.',10,1),(906,'2017-01-16 09:28:00.073956','651','OS2017-002',1,'Añadido.',11,1),(907,'2017-01-16 09:30:24.591925','597','SC-278',2,'Añadido/a \"SC-278 EDP 01\" edp.',11,1),(908,'2017-01-23 00:42:12.816957','650','SC-299',2,'Modificado/a EstCtto.',11,1),(909,'2017-01-23 00:42:12.820269','649','SC-300',2,'Modificado/a EstCtto.',11,1),(910,'2017-01-23 00:42:12.822750','644','OS2016-102',2,'Modificado/a EstCtto.',11,1),(911,'2017-01-23 00:42:12.825553','643','OS2016-105',2,'Modificado/a EstCtto.',11,1),(912,'2017-01-23 00:42:12.828212','633','SC-296',2,'Modificado/a EstCtto.',11,1),(913,'2017-01-23 00:43:29.991667','612','SC-285',2,'Modificado/a EstCtto.',11,1),(914,'2017-01-23 00:43:29.994570','605','SC-282',2,'Modificado/a EstCtto.',11,1),(915,'2017-01-23 00:43:29.997039','604','SC-281',2,'Modificado/a EstCtto.',11,1),(916,'2017-01-23 00:49:08.479615','652','OS2017-003',1,'Añadido.',11,1),(917,'2017-01-23 09:10:11.412646','491','SC-275',2,'Añadido/a \"SC-275 EDP 01\" edp.',11,1),(918,'2017-01-23 09:16:25.758679','637','DELFINA LÓPEZ ESPEJO',1,'Añadido.',10,1),(919,'2017-01-23 09:18:47.644070','653','OS2017-001',1,'Añadido.',11,1),(920,'2017-01-23 09:19:06.396834','653','OS2017-001',2,'Modificado/a DescCtto.',11,1),(921,'2017-01-23 09:22:15.297983','653','OS2017-001',2,'Modificado/a FechIniCtto y FechSolCtto. Añadido/a \"OS2017-001 EDP 01\" edp.',11,1),(922,'2017-01-23 09:27:25.798138','654','OS2017-004',1,'Añadido.',11,1),(923,'2017-01-23 09:33:04.050387','627','SC-287',2,'Modificado/a ValorCtto, IdCtta, EstCtto, FechSolCtto, FechAppCtto y ObservCtto.',11,1),(924,'2017-01-23 09:38:44.209425','612','SC-285',2,'Modificado/a ValorCtto y FechAppCtto.',11,1),(925,'2017-01-23 09:45:54.161899','496','OS2011-057',2,'Modificado/a EstCtto.',11,1),(926,'2017-01-23 09:45:54.166350','518','OS2016-002',2,'Modificado/a EstCtto.',11,1),(927,'2017-01-23 09:46:17.720983','519','OS2016-003',2,'Modificado/a EstCtto.',11,1),(928,'2017-01-23 09:47:14.210102','542','OS2016-026',2,'Modificado/a EstCtto.',11,1),(929,'2017-01-23 09:47:42.847079','570','OS2016-054',2,'Modificado/a EstCtto.',11,1),(930,'2017-01-23 09:48:14.816752','610','OS2016-089',2,'Modificado/a EstCtto.',11,1),(931,'2017-01-23 09:48:14.821504','647','OS2016-106',2,'Modificado/a EstCtto.',11,1),(932,'2017-01-23 09:48:47.794125','614','OS2016-093',2,'Modificado/a EstCtto.',11,1),(933,'2017-01-23 09:48:47.797102','619','OS2016-095',2,'Modificado/a EstCtto.',11,1),(934,'2017-01-23 09:48:47.799669','620','OS2016-096',2,'Modificado/a EstCtto.',11,1),(935,'2017-01-23 09:48:54.470844','621','OS2016-092',2,'Modificado/a EstCtto.',11,1),(936,'2017-01-23 09:50:16.582581','451','SC-214',2,'Modificado/a EstCtto.',11,1),(937,'2017-01-23 09:50:16.585432','453','SC-216',2,'Modificado/a EstCtto.',11,1),(938,'2017-01-23 09:50:16.588514','455','SC-222',2,'Modificado/a EstCtto.',11,1),(939,'2017-01-23 09:50:16.591324','461','SC-237',2,'Modificado/a EstCtto.',11,1),(940,'2017-01-23 09:50:59.581419','476','SC-260',2,'Modificado/a EstCtto.',11,1),(941,'2017-02-06 02:22:26.539155','638','Piteau Associates Chile SpA',1,'Añadido.',10,1),(942,'2017-02-06 02:23:23.088002','605','SC-282',2,'Modificado/a ValorCtto, IdCtta, FechIniCtto, FechTerCtto, AjustNumEDP y FechAppCtto.',11,1),(943,'2017-02-06 02:30:37.728444','477','SC-261',2,'Añadido/a \"ODC 01\" odc.',11,1),(944,'2017-02-06 02:35:18.829825','477','SC-261',2,'Añadido/a \"SC-261 EDP 09\" edp.',11,1),(945,'2017-02-06 02:36:15.262350','605','SC-282',2,'Modificado/a IdCecoCtto.',11,1),(946,'2017-02-06 02:37:50.154055','639','TRACTEBEL ENG',1,'Añadido.',10,1),(947,'2017-02-06 02:40:54.605285','630','SC-290',2,'Modificado/a ValorCtto, IdCtta, EstCtto, FechIniCtto, FechTerCtto, CordCtto, FechSolCtto, FechAppCtto y ObservCtto.',11,1),(948,'2017-02-06 02:43:41.323070','627','SC-287',2,'Modificado/a FechIniCtto, FechTerCtto y ObservCtto.',11,1),(949,'2017-02-06 02:57:40.729269','535','OS2016-019',2,'Añadido/a \"OS2016-019 EDP 06\" edp.',11,1),(950,'2017-02-06 03:08:14.408028','655','SC-304',1,'Añadido.',11,1),(951,'2017-02-06 03:11:24.054745','640','The Bridge Comunicaciones',1,'Añadido.',10,1),(952,'2017-02-06 03:13:31.738592','656','OS2016-107',1,'Añadido.',11,1),(953,'2017-02-06 03:18:19.331853','452','SC-215',2,'Añadido/a \"ODC 02\" odc.',11,1),(954,'2017-02-06 03:24:12.869590','480','SC-264',2,'Añadido/a \"SC-264 EDP 04\" edp.',11,1),(955,'2017-02-06 03:28:26.817160','623','SC-295',2,'Añadido/a \"SC-295 EDP 03\" edp.',11,1),(956,'2017-02-06 03:31:23.850192','641','CONSULTORA VALLENORTE',1,'Añadido.',10,1),(957,'2017-02-06 03:36:37.384420','657','OS2017-005',1,'Añadido.',11,1),(958,'2017-02-06 03:38:30.725651','562','OS2016-046',2,'Modificados NumODC para \"ODC 02\" odc.',11,1),(959,'2017-02-06 03:41:44.100026','562','OS2016-046',2,'Añadido/a \"ODC 03\" odc.',11,1),(960,'2017-02-06 03:43:10.325354','562','OS2016-046',2,'Añadido/a \"ODC 04\" odc.',11,1),(961,'2017-02-06 03:45:17.885655','459','SC-233',2,'Añadido/a \"ODC 03\" odc.',11,1),(962,'2017-02-06 03:48:34.593276','520','OS2016-004',2,'Añadido/a \"ODC 03\" odc.',11,1),(963,'2017-02-06 03:54:02.855979','604','SC-281',2,'Modificado/a MonedaCtto, ValorCtto, IdCtta, EstCtto, FechIniCtto, FechTerCtto, IdCecoCtto, AjustNumEDP, FechAppCtto y ObservCtto.',11,1),(964,'2017-02-06 03:58:16.610150','623','SC-295',2,'Añadido/a \"ODC 01\" odc.',11,1),(965,'2017-02-06 09:59:59.581373','657','OS2017-005',2,'Modificado/a DescCtto y EstCtto.',11,1),(966,'2017-02-06 10:00:19.414871','651','OS2017-002',2,'Modificado/a EstCtto.',11,1),(967,'2017-02-06 10:01:01.214173','654','OS2017-004',2,'Modificado/a EstCtto.',11,1),(968,'2017-02-06 10:01:01.217518','653','OS2017-001',2,'Modificado/a EstCtto.',11,1),(969,'2017-02-06 10:01:01.220220','652','OS2017-003',2,'Modificado/a EstCtto.',11,1),(970,'2017-02-06 10:05:09.110940','493','SC-277',2,'Modificado/a ObservCtto.',11,1),(971,'2017-02-06 10:05:09.114378','480','SC-264',2,'Modificado/a EstCtto y ObservCtto.',11,1),(972,'2017-02-06 10:06:25.897726','450','SC-207',2,'Modificado/a ObservCtto.',11,1),(973,'2017-02-06 10:07:48.448664','627','SC-287',2,'Modificado/a EstCtto.',11,1),(974,'2017-02-06 10:07:48.451877','597','SC-278',2,'Modificado/a EstCtto.',11,1),(975,'2017-02-06 10:07:48.454541','489','SC-273',2,'Modificado/a EstCtto.',11,1),(976,'2017-02-06 10:07:48.457001','488','SC-272',2,'Modificado/a EstCtto.',11,1),(977,'2017-02-06 10:21:39.871449','642','DORGAMBIDE LTDA',1,'Añadido.',10,1),(978,'2017-02-06 10:22:43.717118','612','SC-285',2,'Modificado/a ValorCtto y IdCtta.',11,1),(979,'2017-02-06 10:26:33.123773','5','CAD',2,'Modificado/a ValorMoneda y FechMoneda.',14,1),(980,'2017-02-06 10:27:17.919655','4','EUR',2,'Modificado/a ValorMoneda y FechMoneda.',14,1),(981,'2017-02-06 10:28:01.991100','2','UF',2,'Modificado/a ValorMoneda y FechMoneda.',14,1),(982,'2017-02-12 20:26:16.988943','459','SC-233',2,'Añadido/a \"SC-233 EDP 21\" edp.',11,1),(983,'2017-02-12 20:34:19.384635','560','OS2016-044',2,'Añadido/a \"ODC 01\" odc.',11,1),(984,'2017-02-12 20:37:46.822098','560','OS2016-044',2,'Añadido/a \"OS2016-044 EDP 01\" edp.',11,1),(985,'2017-02-12 20:39:41.132418','560','OS2016-044',2,'Añadido/a \"OS2016-044 EDP 02\" edp.',11,1),(986,'2017-02-12 20:43:30.458031','550','OS2016-034',2,'Añadido/a \"OS2016-034 EDP 01\" edp.',11,1),(987,'2017-02-12 20:45:56.611094','550','OS2016-034',2,'Añadido/a \"OS2016-034 EDP 02\" edp. Modificados PresenEDP y AprobEDP para \"OS2016-034 EDP 01\" edp.',11,1),(988,'2017-02-12 20:49:07.233160','550','OS2016-034',2,'Añadido/a \"ODC 01\" odc.',11,1),(989,'2017-02-12 20:56:44.582472','598','SC-279',2,'Añadido/a \"SC-279 EDP 03\" edp. Añadido/a \"SC-279 EDP 04\" edp.',11,1),(990,'2017-02-12 21:00:53.296060','562','OS2016-046',2,'Añadido/a \"OS2016-046 EDP 02\" edp.',11,1),(991,'2017-02-12 21:03:06.545598','520','OS2016-004',2,'Añadido/a \"OS2016-004 EDP 12\" edp.',11,1),(992,'2017-02-12 21:05:30.198148','477','SC-261',2,'Añadido/a \"SC-261 EDP 10\" edp.',11,1),(993,'2017-02-12 21:07:53.203196','656','OS2016-107',2,'Añadido/a \"OS2016-107 EDP 01\" edp.',11,1),(994,'2017-02-12 21:11:20.617644','613','OS2016-091',2,'Añadido/a \"ODC 03\" odc.',11,1),(995,'2017-02-12 21:36:14.708916','643','Len y Asociados Ingenieros Consultores Ltda',1,'Añadido.',10,1),(996,'2017-02-12 21:40:30.478085','631','SC-291',2,'Modificado/a ValorCtto, IdCtta, EstCtto, FechIniCtto, FechTerCtto, FechSolCtto, FechAppCtto y ObservCtto.',11,1),(997,'2017-02-12 21:45:29.746467','644','KUNZA CONSULTORES S.A.',1,'Añadido.',10,1),(998,'2017-02-12 21:49:47.781933','658','SC-307',1,'Añadido.',11,1),(999,'2017-02-12 21:53:43.692027','452','SC-215',2,'Añadido/a \"SC-215 EDP 24\" edp.',11,1),(1000,'2017-02-12 21:54:03.754917','636','CV2016-003',2,'No ha cambiado ningún campo.',11,1),(1001,'2017-02-12 21:58:01.699510','508','OS2014-036',2,'Añadido/a \"OS2014-036 EDP 13\" edp.',11,1),(1002,'2017-02-12 22:03:45.936445','650','SC-299',2,'Modificado/a MonedaCtto y ValorCtto. Añadido/a \"SC-299 EDP 01\" edp.',11,1),(1003,'2017-02-20 09:44:20.321670','540','OS2016-024',2,'Añadido/a \"OS2016-024 EDP 05\" edp.',11,1),(1004,'2017-02-20 09:47:00.083577','609','OS2016-088',2,'Añadido/a \"OS2016-088 EDP 03\" edp.',11,1),(1005,'2017-02-20 09:50:27.263618','473','SC-257',2,'Añadido/a \"SC-257 EDP 07\" edp.',11,1),(1006,'2017-02-20 09:55:20.070340','645','ALEJANDRA ROMINA GONZALES SANCHEZ',1,'Añadido.',10,1),(1007,'2017-02-20 09:58:37.266116','659','OS2017-007',1,'Añadido.',11,1),(1008,'2017-02-20 10:03:12.189418','553','OS2016-037',2,'Añadido/a \"ODC 02\" odc.',11,1),(1009,'2017-02-20 10:03:51.987297','659','OS2017-007',2,'Modificado/a ObservCtto.',11,1),(1010,'2017-02-20 10:10:43.989858','655','SC-304',2,'Añadido/a \"SC-304 EDP 01\" edp.',11,1),(1011,'2017-02-20 10:21:12.500945','646','JML INTERNATIONAL BUSINESS AND FINANCIAL CONSULTANTS LLC',1,'Añadido.',10,1),(1012,'2017-02-20 10:28:48.072903','660','SC-307',1,'Añadido.',11,1),(1013,'2017-02-20 10:31:00.843703','660','SC-307',2,'Modificado/a ObservCtto.',11,1),(1014,'2017-02-20 10:35:11.958192','660','SC-307',2,'Añadido/a \"SC-307 EDP 01\" edp.',11,1),(1015,'2017-02-20 10:35:40.908218','660','SC-306',2,'Modificado/a NumCtto.',11,1),(1016,'2017-02-20 10:35:53.779165','660','SC-306',2,'Modificado/a EstCtto.',11,1),(1017,'2017-02-20 10:41:22.593511','603','SC-280',2,'Modificado/a ValorCtto, IdCtta, EstCtto, FechIniCtto, FechTerCtto, IdCecoCtto, AjustNumEDP, LocalCtto y FechAppCtto.',11,1),(1018,'2017-02-20 10:42:53.595604','603','SC-280',2,'Modificado/a ObservCtto.',11,1);
/*!40000 ALTER TABLE `django_admin_log` ENABLE KEYS */;
UNLOCK TABLES;

--
-- Table structure for table `django_content_type`
--

DROP TABLE IF EXISTS `django_content_type`;
/*!40101 SET @saved_cs_client     = @@character_set_client */;
/*!40101 SET character_set_client = utf8 */;
CREATE TABLE `django_content_type` (
  `id` int(11) NOT NULL AUTO_INCREMENT,
  `app_label` varchar(100) NOT NULL,
  `model` varchar(100) NOT NULL,
  PRIMARY KEY (`id`),
  UNIQUE KEY `django_content_type_app_label_76bd3d3b_uniq` (`app_label`,`model`)
) ENGINE=InnoDB AUTO_INCREMENT=18 DEFAULT CHARSET=latin1;
/*!40101 SET character_set_client = @saved_cs_client */;

--
-- Dumping data for table `django_content_type`
--

LOCK TABLES `django_content_type` WRITE;
/*!40000 ALTER TABLE `django_content_type` DISABLE KEYS */;
INSERT INTO `django_content_type` VALUES (1,'admin','logentry'),(3,'auth','group'),(2,'auth','permission'),(4,'auth','user'),(5,'contenttypes','contenttype'),(7,'personas','area'),(8,'personas','ceco'),(17,'personas','choice'),(10,'personas','ctta'),(11,'personas','ctto'),(12,'personas','edp'),(9,'personas','mdte'),(14,'personas','monedas'),(13,'personas','odc'),(15,'personas','persona'),(16,'personas','question'),(6,'sessions','session');
/*!40000 ALTER TABLE `django_content_type` ENABLE KEYS */;
UNLOCK TABLES;

--
-- Table structure for table `django_migrations`
--

DROP TABLE IF EXISTS `django_migrations`;
/*!40101 SET @saved_cs_client     = @@character_set_client */;
/*!40101 SET character_set_client = utf8 */;
CREATE TABLE `django_migrations` (
  `id` int(11) NOT NULL AUTO_INCREMENT,
  `app` varchar(255) NOT NULL,
  `name` varchar(255) NOT NULL,
  `applied` datetime(6) NOT NULL,
  PRIMARY KEY (`id`)
) ENGINE=InnoDB AUTO_INCREMENT=26 DEFAULT CHARSET=latin1;
/*!40101 SET character_set_client = @saved_cs_client */;

--
-- Dumping data for table `django_migrations`
--

LOCK TABLES `django_migrations` WRITE;
/*!40000 ALTER TABLE `django_migrations` DISABLE KEYS */;
INSERT INTO `django_migrations` VALUES (1,'contenttypes','0001_initial','2016-09-10 23:48:30.792821'),(2,'auth','0001_initial','2016-09-10 23:48:31.148151'),(3,'admin','0001_initial','2016-09-10 23:48:31.268862'),(4,'admin','0002_logentry_remove_auto_add','2016-09-10 23:48:31.301968'),(5,'contenttypes','0002_remove_content_type_name','2016-09-10 23:48:31.366386'),(6,'auth','0002_alter_permission_name_max_length','2016-09-10 23:48:31.411891'),(7,'auth','0003_alter_user_email_max_length','2016-09-10 23:48:31.428632'),(8,'auth','0004_alter_user_username_opts','2016-09-10 23:48:31.456997'),(9,'auth','0005_alter_user_last_login_null','2016-09-10 23:48:31.492149'),(10,'auth','0006_require_contenttypes_0002','2016-09-10 23:48:31.494643'),(11,'auth','0007_alter_validators_add_error_messages','2016-09-10 23:48:31.503647'),(12,'personas','0001_initial','2016-09-10 23:48:32.169283'),(13,'sessions','0001_initial','2016-09-10 23:48:32.194068'),(14,'personas','0002_auto_20160925_1052','2016-09-25 13:52:51.592576'),(15,'personas','0003_auto_20160925_1145','2016-09-25 14:45:12.905449'),(16,'personas','0004_ctto_observctto','2016-09-25 14:50:37.306371'),(17,'personas','0005_auto_20160925_1210','2016-09-25 15:10:31.748646'),(18,'personas','0006_auto_20160925_1914','2016-09-25 22:14:27.333919'),(19,'personas','0007_auto_20161001_1321','2016-10-01 16:21:27.230781'),(20,'personas','0008_edp_pershhtotales','2016-10-01 16:32:48.171770'),(21,'personas','0009_question_author','2016-10-08 23:27:32.540791'),(22,'personas','0010_question_fecha_creacion','2016-10-09 01:49:03.871840'),(23,'personas','0011_auto_20161008_2322','2016-10-09 02:22:53.152677'),(24,'personas','0012_question_status','2016-10-10 03:25:26.952825'),(25,'personas','0013_auto_20161010_0108','2016-10-10 04:08:18.448594');
/*!40000 ALTER TABLE `django_migrations` ENABLE KEYS */;
UNLOCK TABLES;

--
-- Table structure for table `django_session`
--

DROP TABLE IF EXISTS `django_session`;
/*!40101 SET @saved_cs_client     = @@character_set_client */;
/*!40101 SET character_set_client = utf8 */;
CREATE TABLE `django_session` (
  `session_key` varchar(40) NOT NULL,
  `session_data` longtext NOT NULL,
  `expire_date` datetime(6) NOT NULL,
  PRIMARY KEY (`session_key`),
  KEY `django_session_de54fa62` (`expire_date`)
) ENGINE=InnoDB DEFAULT CHARSET=latin1;
/*!40101 SET character_set_client = @saved_cs_client */;

--
-- Dumping data for table `django_session`
--

LOCK TABLES `django_session` WRITE;
/*!40000 ALTER TABLE `django_session` DISABLE KEYS */;
INSERT INTO `django_session` VALUES ('1s4q6shkstknxao6ujm51im9xlb4uzfp','ZGFlODgwMWI1NTYxMTk3ZmQwMzQxZjgxM2E3N2EwOGQ3YmZjMWJlYzp7Il9hdXRoX3VzZXJfaGFzaCI6ImE2OTljM2NjZWVjMWIzZTMyNmVjMmVkZDJlZjYzNjlmYjMxMjRhNzEiLCJfYXV0aF91c2VyX2JhY2tlbmQiOiJkamFuZ28uY29udHJpYi5hdXRoLmJhY2tlbmRzLk1vZGVsQmFja2VuZCIsIl9hdXRoX3VzZXJfaWQiOiIxIn0=','2017-01-20 10:58:34.675769'),('7zxlnvxi47qs3vp3zfdhw971erlzooo1','MzIwZjFhNDE0NDA0NDk5YTM2M2VjYmUzYTJmMWI1ZjEzNjcyY2ViYzp7Il9hdXRoX3VzZXJfaWQiOiIxIiwiX2F1dGhfdXNlcl9iYWNrZW5kIjoiZGphbmdvLmNvbnRyaWIuYXV0aC5iYWNrZW5kcy5Nb2RlbEJhY2tlbmQiLCJfYXV0aF91c2VyX2hhc2giOiJhNjk5YzNjY2VlYzFiM2UzMjZlYzJlZGQyZWY2MzY5ZmIzMTI0YTcxIn0=','2017-02-20 02:01:50.807241'),('97r3szboxkd2ivkx1ded614u1cp2ql3k','ZGFlODgwMWI1NTYxMTk3ZmQwMzQxZjgxM2E3N2EwOGQ3YmZjMWJlYzp7Il9hdXRoX3VzZXJfaGFzaCI6ImE2OTljM2NjZWVjMWIzZTMyNmVjMmVkZDJlZjYzNjlmYjMxMjRhNzEiLCJfYXV0aF91c2VyX2JhY2tlbmQiOiJkamFuZ28uY29udHJpYi5hdXRoLmJhY2tlbmRzLk1vZGVsQmFja2VuZCIsIl9hdXRoX3VzZXJfaWQiOiIxIn0=','2016-11-23 00:37:24.096408'),('bso1l263rcxskzhu624d2zxy9fbi3dso','YTc3ZjlmZmE2YWE5MjY1OGQxMmNhYTI5M2IwYjNiN2I3Yjc4OWU3ODp7Il9hdXRoX3VzZXJfYmFja2VuZCI6ImRqYW5nby5jb250cmliLmF1dGguYmFja2VuZHMuTW9kZWxCYWNrZW5kIiwiX2F1dGhfdXNlcl9oYXNoIjoiYTY5OWMzY2NlZWMxYjNlMzI2ZWMyZWRkMmVmNjM2OWZiMzEyNGE3MSIsIl9hdXRoX3VzZXJfaWQiOiIxIn0=','2016-11-07 09:30:47.204376'),('eqa3xvpy7y40wjzpoce415jnkkex7tnj','MzIwZjFhNDE0NDA0NDk5YTM2M2VjYmUzYTJmMWI1ZjEzNjcyY2ViYzp7Il9hdXRoX3VzZXJfaWQiOiIxIiwiX2F1dGhfdXNlcl9iYWNrZW5kIjoiZGphbmdvLmNvbnRyaWIuYXV0aC5iYWNrZW5kcy5Nb2RlbEJhY2tlbmQiLCJfYXV0aF91c2VyX2hhc2giOiJhNjk5YzNjY2VlYzFiM2UzMjZlYzJlZGQyZWY2MzY5ZmIzMTI0YTcxIn0=','2017-01-04 09:11:27.527067'),('gx9kstc3htiow63munjqlh42rm9a3my1','ODZmMGI1MDc2ZDBhMmI2NGVkN2I5NjFhZjY4NDQ5N2Y1NDYwZTY4Nzp7Il9hdXRoX3VzZXJfaGFzaCI6ImE2OTljM2NjZWVjMWIzZTMyNmVjMmVkZDJlZjYzNjlmYjMxMjRhNzEiLCJfYXV0aF91c2VyX2lkIjoiMSIsIl9hdXRoX3VzZXJfYmFja2VuZCI6ImRqYW5nby5jb250cmliLmF1dGguYmFja2VuZHMuTW9kZWxCYWNrZW5kIn0=','2017-03-06 09:36:45.389120'),('jmtyeipzjhsgjkb96qupwvnh1cikqhsq','OGM4YjY4OTBiODRmOTQ4ZjFjODNjNjljMTM5Yjc1MzY2ZTBjYWZlMDp7Il9hdXRoX3VzZXJfaWQiOiIxIiwiX2F1dGhfdXNlcl9oYXNoIjoiYTY5OWMzY2NlZWMxYjNlMzI2ZWMyZWRkMmVmNjM2OWZiMzEyNGE3MSIsIl9hdXRoX3VzZXJfYmFja2VuZCI6ImRqYW5nby5jb250cmliLmF1dGguYmFja2VuZHMuTW9kZWxCYWNrZW5kIn0=','2016-10-03 20:49:43.522989'),('kwxt3eol2d92fi1bmoklzxclvkrl80jy','NGRiMTBiZjk2YjA3M2JjNGIzYjUzODA2NmM1MGE2OTAwYmI3MWU5ZTp7Il9hdXRoX3VzZXJfYmFja2VuZCI6ImRqYW5nby5jb250cmliLmF1dGguYmFja2VuZHMuTW9kZWxCYWNrZW5kIiwiX2F1dGhfdXNlcl9pZCI6IjEiLCJfYXV0aF91c2VyX2hhc2giOiJhNjk5YzNjY2VlYzFiM2UzMjZlYzJlZGQyZWY2MzY5ZmIzMTI0YTcxIn0=','2017-02-06 00:40:40.602334'),('lzk9yx8upfn8u3vp4b7pp2ubelxtapr5','ODZmMGI1MDc2ZDBhMmI2NGVkN2I5NjFhZjY4NDQ5N2Y1NDYwZTY4Nzp7Il9hdXRoX3VzZXJfaGFzaCI6ImE2OTljM2NjZWVjMWIzZTMyNmVjMmVkZDJlZjYzNjlmYjMxMjRhNzEiLCJfYXV0aF91c2VyX2lkIjoiMSIsIl9hdXRoX3VzZXJfYmFja2VuZCI6ImRqYW5nby5jb250cmliLmF1dGguYmFja2VuZHMuTW9kZWxCYWNrZW5kIn0=','2016-12-21 02:53:39.493136'),('md4bd1elzi6zblstm6dkl8eie27qwuz1','MzIwZjFhNDE0NDA0NDk5YTM2M2VjYmUzYTJmMWI1ZjEzNjcyY2ViYzp7Il9hdXRoX3VzZXJfaWQiOiIxIiwiX2F1dGhfdXNlcl9iYWNrZW5kIjoiZGphbmdvLmNvbnRyaWIuYXV0aC5iYWNrZW5kcy5Nb2RlbEJhY2tlbmQiLCJfYXV0aF91c2VyX2hhc2giOiJhNjk5YzNjY2VlYzFiM2UzMjZlYzJlZGQyZWY2MzY5ZmIzMTI0YTcxIn0=','2016-11-28 23:49:15.926415'),('ph4a8hcalxzzj5oiru1uowmlnbrl2iwi','ODZmMGI1MDc2ZDBhMmI2NGVkN2I5NjFhZjY4NDQ5N2Y1NDYwZTY4Nzp7Il9hdXRoX3VzZXJfaGFzaCI6ImE2OTljM2NjZWVjMWIzZTMyNmVjMmVkZDJlZjYzNjlmYjMxMjRhNzEiLCJfYXV0aF91c2VyX2lkIjoiMSIsIl9hdXRoX3VzZXJfYmFja2VuZCI6ImRqYW5nby5jb250cmliLmF1dGguYmFja2VuZHMuTW9kZWxCYWNrZW5kIn0=','2016-10-10 00:09:35.473223'),('rfj9vg097seue90mik0e7ykbx6prlqn5','ZGFlODgwMWI1NTYxMTk3ZmQwMzQxZjgxM2E3N2EwOGQ3YmZjMWJlYzp7Il9hdXRoX3VzZXJfaGFzaCI6ImE2OTljM2NjZWVjMWIzZTMyNmVjMmVkZDJlZjYzNjlmYjMxMjRhNzEiLCJfYXV0aF91c2VyX2JhY2tlbmQiOiJkamFuZ28uY29udHJpYi5hdXRoLmJhY2tlbmRzLk1vZGVsQmFja2VuZCIsIl9hdXRoX3VzZXJfaWQiOiIxIn0=','2016-10-09 00:24:04.080242'),('so1j7azx9mzwmy1b0hueq2c9yxg1it4s','YTc3ZjlmZmE2YWE5MjY1OGQxMmNhYTI5M2IwYjNiN2I3Yjc4OWU3ODp7Il9hdXRoX3VzZXJfYmFja2VuZCI6ImRqYW5nby5jb250cmliLmF1dGguYmFja2VuZHMuTW9kZWxCYWNrZW5kIiwiX2F1dGhfdXNlcl9oYXNoIjoiYTY5OWMzY2NlZWMxYjNlMzI2ZWMyZWRkMmVmNjM2OWZiMzEyNGE3MSIsIl9hdXRoX3VzZXJfaWQiOiIxIn0=','2016-10-23 10:30:30.142782'),('tury88g32mi6lobqfg75a7jdp5v5qd4t','ODZmMGI1MDc2ZDBhMmI2NGVkN2I5NjFhZjY4NDQ5N2Y1NDYwZTY4Nzp7Il9hdXRoX3VzZXJfaGFzaCI6ImE2OTljM2NjZWVjMWIzZTMyNmVjMmVkZDJlZjYzNjlmYjMxMjRhNzEiLCJfYXV0aF91c2VyX2lkIjoiMSIsIl9hdXRoX3VzZXJfYmFja2VuZCI6ImRqYW5nby5jb250cmliLmF1dGguYmFja2VuZHMuTW9kZWxCYWNrZW5kIn0=','2016-12-07 02:51:27.270557'),('x5kym4ykekhmbn0mn5zkvwg0qz87to4y','ODZmMGI1MDc2ZDBhMmI2NGVkN2I5NjFhZjY4NDQ5N2Y1NDYwZTY4Nzp7Il9hdXRoX3VzZXJfaGFzaCI6ImE2OTljM2NjZWVjMWIzZTMyNmVjMmVkZDJlZjYzNjlmYjMxMjRhNzEiLCJfYXV0aF91c2VyX2lkIjoiMSIsIl9hdXRoX3VzZXJfYmFja2VuZCI6ImRqYW5nby5jb250cmliLmF1dGguYmFja2VuZHMuTW9kZWxCYWNrZW5kIn0=','2016-11-24 01:04:34.328849');
/*!40000 ALTER TABLE `django_session` ENABLE KEYS */;
UNLOCK TABLES;

--
-- Table structure for table `personas_area`
--

DROP TABLE IF EXISTS `personas_area`;
/*!40101 SET @saved_cs_client     = @@character_set_client */;
/*!40101 SET character_set_client = utf8 */;
CREATE TABLE `personas_area` (
  `id` int(11) NOT NULL AUTO_INCREMENT,
  `IdAreas` int(11) DEFAULT NULL,
  `NomArea` varchar(20) NOT NULL,
  `CodArea` varchar(20) DEFAULT NULL,
  PRIMARY KEY (`id`)
) ENGINE=InnoDB AUTO_INCREMENT=53 DEFAULT CHARSET=latin1;
/*!40101 SET character_set_client = @saved_cs_client */;

--
-- Dumping data for table `personas_area`
--

LOCK TABLES `personas_area` WRITE;
/*!40000 ALTER TABLE `personas_area` DISABLE KEYS */;
INSERT INTO `personas_area` VALUES (40,1,'N.A','600-0'),(41,2,'681 Staffing','681-1'),(42,3,'682 Gen Exp','682-1'),(43,4,'682 Site','682-2'),(44,5,'683 Engineering','683-1'),(45,6,'683 Geology','683-2'),(46,7,'683 Legal','683-3'),(47,8,'683 Metallurgy','683-4'),(48,9,'683 Mine','683-5'),(49,10,'684 Communications','684-1'),(50,11,'684 CSR','684-2'),(51,12,'684 Environmental','684-3'),(52,13,'685 Drilling','685-1');
/*!40000 ALTER TABLE `personas_area` ENABLE KEYS */;
UNLOCK TABLES;

--
-- Table structure for table `personas_ceco`
--

DROP TABLE IF EXISTS `personas_ceco`;
/*!40101 SET @saved_cs_client     = @@character_set_client */;
/*!40101 SET character_set_client = utf8 */;
CREATE TABLE `personas_ceco` (
  `id` int(11) NOT NULL AUTO_INCREMENT,
  `IdCeco` int(11) DEFAULT NULL,
  `CodCeco` varchar(10) DEFAULT NULL,
  `NomCeco` varchar(100) DEFAULT NULL,
  `Budget` decimal(21,2) DEFAULT NULL,
  `IdAreas_id` int(11) NOT NULL,
  PRIMARY KEY (`id`),
  KEY `personas_ceco_IdAreas_id_cb571d0f_fk_personas_area_id` (`IdAreas_id`),
  CONSTRAINT `personas_ceco_IdAreas_id_cb571d0f_fk_personas_area_id` FOREIGN KEY (`IdAreas_id`) REFERENCES `personas_area` (`id`)
) ENGINE=InnoDB AUTO_INCREMENT=209 DEFAULT CHARSET=latin1;
/*!40101 SET character_set_client = @saved_cs_client */;

--
-- Dumping data for table `personas_ceco`
--

LOCK TABLES `personas_ceco` WRITE;
/*!40000 ALTER TABLE `personas_ceco` DISABLE KEYS */;
INSERT INTO `personas_ceco` VALUES (157,1,'00-00-0000','N.A',0.00,40),(158,2,'-',NULL,30.00,41),(159,3,'51-11-3301','Labor Cost Project Team and Santiago ',6135.05,41),(160,4,'-',NULL,742.00,42),(161,5,'51-11-3302','General administration expenses',196.38,42),(162,6,'51-11-3303','Travel international',376.00,42),(163,7,'51-11-3304','Domestic Flights',171.60,42),(164,8,'51-11-3305','IT Licensing , IT Services',600.00,42),(165,9,'51-11-3306','Santiago Office ',384.00,42),(166,10,'51-11-3308','Workshops',30.00,42),(167,11,'51-11-3309','Corporate charges ',1165.00,42),(168,12,'-',NULL,-323.00,43),(169,13,'51-11-3314','Camps care & maintenance',597.53,43),(170,14,'51-11-3315','Oficinas Vallenar',341.72,43),(171,15,'-',NULL,580.00,44),(172,16,'51-11-3316','Ing conceptual camino Ruta 5 a Huasco',180.00,44),(173,17,'51-11-3317','Ing conceptual cruce rio Huasco',465.00,44),(174,18,'51-11-3321','Topografía 1:1000 zona Ruta 5 a costa',80.00,44),(175,19,'51-11-3322','Revisión ing correas',920.00,44),(176,20,'51-11-3323','Ing transporte agua construcción',20.00,44),(177,21,'51-11-3328','Ing pre-factibilidad LAT Las Losas a Rel a EM ',40.00,44),(178,22,'51-11-3329','Revisión y optimización planta concentradora - Fluor',600.00,44),(179,23,'-',NULL,100.00,45),(180,24,'51-11-3052','External consultant',110.00,45),(181,25,'51-11-3336','EMorro core shed',96.00,45),(182,26,'-',NULL,-1018.50,46),(183,27,'51-11-3337','RE Mine property',721.00,46),(184,28,'51-11-3338','EM Mine property ',1028.27,46),(185,29,'51-11-3339','Legal/ consulting/easements',2301.44,46),(186,30,'51-11-3340','Permits&Licences',24.76,46),(187,31,'-',NULL,515.00,47),(188,32,'51-11-3324','Compendio información metalúrgica',30.00,47),(189,33,'51-11-3335','External consultant',0.00,47),(190,34,'-',NULL,1558.40,48),(191,35,'51-11-3332','Mine Planning external design',290.00,48),(192,36,'51-11-3333','Fragmentation studies (EM +RE)',130.00,48),(193,37,'51-11-3334','Other Softwares',100.00,48),(194,38,'-',NULL,0.00,49),(195,39,'51-11-3341','Communication and Government',230.00,49),(196,40,'-',NULL,0.00,50),(197,41,'51-11-3341','Communication and Government',200.00,50),(198,42,'51-11-3342','Communty Development plan',750.00,50),(199,43,'51-11-3343','ONG',700.00,50),(200,44,'-',NULL,0.00,51),(201,45,'51-11-3322','Revisión ing correas',270.00,51),(202,46,'51-11-3331','Apoyo Fluor a Medio Ambiente - Fluor',0.00,51),(203,47,'51-11-3344','EIA consultant, studies',2494.46,51),(204,48,'51-11-3346','Enviromental monitoring Air &Water',223.38,51),(205,49,'51-11-3347','Enviromental Permitting',0.00,51),(206,50,'-',NULL,135.00,52),(207,51,'51-11-3348','Sondajes geo met',1300.00,52),(208,52,'51-11-3349','Geo tecnica',330.00,52);
/*!40000 ALTER TABLE `personas_ceco` ENABLE KEYS */;
UNLOCK TABLES;

--
-- Table structure for table `personas_choice`
--

DROP TABLE IF EXISTS `personas_choice`;
/*!40101 SET @saved_cs_client     = @@character_set_client */;
/*!40101 SET character_set_client = utf8 */;
CREATE TABLE `personas_choice` (
  `id` int(11) NOT NULL AUTO_INCREMENT,
  `choice_text` varchar(200) NOT NULL,
  `votes` int(11) NOT NULL,
  `question_id` int(11) NOT NULL,
  PRIMARY KEY (`id`),
  KEY `personas_choice_7aa0f6ee` (`question_id`),
  CONSTRAINT `personas_choice_question_id_f454b9cd_fk_personas_question_id` FOREIGN KEY (`question_id`) REFERENCES `personas_question` (`id`)
) ENGINE=InnoDB DEFAULT CHARSET=latin1;
/*!40101 SET character_set_client = @saved_cs_client */;

--
-- Dumping data for table `personas_choice`
--

LOCK TABLES `personas_choice` WRITE;
/*!40000 ALTER TABLE `personas_choice` DISABLE KEYS */;
/*!40000 ALTER TABLE `personas_choice` ENABLE KEYS */;
UNLOCK TABLES;

--
-- Table structure for table `personas_ctta`
--

DROP TABLE IF EXISTS `personas_ctta`;
/*!40101 SET @saved_cs_client     = @@character_set_client */;
/*!40101 SET character_set_client = utf8 */;
CREATE TABLE `personas_ctta` (
  `id` int(11) NOT NULL AUTO_INCREMENT,
  `IdCtta` int(11) DEFAULT NULL,
  `NomCtta` varchar(100) NOT NULL,
  `DirCtta` varchar(100) DEFAULT NULL,
  `RutCtta` varchar(15) DEFAULT NULL,
  PRIMARY KEY (`id`)
) ENGINE=InnoDB AUTO_INCREMENT=647 DEFAULT CHARSET=latin1;
/*!40101 SET character_set_client = @saved_cs_client */;

--
-- Dumping data for table `personas_ctta`
--

LOCK TABLES `personas_ctta` WRITE;
/*!40000 ALTER TABLE `personas_ctta` DISABLE KEYS */;
INSERT INTO `personas_ctta` VALUES (451,1,'POR DEFINIR',NULL,'RUT-AUX-0'),(452,2,'SCL APOQUINDO',NULL,'RUT-AUX-1'),(453,3,'CADAGUA S.A.',NULL,'RUT-AUX-2'),(454,4,'IRON MOUNTAIN',NULL,'RUT-AUX-3'),(455,5,'SERVICIOS DE ASEO PAULA ARIAS HIDALGO EIRL','Vicuña Mackenna Nº7441, Comuna de Renca, Santiago','76.126.865-2'),(456,6,'SODEXO CHILE S.A.',NULL,'94.623.000-6'),(457,7,'CECILIA TORO GOMEZ',NULL,'12.161.279-8'),(458,8,'PROPIEDAD MINERA Y SERVICIOS DE INGENIERIA LIMITADA',NULL,'76.278.832-2'),(459,9,'SERVICIOS Y PROYECTOS AMBIENTALES S.A.',NULL,'96.799.790-0'),(460,10,'RODRIGO SALAZAR',NULL,'8.775.251-8'),(461,11,'AMARO Y PINOCHET CONSULTORES E.I.R.L.',NULL,'76103137-6'),(462,12,'CONSULTORIAS CLAUDIO JORDAN ASTABURUAGA E.I.R.L., ',NULL,'76.022.201-1'),(463,13,'MICHAEL LEYTON B.',NULL,'10.945.422-2'),(464,14,'CESMEC S.A.',NULL,'81.185.000-4'),(465,15,'JC SEGURIDAD S.A.',NULL,'76.285.062-1'),(466,16,'CARLOS SEBASTIAN OPAZO E.I.R.L.',NULL,'76.140.498-9'),(467,17,'IT GLOBAL SERVICES SPA',NULL,'76.089.391-9'),(468,18,'CIBERSECURITY LTDA',NULL,'76.357.687-6'),(469,19,'MARIA LORETO ALTMANN DIAZ',NULL,'9.518.818-4'),(470,20,'CARLOS LAGOS',NULL,'12.237.094-1'),(471,21,'TITO SALAZAR MUJICA INGENIERIA LTDA.',NULL,'76.012.484-2'),(472,22,'CAROLINA UBILLA OLIVARES',NULL,'17.407.218-3'),(473,23,'AQUILES CHILE SPA',NULL,'76.110.170-6'),(474,24,'GEODESARROLLO LIMITADA',NULL,'76.217.393-K'),(475,25,'GRIFFITH DRILLING',NULL,'RUT-AUX-4'),(476,26,'KNIGHT PIESOLD S.A.',NULL,'96.680.350-9'),(477,27,'CARIOLA DIEZ PEREZ-COTAPO LTDA.',NULL,'79.589.710-0'),(478,28,'JORGE ALMENDARES GODOY (JAG)',NULL,'7.887.748-0'),(479,29,'HECTOR CABELLO Q.',NULL,'7.257.649-7'),(480,30,'CREA SOLUCIONES INTEGRALES LTDA',NULL,'78.840.880-3'),(481,31,'EGM SERVICIOS GEOLOGICOS MINEROS LTDA.',NULL,'79,829,800-3'),(482,32,'JORGE SEPULVEDA NIEVES (AZABACHE)',NULL,'76,240,922-4'),(483,33,'MINERIA Y MEDIO AMBIENTE LTDA',NULL,'76597810-6'),(484,34,'CEDREM',NULL,'77.250.980-4'),(485,35,'ON COMMON GROUND CONSULTANTS INC.',NULL,'RUT-AUX-5'),(486,36,'SOLEDAD FARR',NULL,'15.042.150-0 '),(487,37,'OROENERGY',NULL,'76.051.669-4'),(488,38,'SECURITAS S.A',NULL,'99.512.120-4'),(489,39,'AERORESCATE S.A.',NULL,'99.543.620-5'),(490,40,'MILENA CYD ALVAREZ ',NULL,'6.484.536-5'),(491,41,'ORDENES ABARCA',NULL,'76.244.633-2'),(492,42,'SOC. DE INVERSIONES LAS VEGAS',NULL,'79,578,880-8'),(493,43,'BRASS CHILE S.A',NULL,'77.611.600-9'),(494,44,'FUNDACION CASA DE LA PAZ',NULL,'72.168.100-9'),(495,45,'HORACIO BRUNA',NULL,'5.710.159-8'),(496,46,'MARIA AUDE RIVERA',NULL,'10.063.055-9'),(497,47,'COMERCIAL NUTRISER LTDA.',NULL,'76.659.170-1 '),(498,48,'TRULY NOLEN CHILE S.A',NULL,'96.591.760-8'),(499,49,'REPLAN',NULL,'RUT-AUX-6'),(500,50,'ALEJANDRO SOTO',NULL,'17,265,262-K'),(501,51,'PHOTOSAT',NULL,'RUT-AUX-7'),(502,52,'RADIO TAXIS \"EL LIBERTADOR\"',NULL,'16.505.544-6'),(503,53,'SOCIEDAD HOTELERA SAINT JOHN LTDA.',NULL,'76.350.936-2'),(504,54,'ENFOQUE DIGITAL NETWORK LTDA.',NULL,'76.393.251-6'),(505,55,'RADIO AMIGA',NULL,'76.131.565-K'),(506,56,'EMPRESA CONSTRUCTORA VALLE VERDE LTDA.',NULL,'RUT-AUX-8'),(507,57,'CONSUELO PINTO',NULL,'15.382.114-3'),(508,58,'TERRA NOVA TECHNOLOGIES (TNT)',NULL,'RUT-AUX-9'),(509,59,'WOODGROVE TECHNOLOGIES INC.',NULL,'RUT-AUX-10'),(510,60,'COMET STRATEGY PTY LTD',NULL,'RUT-AUX-12'),(511,61,'ASESORIAS ALGORITMOS LTDA',NULL,'RUT-AUX-15'),(512,62,'GHD',NULL,'RUT-AUX-16'),(513,63,'INSTITUTO DE INVESTIGACIONES AGROPECUARIAS',NULL,'RUT-AUX-17'),(514,64,'SGS CANADA INC',NULL,'RUT-AUX-18'),(515,65,'ANALISIS AMBIENTALES S.A',NULL,'RUT-AUX-19'),(516,66,'CLEMENTE MARTINEZ',NULL,'RUT-AUX-20'),(517,67,'TURISMO AVENTURA ALMA LTDA.',NULL,'RUT-AUX-21'),(518,68,'COMPAÑIA DE PETROLEOS DE CHILE COPEC S.A.',NULL,'RUT-AUX-22'),(519,69,'ENTEL',NULL,'RUT-AUX-23'),(520,70,'AGUAS CHAÑAR S.A',NULL,'RUT-AUX-24'),(521,71,'CARLOS VERGARA LEYTON',NULL,'RUT-AUX-25'),(522,72,'JAIME ITURRIAGA',NULL,'RUT-AUX-26'),(523,73,'SERVITERRA',NULL,'RUT-AUX-27'),(524,74,'FERNNADO SOLAR',NULL,'RUT-AUX-30'),(525,75,'RUNGE PINCOCK MINARCO',NULL,'RUT-AUX-31'),(526,76,'PATRICIA DE LA LUZ',NULL,'RUT-AUX-32'),(527,77,'VALENTE IMPRESIONES',NULL,'RUT-AUX-33'),(528,78,'TRANSPORTE CARVAJAL',NULL,'RUT-AUX-35'),(529,79,'PETRINOVIC',NULL,'RUT-AUX-36'),(530,80,'MANGA VIENTO',NULL,'RUT-AUX-38'),(531,81,'SERVICIOS ADMINISTRATIVOS LTDA (WORKMATE)',NULL,'RUT-AUX-39'),(532,82,'ECO COPTER',NULL,'RUT-AUX-40'),(533,83,'WEEKMARK',NULL,'RUT-AUX-41'),(534,84,'LIZAMA',NULL,'RUT-AUX-42'),(535,85,'PATRICIO LEYTON',NULL,'RUT-AUX-44'),(536,86,'ASP',NULL,'RUT-AUX-46'),(537,87,'BIOSEPTIC',NULL,'76.126.367-6'),(538,88,'MIVOZ',NULL,'RUT-AUX-50'),(539,89,'ASESORIA COMUNICACIONAL',NULL,'RUT-AUX-51'),(540,90,'AB MARKET',NULL,'RUT-AUX-52'),(541,91,'ELIZABETH DEL CARMEN',NULL,'RUT-AUX-53'),(542,92,'PROMET 101',NULL,'RUT-AUX-54'),(543,93,'INFORCARP',NULL,'RUT-AUX-55'),(544,94,'MUTUAL',NULL,'RUT-AUX-56'),(545,95,'VGC',NULL,'RUT-AUX-58'),(546,96,'(EN LICITACION)',NULL,'RUT-AUX-64'),(547,97,'FLUOR CHILE',NULL,'RUT-AUX-65'),(548,98,'GOLDER ASSOCIATES S.A',NULL,'RUT-AUX-66'),(549,99,'AMIPRO',NULL,'RUT-AUX-84'),(550,100,'ANA MARIA MUÑOZ PAEZ',NULL,'RUT-AUX-69'),(551,101,'BENIGNO MORALES ARRIENDO',NULL,'RUT-AUX-89'),(552,102,'BOLETIN DEL TRABAJO',NULL,'RUT-AUX-79'),(553,103,'COLEGIO PROFESORES DE CHILE',NULL,'RUT-AUX-74'),(554,104,'CONVEYOR DYNAMICS, INC. ( CDI )',NULL,'RUT-AUX-86'),(555,105,'CRISTOBAL CORREA MONTALVA',NULL,'12.628.245-1'),(556,106,'DOPPELMAYR',NULL,'RUT-AUX-81'),(557,107,'EY',NULL,'RUT-AUX-73'),(558,108,'FRANKO URQUETA T',NULL,'RUT-AUX-75'),(559,109,'GRAFICA NUEVA',NULL,'RUT-AUX-71'),(560,110,'INGRID CORTES PAEZ',NULL,'RUT-AUX-68'),(561,111,'JAVIER AGUILAR ARANGUIZ ARRIENDO',NULL,'RUT-AUX-91'),(562,112,'JUAN LUIS ARANGUIZ ARRIENDO',NULL,'RUT-AUX-90'),(563,113,'LUIS CASTILLO ARRIENDO',NULL,'RUT-AUX-88'),(564,114,'LUIS CORTES ARRIENDO',NULL,'RUT-AUX-87'),(565,115,'LUIS GONZALO R',NULL,'RUT-AUX-70'),(566,116,'MARIO BRUNA',NULL,'RUT-AUX-77'),(567,117,'METSO',NULL,'RUT-AUX-83'),(568,118,'NUTRISER',NULL,'RUT-AUX-78'),(569,119,'SURMEDIA',NULL,'RUT-AUX-72'),(570,120,'WORKMATE',NULL,'RUT-AUX-80'),(571,121,'ZETAECO',NULL,'RUT-AUX-67'),(572,122,'AZABACHE',NULL,'76,240,922-4'),(573,123,'ON COMMON GROUND CONSULTANTS INC',NULL,'RUT-AUX-5'),(574,124,'JOSE LUIS MEZA',NULL,'RUT-AUX-67'),(575,125,'POR DEFINIR',NULL,'RUT-AUX-68'),(576,126,'FLUOR CANADA',NULL,'RUT-AUX-69'),(577,127,'GOLDCORP SERVICIOS',NULL,'99.589.930-2'),(578,128,'TECK RESOURCES CHILE LTDA',NULL,'78.127.000-8'),(579,129,'VALENZUELA Y ORDENES LIMITADA,( ORIGENES CONSUTL)',NULL,'76.244.633-2'),(580,130,'CASA DE LA PAZ',NULL,'72.168.100-9'),(581,131,'RADIO TAXI LIBERTADOR',NULL,'16.505.544-6'),(582,132,'HOTEL SOLARIS',NULL,'76.350.936-2'),(583,133,'VALLE VERDE CONSTRUCTORA',NULL,'RUT-AUX-8'),(584,134,'COMET STRATEGY',NULL,'RUT-AUX-12'),(585,135,'ESPINOZA HERMANOS LTDA',NULL,'76.126.367-6'),(586,136,'BLUECOAST',NULL,'RUT-AUX-92'),(587,137,'POR DEFINIR',NULL,'RUT-AUX-93'),(588,138,'AMEC FOSTER',NULL,'RUT-AUX-94'),(589,139,'INTERPRETES ASOCIADOS','LOS LEONES 220 OFICINA 303, PROVIDENCIA, SANTIAGO','79.597.770-8'),(590,140,'BS CONSULTORES LIMITADA','CRUZ DEL SUR 399, DPTO. 303','76.235.340-7'),(591,141,'FABIAN KACKSIC Y CIA','MAR DEL NORTE 2341, VITACURA, SANTIAGO','78.987.290-2'),(592,142,'RENTAS E INVERSIONES ECOTECNOS','CALLE LIMACHE 3405, OF. 31, VIÑA DEL MAR','77.269.460-1'),(593,143,'SIGA INGENIERIA Y CONSULTORIA','AV. DIEGO DE ALMAGRO 5210, ÑUÑOA , SANTIAGO','78.929.230-2'),(594,144,'MEC CONSULTORES IRL','DR. JOHOW 987 D 1202,ÑUÑOA, SANTIAGO','76.189.368-8'),(595,145,'ROSA ESCOBAR','CAMBERRA 517,LA REINA, SANTIAGO','8.118.838-6'),(596,146,'SERGIO DIAZ GEOLOGIA E HIDROGEOLOGÍA',' AV. CRISTOBAL COLÓN 3366, OF. 1812, LAS CONDES, SANTIAGO','76.160.498-8'),(597,147,'FINNING CHILE S.A.','RUTA 5 NORTE 851, COQUIMBO, COQUIMBO','91.489.000-4'),(598,148,'INVESTIGACIONES MINERAS Y GEOLÓGICAS LIMITADA','GUARDIA VIEJA N°255, OFICINA N°1605. PROVIDENCIA. SANTIAGO','78.110.220-2'),(599,149,'CRISTIAN ROJAS',NULL,'RUT-AUX-25'),(600,150,'JUAN CARLOS OBRADOR',NULL,'RUT-AUX-26'),(601,152,'SMC ARQUITECTOS','Pedro Torres #94, Ñuñoa, Santiago','77728040-6'),(602,151,'HOTEL PLAZA EL BOSQUE','',''),(603,153,'ELECTRODHARMA ENERGY CONSULTING SPA','BOMBERO OSSA 1010 OF 1108','76.389.903-9'),(604,154,'INSTITUTO PORTALES','',''),(605,NULL,'XIMENA BAEZ TUÑON','MANUEL VERBAL 1545, Antofagasta, Antofagasta','10034928-0'),(606,NULL,'HEREDIA SANTANA','NUEVA PROVIDENCIA 1945 Of 409, PROVIDENCIA, SANTIAGO','96832080-7'),(607,NULL,'Pamela Navarrete','Gredoos 8075, Las Condes, Santiago','15.259.417-8'),(608,NULL,'Joaquín Prieto Díaz','Efeso 094,Pudahuel,Santiago','10.328.442-2'),(609,NULL,'AXESAT CHILE S.A.','APOQUINDO 4700 PISO 4, LAS CONDES, SANTIAGO','76218919-4'),(610,NULL,'CONTROL DE PLAGAS HIDALGO Y RODRÍGUEZ LTDA.','CHUNGARÁ #1439, LAS TERRAZAS','76.245.499-8'),(611,NULL,'SERVICIOS E INVERSIONES PRAMAR LTDA ( GEOBIOTA )','FLOR DE AZUCENAS N° 42, DPTO 3ER PISO, LAS CONDES','78726200-7'),(612,NULL,'Eugenio Pizarro Trigo','Valparaiso 829, Vallenar','8.034.478-3'),(613,NULL,'PHIBRAND','MAGNERE 1540, OF 801 PROVIDENCIA, SANTIAGO','76.579.139-1'),(614,NULL,'UNIVERSITY OF BRITISH COLUMBIA','2332 WEST MALL, BRITISH COLUMBIA, VANCOUVER CANADA','N/A'),(615,NULL,'DK Sistemas de Exhibición','Santa Beatriz 91','76.208.111-3'),(616,NULL,'Corporación para el Desarrollo de la Region de Atacama','Atacama 840, Copiapó','71.778.500-2'),(617,NULL,'Comercial Agroveterinaria del Maipo','Manuel Antonio Matta 477','76.016.596-4'),(618,NULL,'CAPACITACIÓN GLOBALGATE LTDA','PROVIDENCIA 1945 OF 401','76.086.149-9'),(619,NULL,'CDO Consulting Group','Av Providencia 329, piso4','79.945.530-7'),(620,NULL,'ANGELA ACEVEDO','PADRE MARIANO 87, DEPTO 1116, LAS CONDES SANTIAGO','15.339.819-4'),(621,NULL,'METSO MINERALS INDUSTRIES(EEUU)','2715 Pleasant Valley rd',''),(622,NULL,'SOCIEDAD INVERSIONES ATACAMA S&H LTDA','COLIPI 790, COPIAPÓ, COPIAPÓ','76.067.275-8'),(623,NULL,'CAPACITACIÓN Y ASESORÍAS EMPRENDEJOVEN','SANTA ROSA Nª25 OFICINA 33, SANTIAGO','76.150.943-8'),(624,NULL,'FUNDACIÓN CHILE','AV PARQUE ANTONIO RABAT SUR 6165','70.300.000-2'),(625,NULL,'FUNDACIÓN CHILE','AV PARQUE ANTONIO RABAT SUR 6165','70.300.000-2'),(626,NULL,'MUNICIPALIDAD DE VALLENAR','','69.030.500-3'),(627,NULL,'MUNICIPALIDAD DEL CARMEN','','69.251.900-0'),(628,NULL,'MUNICIPALIDAD DE HUASCO','',''),(629,NULL,'NEXO ASESORIA GESTION CULTURAL','PADRE LETELIER 0215 PROVIDENCIA','77.429.770-0'),(630,NULL,'SIPCOM','CERRO EL PLOMO 5931 OF 1103','77.831.790-7'),(631,NULL,'SALINAS & BELTRAN-GALINDO','PARADERO 16 AV CALERA DE TANGO','76.413.105-3'),(632,NULL,'ATACAMA GESTION E INOVACION','ATACAMA 840, COPIAPO','76.054.487-6'),(633,NULL,'GCF INGENIEROS','FIDEL OTEIZA 1971, OF 701, PROVIDENCIA, STGO','RUT AUX'),(634,NULL,'FINNING CHILE S.A','AV LOS JARDINES 924, HUECHURABA, SANTIAGO','91.489.00-4'),(635,NULL,'ANDREA DIETRICH','LOMAS DEL CIPRES 12, CASILLLA 902, PUERTO VARAS','22.815.844-5'),(636,NULL,'CIENCIAS ATMOSFERICA APLICADAS','PARCELA 123- FUNDO LORETO- ALTOVALSOL, LA SERENA','77.021.740-7'),(637,NULL,'DELFINA LÓPEZ ESPEJO','CHANCHOQUIN GRANDE S/N','7.559.369-4'),(638,NULL,'Piteau Associates Chile SpA','Napoleon 3037, of 6 Las Condes Santiago','76.126.453-2'),(639,NULL,'TRACTEBEL ENG','CERRO COLORADO 5240, LAS CONDES','AUX'),(640,NULL,'The Bridge Comunicaciones','Providencia 727of 204','76.272.941-5'),(641,NULL,'CONSULTORA VALLENORTE','JUAN VERDAGUER 565 OF F, VALLENAR, VALLENAR','76.108.901-3'),(642,NULL,'DORGAMBIDE LTDA','MIRAMAR 382, HUASCO','76.962.750-9'),(643,NULL,'Len y Asociados Ingenieros Consultores Ltda','Rafael Cañas 84, Providencia Santiago','83.665.200-2'),(644,NULL,'KUNZA CONSULTORES S.A.','AVELINO CONTARDO 932, ANTOFAGASTA','96.845.940-6'),(645,NULL,'ALEJANDRA ROMINA GONZALES SANCHEZ','VICUÑA MACKENNA 2926, PEÑAFLOR, SANTIAGO','16.910.098-5'),(646,NULL,'JML INTERNATIONAL BUSINESS AND FINANCIAL CONSULTANTS LLC','AUX','AUX');
/*!40000 ALTER TABLE `personas_ctta` ENABLE KEYS */;
UNLOCK TABLES;

--
-- Table structure for table `personas_ctto`
--

DROP TABLE IF EXISTS `personas_ctto`;
/*!40101 SET @saved_cs_client     = @@character_set_client */;
/*!40101 SET character_set_client = utf8 */;
CREATE TABLE `personas_ctto` (
  `id` int(11) NOT NULL AUTO_INCREMENT,
  `IdCtto` int(11) DEFAULT NULL,
  `NumCtto` varchar(20) DEFAULT NULL,
  `DescCtto` varchar(100) DEFAULT NULL,
  `MonedaCtto` varchar(5) DEFAULT NULL,
  `ValorCtto` decimal(21,2) DEFAULT NULL,
  `EstCtto` varchar(4) DEFAULT NULL,
  `FechIniCtto` date NOT NULL,
  `FechTerCtto` date NOT NULL,
  `CordCtto` varchar(100) DEFAULT NULL,
  `Carpeta` varchar(30) DEFAULT NULL,
  `TipoServ` varchar(25) DEFAULT NULL,
  `AjusteCom` decimal(21,2) DEFAULT NULL,
  `AjustNumEDP` varchar(10) DEFAULT NULL,
  `AjustValEDP` decimal(21,2) DEFAULT NULL,
  `AdjudicCtto` varchar(15) DEFAULT NULL,
  `LocalCtto` varchar(30),
  `TerrenCtto` varchar(10) DEFAULT NULL,
  `SeguroCtto` varchar(10) DEFAULT NULL,
  `IdCecoCtto_id` int(11) NOT NULL,
  `IdCtta_id` int(11) NOT NULL,
  `IdMandante_id` int(11) NOT NULL,
  `FechAppCtto` date,
  `FechSolCtto` date,
  `ObservCtto` varchar(100),
  PRIMARY KEY (`id`),
  KEY `personas_ctto_IdCecoCtto_id_ec6e0647_fk_personas_ceco_id` (`IdCecoCtto_id`),
  KEY `personas_ctto_IdCtta_id_e95acd1f_fk_personas_ctta_id` (`IdCtta_id`),
  KEY `personas_ctto_7e9115d4` (`IdMandante_id`),
  CONSTRAINT `personas_ctto_IdCecoCtto_id_ec6e0647_fk_personas_ceco_id` FOREIGN KEY (`IdCecoCtto_id`) REFERENCES `personas_ceco` (`id`),
  CONSTRAINT `personas_ctto_IdCtta_id_e95acd1f_fk_personas_ctta_id` FOREIGN KEY (`IdCtta_id`) REFERENCES `personas_ctta` (`id`),
  CONSTRAINT `personas_ctto_IdMandante_id_8bfeef1c_fk_personas_mdte_id` FOREIGN KEY (`IdMandante_id`) REFERENCES `personas_mdte` (`id`)
) ENGINE=InnoDB AUTO_INCREMENT=661 DEFAULT CHARSET=latin1;
/*!40101 SET character_set_client = @saved_cs_client */;

--
-- Dumping data for table `personas_ctto`
--

LOCK TABLES `personas_ctto` WRITE;
/*!40000 ALTER TABLE `personas_ctto` DISABLE KEYS */;
INSERT INTO `personas_ctto` VALUES (448,1,'SC-104','SERVICIO DE CUSTODIA DE DOCUMENTOS','UF',72.00,'10','2012-11-21','2018-11-20','0','No','Contrato',0.00,'1',0.00,'Directa','Nacional','No','N',161,454,18,NULL,NULL,'VER EDP'),(449,2,'SC-184','SERVICIO DE ASEO OFICINAS','CLP$',42677032.00,'12','2014-07-01','2016-03-31','0','SC-184 Paula Arias Aseo','Contrato',62354958.33,'1',59461327.00,'Directa','Local','No','A',161,455,17,NULL,NULL,''),(450,3,'SC-207','SERVICIO DE MANTENIMIENTO CAMPAMENTOS Y ASEO DE OFICINAS','CLP$',171909000.00,'10','2014-10-01','2016-12-31','0','SC207 Sodexo','Contrato',257880862.10,'16',257880862.00,'Directa','Nacional','Si','A',170,456,18,NULL,NULL,'ENERO REV CONT'),(451,4,'SC-214','SERVICIO DE CONSULTORIA PROFESIONAL TRAMITACION PROPIEDAD MINERA','CLP$',9996200.00,'11','2015-01-01','2016-12-31','0','SC214 C.Toro','Contrato',3365400.00,'1',3192000.00,'Directa','Nacional','Si','N',184,457,18,NULL,NULL,''),(452,5,'SC-215','VIGILANCIA Y RESGUARDO DE PROPIEDAD MINERA DEL PROYECTO EL MORRO','UF',384.00,'10','2015-01-01','2016-12-31','0','SC215 Prop Minera','Contrato',352.00,'1',352.00,'Directa','Nacional','No','N',184,458,18,NULL,NULL,''),(453,6,'SC-216','SERVICIO DE MONITOREO DE CALIDAD DEL AIRE Y PARAMETROS METEOROLOGICOS','UF',2534.00,'11','2015-01-01','2016-08-31','0','SC216 SERPRAM','Contrato',1880.00,'1',1863.15,'Directa','Nacional','Si','A',204,459,18,NULL,NULL,''),(454,7,'SC-220','SERVICIO DE CONSULTORIA EN TEMAS COMUNITARIOS','CLP$',70908000.00,'10','2015-01-01','2016-12-31','0','SC220 C. Jordán','Contrato',64999000.00,'1',64999000.00,'Directa','Nacional','Si','A',199,462,18,NULL,NULL,''),(455,8,'SC-222','SERVICIO DE LABORATORIO','CLP$',47801628.00,'11','2015-04-01','2016-08-31','0','SC222 Cesmec','Contrato',8804784.00,'1',8804784.00,'Directa','Nacional','No','N',204,464,18,NULL,NULL,''),(456,9,'SC-224','SERVICIO DE CLIPPING Y BOLETIN INTERNO','CLP$',23400000.00,'10','2015-01-01','2016-12-31','0','SC224 Carlos Opazo','Contrato',16200000.00,'1',16200000.00,'Directa','Local','No','N',195,466,18,NULL,NULL,''),(457,10,'SC-228','SERVICIO DE MANTENCION Y REPARACION  DE IMPRESORAS','CLP$',33600000.00,'13','2015-01-01','2015-12-31','0','SC228 Carlos Lagos','Contrato',38127787.25,'1',38127787.00,'Directa','Nacional','No','A',164,470,18,NULL,NULL,''),(458,11,'SC-232','SERVICIO DE REGISTRO DE PROVEEDORES “REGIC””','UF',0.00,'11','2015-11-01','2015-11-01','0','','Contrato',0.00,'1',0.00,'Directa','Nacional','No','No',157,473,17,NULL,NULL,''),(459,12,'SC-233','SERVICIO DE ASESORIA JURIDICA','UF',3215.00,'10','2015-03-01','2016-12-31','0','SC233 Geodesarrollo','Contrato',2282.79,'1',2282.79,'Directa','Nacional','Si','N',185,474,17,NULL,NULL,''),(460,13,'SC-235','SERVICIO DE ESTUDIO DE IMPACTO AMBIENTAL (EIA)','UF',144261.00,'10','2016-04-25','2018-02-28','0','SC235 EIA','Contrato',0.00,'1',0.00,'Licitación','Nacional','Si','N',203,476,18,NULL,NULL,''),(461,14,'SC-237','MONITOREO DE AGUAS SUPERFICIALES Y SUBTERRANEAS','CLP$',30037956.00,'11','2015-07-01','2016-08-31','0','SC237 JAC','Contrato',25031630.00,'1',25031630.00,'Directa','Local','Si','A',203,478,18,NULL,NULL,''),(462,15,'SC-241','SERVICIO DE MONITOREO DE SERVIDORES Y SOPORTE DE RED','UF',560.00,'11','2015-09-01','2015-12-31','0','SC241 Cibersecuity','Contrato',1038.00,'1',950.00,'Directa','Nacional','Si','A',164,468,17,NULL,NULL,''),(463,16,'SC-242','SERVICIO MANTENCION OFICINA  PISO 7','UF',200.00,'10','2015-09-24','2016-12-31','0','SC242 Crea','Contrato',30.51,'1',30.51,'Directa','Nacional','No','A',161,480,18,NULL,NULL,''),(464,17,'SC-244','ACTIVIDADES CULTURALES 2015-2016','CLP$',30000000.00,'13','2015-11-20','2016-01-31','0','SC244 Azabache','Contrato',0.00,'1',0.00,'Directa','Local','Si','N',198,572,17,NULL,NULL,''),(465,18,'SC-245','ELABORACION BASES TECNICAS EIA','UF',728.40,'13','2015-11-10','2016-04-15','0','SC245 Myma','Contrato',0.00,'1',0.00,'Directa','Nacional','No','N',203,483,17,NULL,NULL,''),(466,19,'SC-247','PLAN DE CORRECCION FORMACIONES XEROFITICAS','UF',327.00,'12','2015-11-19','2016-01-31','0','SC247 Cedrem','Contrato',0.00,'1',0.00,'Directa','Nacional','Si','A',203,484,18,NULL,NULL,''),(467,20,'SC-248','ING. CONCEPTUAL  TRANSPORTE CONCENTRADO COBRE/AGUA DESALADA','UF',7912.00,'13','2016-01-11','2016-08-31','0','SC248_16-002-Brass','Contrato',0.00,'1',0.00,'Licitación','Nacional','Si','N',173,493,18,NULL,NULL,''),(468,21,'SC-249','DESARROLLO ESTRATEGIA PARA LOS DERECHOS HUMANOS P. CORREDOR','USD',68400.00,'10','2016-01-01','2016-06-30','0','SC249 On Common Ground','Contrato',0.00,'1',0.00,'Directa','Extranjero','No','N',198,573,18,NULL,NULL,''),(469,22,'SC-250','ASESORAMIENTO COMUNICACIONAL HUASCOALTINOS','UF',1907.42,'13','2015-11-01','2016-12-31','0','SC250 Soledad Farr','Contrato',0.00,'1',0.00,'Directa','Nacional','Si','N',195,486,17,NULL,NULL,''),(470,23,'SC-252','SERV. MANTENCION Y REPARACION  DE IMPRESORAS','CLP$',19800000.00,'10','2016-01-01','2016-12-31','0','SC252 Carlos Lagos','Contrato',0.00,'1',0.00,'Directa','Nacional','Si','A',164,470,18,NULL,NULL,''),(471,24,'SC-253','SERVICIO DE SOPORTE PARA RED DE GOLDCORP CHILE','CLP$',85992000.00,'10','2016-01-01','2016-12-31','0','SC253 Cibersecurity','Contrato',0.00,'1',0.00,'Directa','Nacional','Si','A',164,468,18,NULL,NULL,''),(472,25,'SC-256','SERVICIO SONDAJE LOS QUIJOS','CLP$',352707427.00,'11','2016-07-25','2016-08-29','0','SC256 Griffith Drilling','Contrato',0.00,'1',0.00,'Licitación','Nacional','Si','A',207,475,18,NULL,NULL,''),(473,26,'SC-257','CORDINADOR INGENIERIA PARA EIA','CLP$',145710253.70,'10','2016-03-07','2016-12-31','0','SC257 Fluor Chile','Contrato',0.00,'1',0.00,'Directa','Nacional','No','N',175,547,18,NULL,NULL,''),(474,27,'SC-258','PROYECTO DE BIODIVERSIDAD AGRICOLA 2016','CLP$',54900000.00,'10','2016-04-01','2016-12-31','0','SC258 Ordenes A','Contrato',0.00,'1',0.00,'Directa','Local','Si','A',198,491,18,NULL,NULL,''),(475,28,'SC-259','ESTRATEGIA DE REASENTAMIENTO PROYECTO CORREDOR','USD',114460.00,'10','2016-04-23','2016-09-30','0','SC259 Replan','Contrato',0.00,'1',0.00,'Directa','Extranjero','Si','A',199,499,18,NULL,NULL,'VER EDP y CIERRE'),(476,29,'SC-260','ELABORACION DE DECLARACION DE IMPACTO AMBIENTAL PROSPECCION LA FORTUNA','UF',2702.00,'11','2016-05-02','2017-02-28','0','SC260 Knight Piesold','Contrato',0.00,'1',0.00,'Directa','Nacional','Si','A',185,476,18,NULL,NULL,''),(477,30,'SC-261','SERVICIO DE ASEO OFICINAS','CLP$',18900000.00,'10','2016-03-01','2016-12-31','0','SC261 Paula Arias','Contrato',0.00,'1',0.00,'Directa','Nacional','No','A',161,455,18,NULL,NULL,''),(478,31,'SC-262','SERVICIOS PROFESIONALES DE APOYO A AREA SERVICIO PROYECTO CORREDOR','CLP$',2777778.00,'11','2016-05-01','2016-07-31','0','SC262 Alejandro S','Contrato',0.00,'1',0.00,'Directa','Nacional','Si','N',161,500,18,NULL,NULL,''),(479,32,'SC-263','SUPERVICION CAMPANA DE SONDAJE SECTOR LOS QUIJOS','UF',6839.10,'11','2016-06-20','2016-09-15','0','SC263 Golder','Contrato',0.00,'1',0.00,'Directa','Nacional','Si','A',207,548,18,NULL,NULL,''),(480,33,'SC-264','DESARROLLO DOCUMENTACION HSEC','CLP$',12555556.00,'13','2016-07-26','2016-09-30','0','SC264 Doc HSEC','Contrato',0.00,'1',0.00,'Licitación','Nacional','No','N',208,574,18,NULL,NULL,'CIERRE OK'),(481,34,'SC-265','PAS BOSQUES Y FORMACION XEROFITICA','UF',6799.00,'10','2016-09-27','2018-03-31','0','No','Contrato',0.00,'1',0.00,'Licitación','Nacional','Si','A',203,611,18,'2016-09-27','2016-08-03',''),(482,35,'SC-266','EARLY WORKS','CAD',825203.00,'11','2016-07-01','2016-09-30','0','SC266 Fluor Early Work','Contrato',0.00,'1',0.00,'Directa','Extranjero','No','N',175,576,18,'2016-07-01','2016-06-10','VER CIERRE'),(483,36,'SC-267','CONTRATO ASESORIA TECNICA Y OTROS','USD',273600.00,'10','2016-01-01','2017-12-31','0','SC267 Inter GS','Contrato',0.00,'1',0.00,'Directa','Nacional','No','N',167,577,18,'2016-06-22','2016-06-01',''),(484,37,'SC-268','CONTRATO ASESORIA TECNICA Y OTROS','USD',286080.00,'10','2016-01-01','2017-12-31','0','SC268 Inter TR','Contrato',0.00,'1',0.00,'Directa','Nacional','No','N',167,578,18,'2016-06-22','2016-06-01',''),(485,38,'SC-269','CONTRAPARTE TÉCNICA EIA - CLIMA Y METEOROLOGÍA','UF',250.00,'10','2016-08-01','2018-06-30','0','No','Contrato',0.00,'1',0.00,'Directa','Nacional','No','N',203,590,18,'2016-10-25','2016-08-16',''),(486,39,'SC-270','CONTRAPARTE TÉCNICA EIA - ECOSISTEMAS TERRESTRES','UF',350.00,'3','2016-08-01','2018-06-30','0','No','Contrato',0.00,'1',0.00,'Directa','Nacional','No','N',203,591,18,'2016-10-25','2016-08-16',''),(487,40,'SC-271','CONTRAPARTE TÉCNICA EIA - MEDIO MARINO','UF',56.00,'10','2016-08-01','2018-06-30','0','No','Contrato',0.00,'1',0.00,'Directa','Nacional','No','N',203,592,18,'2016-10-25','2016-08-16',''),(488,41,'SC-272','CONTRAPARTE TÉCNICA EIA - HIDROLOGÍA','UF',192.50,'10','2016-08-01','2018-06-30','0','No','Contrato',0.00,'1',0.00,'Directa','Nacional','No','N',203,593,18,'2016-10-25','2016-08-16',''),(489,42,'SC-273','CONTRAPARTE TÉCNICA EIA - PAISAJE','UF',70.00,'10','2016-08-01','2018-06-30','0','No','Contrato',0.00,'1',0.00,'Directa','Nacional','No','N',203,594,18,'2016-10-25','2016-08-16',''),(490,43,'SC-274','CONTRAPARTE TÉCNICA EIA - MEDIO HUMANO','UF',300.00,'10','2016-08-01','2018-06-30','0','No','Contrato',0.00,'1',0.00,'Directa','Nacional','No','N',203,595,18,'2016-10-25','2016-08-16',''),(491,44,'SC-275','CONTRAPARTE TÉCNICA EIA  - GEOLOGÍA','UF',250.00,'10','2016-08-01','2018-06-30','0','No','Contrato',0.00,'1',0.00,'Directa','Nacional','No','N',203,596,18,'2016-10-25','2016-08-16',''),(492,45,'SC-276','SERVICIO DE MENSAJERÍA Y ADMINISTRATIVO','CLP$',3366000.00,'10','2016-09-01','2016-12-31','0','No','Contrato',0.00,'1',0.00,'Directa','Nacional','No','N',161,599,18,'2016-09-01','2016-08-20',''),(493,46,'SC-277','CULTURA ORGANIZACIONAL','UF',3664.00,'10','2016-08-08','2016-10-31','0','No','Contrato',0.00,'1',0.00,'Directa','Nacional','No','A',166,600,18,'2016-09-05','2016-08-05','ENERO REV'),(494,200,'C-010','RED METEROLOGICA PROYECTO RELINCHO','UF',0.00,'13','2015-11-01','2015-11-01','0','No','Contrato',0.00,'1',0.00,'Directa','Nacional','Si','A',204,511,18,NULL,NULL,''),(495,201,'OS2010-010','ARRIENDO DE CAMIONETAS','UF',2975.00,'11','2010-07-01','2015-12-31','0','OS-010 West','Orden de Servicio',13791.78,'10',13771.30,'Directa','Local','Si','N',169,492,18,NULL,NULL,''),(496,202,'OS2011-057','RESCATE MEDICO DE URGENCIA','USD',91200.00,'11','2011-07-22','2016-02-29','0','S-057 Aerorescate','Orden de Servicio',198740.00,'50',198740.00,'Directa','Nacional','Si','A',169,489,18,NULL,NULL,''),(497,203,'OS2012-065','SERVICIO DE SEGURIDAD INDUSTRIAL','CLP$',180003154.00,'13','2012-05-07','2015-12-31','0','S-065 Securitas','Orden de Servicio',366218557.00,'40',365551891.00,'Directa','Nacional','Si','A',170,488,18,NULL,NULL,''),(498,204,'OS2013-078','ASESORIA AMBIENTAL ESPECIALIZADA-MODIFICACION DE MUESTRERA','UF',952.60,'12','2013-01-01','2016-08-31','0','OS-078 GHD','Orden de Servicio',1223.04,'1',621.00,'Directa','Nacional','Si','A',203,512,18,NULL,NULL,''),(499,205,'OS2013-125','ASESORIA ESPECIALIZADA  CIENTIFICO-TECNOLOGICA  (CONSERVACION SEMILLA)','CLP$',0.00,'16','2015-11-01','2015-11-01','0','No','Orden de Servicio',0.00,'1',0.00,'Directa','Local','No','N',203,513,18,NULL,NULL,''),(500,206,'OS2013-131','ASEO OFICINA DE VALLENAR','CLP$',14166139.00,'13','2013-04-01','2015-12-31','0','OS-131 Milena Cyd','Orden de Servicio',38158640.00,'19',38158640.00,'Directa','Local','Si','A',170,490,18,NULL,NULL,''),(501,207,'OS2013-144','RESCATE DE LA DIVERSIDAD AGRICOLA DE  LA  PROVINCIA DEL HUASCO','CLP$',24110000.00,'12','2013-07-01','2015-12-31','0','OS-144 Ordenes','Orden de Servicio',119660000.00,'10',119660000.00,'Directa','Local','Si','A',198,579,18,NULL,NULL,''),(502,208,'OS2014-168','SERVICIO DE LABORATORIO SGS PRUEBAS GEOQUIMICAS','USD',0.00,'12','2015-11-01','2015-11-01','0','No','Orden de Servicio',0.00,'1',0.00,'Directa','Extranjero','No','N',203,514,18,NULL,NULL,''),(503,209,'OS2014-170','SERVICIO DE ANALISIS QUIMICOS','CLP$',0.00,'12','2015-11-01','2015-11-01','0','No','Orden de Servicio',0.00,'1',0.00,'Directa','Nacional','Si','N',203,515,18,NULL,NULL,''),(504,210,'OS2015-065','ARRIENDO OFICINA VALLENAR','CLP$',4000000.00,'13','2016-12-01','2016-03-31','0','OS-065 Clemente','Orden de Servicio',0.00,'1',0.00,'Directa','Local','No','N',170,516,18,NULL,NULL,''),(505,211,'OS2015-175','CONSTRUCCION CAMINO SECTOR QUEBRADA LAS GUIAS (4KM)','CLP$',33980000.00,'11','2015-01-01','2015-12-31','0','S-175 Serviterra','Orden de Servicio',32000000.00,'45',28785000.00,'Directa','Local','Si','A',169,523,18,NULL,NULL,''),(506,212,'OS2015-183','RENOVACION SERVICIO ANUAL SPOT GEN3','CLP$',0.00,'13','2015-11-01','2015-11-01','0','No','Orden de Servicio',0.00,'1',0.00,'Directa','Nacional','No','N',169,517,18,NULL,NULL,''),(507,213,'OS2010-023','ABASTECIMIENTO DE PETROLEO - COPEC','CLP$',0.00,'13','2015-11-01','2015-11-01','0','No','Orden de Servicio',0.00,'1',0.00,'Directa','Nacional','No','N',169,451,18,NULL,NULL,''),(508,214,'OS2014-036','PREVENCION Y CONTROL INTEGRADO DE PLAGAS','UF',562.00,'10','2010-01-01','2016-12-31','0','OS-036 TrulyNolen','Orden de Servicio',2672.60,'1',2762.70,'Directa','Nacional','Si','A',169,498,18,NULL,NULL,''),(509,215,'OS2011-055','SERVICIO DE TELECOMUNICACIONES','CLP$',0.00,'13','2015-11-01','2015-11-01','0','No','Orden de Servicio',0.00,'1',0.00,'Directa','Nacional','No','N',164,519,18,NULL,NULL,''),(510,216,'OS2012-102','SUMINISTRO DE AGUA POTABLE A GRANEL','CLP$',0.00,'13','2015-11-01','2015-11-01','0','No','Orden de Servicio',0.00,'1',0.00,'Directa','Local','Si','N',169,451,18,NULL,NULL,''),(511,217,'OS2013-111','SUMINISTRO DE AGUA ENVASADA','CLP$',0.00,'15','2015-11-01','2015-11-01','0','No','Orden de Servicio',0.00,'1',0.00,'Directa','Local','Si','N',169,521,18,NULL,NULL,''),(512,218,'CV2016-001','ASESORIA ESTRATEGICA RELACIONAMIENTO COMUNITARIO','CLP$',76209400.00,'10','2016-01-01','2016-12-31','0','Casa La Paz','Convenio',0.00,'1',0.00,'Directa','Nacional','Si','N',199,580,18,NULL,NULL,''),(513,219,'OC (NXXXX)','ESTRATEGIA RECURSO HIDRICO Y ASESORIA AMBIENTAL','UF',180.00,'13','2015-11-01','2015-11-01','0','No','Orden de Compra',0.00,'1',0.00,'Directa','Nacional','No','N',203,522,17,NULL,NULL,''),(514,220,'OCM2016-02','ARRIENDO OFICINA PISO N7','UF',10692.15,'10','2015-12-01','2017-04-30','0','OCM2016-02 SCL Apoq','Contrato',0.00,'1',0.00,'Directa','Nacional','No','N',165,452,18,NULL,NULL,'VER EDP'),(515,221,'OCM2016-03','DESALINATION PLANT','USD',350000.00,'11','2016-01-01','2016-08-25','0','OCM2016-03 Cadagua','Contrato',0.00,'1',0.00,'Directa','Extranjero','No','N',176,453,17,NULL,NULL,''),(516,222,'OCM2016-01','REVISON DE SISTEMA DE CORREAS ENTRE EL MORRO Y RELINCHO','USD',109100.00,'11','2015-12-20','2016-01-16','0','OCM2016-01 Terrenova','Orden de Servicio',0.00,'1',0.00,'Directa','Extranjero','No','N',175,508,17,NULL,NULL,''),(517,223,'OS2016-001','SERVICIO DE TOPOGRAFIA SATELITAL','USD',58650.00,'13','2015-12-20','2016-01-31','0','OS2016-001 PhotoSat','Orden de Servicio',0.00,'1',0.00,'Cotizaciones','Extranjero','No','N',174,501,18,NULL,NULL,''),(518,224,'OS2016-002','SERVICIO DE TRANSPORTE REFRIGERADO','UF',86.00,'11','2016-01-01','2016-12-31','0','OS16-02 Nutriser','Orden de Servicio',0.00,'1',0.00,'Directa','Local','Si','A',169,497,18,NULL,NULL,''),(519,225,'OS2016-003','SERVICIOS 2016 ARRIENDO EQUIPOS MOV TIERRA','CLP$',13490000.00,'11','2016-01-01','2016-12-31','0','OS16-03 Serviterra','Orden de Servicio',0.00,'1',0.00,'Directa','Local','Si','A',169,523,18,NULL,NULL,''),(520,226,'OS2016-004','ARRIENDO DE CAMIONETAS 2016','UF',270.90,'10','2016-01-01','2016-05-31','0','OS16-04 West','Orden de Servicio',0.00,'1',0.00,'Directa','Local','No','N',169,492,18,NULL,NULL,''),(521,227,'OS2016-005','TAXI  ACTIVIDAD FIESTA DE FREIRINA','CLP$',700000.00,'13','2016-02-05','2016-02-16','0','OS2016-005 Taxi Libert','Orden de Servicio',0.00,'1',0.00,'Directa','Local','No','N',198,581,18,NULL,NULL,''),(522,228,'OS2016-006','HOTEL ACTIVIDAD FIESTA DE FREIRINA','CLP$',878151.00,'13','2016-02-05','2016-02-16','0','OS2016-006 hotel Solaris','Orden de Servicio',0.00,'1',0.00,'Directa','Local','No','N',198,582,18,NULL,NULL,''),(523,229,'OS2016-007','STREAMING TV ACTIVIDAD FIESTA DE FREIRINA','CLP$',2016807.00,'13','2016-02-05','2016-02-25','0','OS2016-007 Enfoque Digital','Orden de Servicio',0.00,'1',0.00,'Directa','Local','No','N',198,504,18,NULL,NULL,''),(524,230,'OS2016-008','RADIODIFUCION ACTIVIDAD FIESTA DE FREIRINA','CLP$',855002.00,'13','2016-02-05','2016-02-25','0','OS2016-008 RadioAmiga','Orden de Servicio',0.00,'1',0.00,'Directa','Local','No','N',198,505,18,NULL,NULL,''),(525,231,'OS2016-009','DISENO DE CIRCUITOS DE FLOTACION SFR','USD',10200.00,'11','2016-02-23','2016-03-30','0','OS2016-009 Woodgrove','Orden de Servicio',0.00,'1',0.00,'Directa','Extranjero','No','N',178,509,18,NULL,NULL,'VER CIERRE'),(526,232,'OS2016-010','REVISION DE SISTEMA ROPECON PARA CORREA','EUR',90300.00,'11','2016-02-16','2016-03-31','0','OS2016-010 Doppelmayr','Orden de Servicio',0.00,'1',0.00,'Directa','Extranjero','No','N',175,556,18,NULL,NULL,''),(527,233,'OS2016-011','ACONDICIONAMIENTO EDIFICIO OFICINA CALLE OCHANDIA (EX OF. RELINCHO)','CLP$',3870240.00,'13','2016-01-15','2016-02-15','0','OS2016-011 ValleVerde','Orden de Servicio',0.00,'1',0.00,'Directa','Local','Si','N',170,583,18,NULL,NULL,''),(528,234,'OS2016-012','COMET TECHNICAL SUPPORT (MAR)','USD',2500.00,'13','2016-03-14','2016-03-25','0','OS2016-012 Commet Strategy','Orden de Servicio',0.00,'1',0.00,'Directa','Extranjero','No','N',191,584,18,NULL,NULL,''),(529,235,'OS2016-013','TRADUCCION PLAN DE SEGURIDAD CORREDOR','CLP$',168480.00,'13','2016-03-15','2016-03-21','0','OS2016-013 Consuelo P','Orden de Servicio',0.00,'1',0.00,'Directa','Nacional','No','N',161,507,18,NULL,NULL,''),(530,236,'OS2016-014','NULA','CLP$',0.00,'15','2015-11-01','2015-11-01','0','Nula','Orden de Servicio',0.00,'1',0.00,'0','Nacional','0','N',157,451,18,NULL,NULL,''),(531,237,'OS2016-015','SERVICIO DE PREPARACION INFORME CLACC 02','UF',180.00,'13','2016-04-28','2016-05-06','0','OS2016-015 Fernando Solar','Orden de Servicio',0.00,'1',0.00,'Directa','Nacional','Si','N',169,524,18,NULL,NULL,''),(532,238,'OS2016-016','CONSULTORIA HAULAGE ANALYSIS PROYECTO CORREDOR','CAD',2980.00,'12','2016-05-03','2016-05-10','0','OS2016-016 Runge','Orden de Servicio',0.00,'1',0.00,'Directa','Extranjero','No','N',191,525,18,NULL,NULL,''),(533,239,'OS2016-017','SUMINISTRO DE MOCHILA CON LOGO','CLP$',3437650.00,'11','2015-11-01','2015-11-01','0','No','Orden de Servicio',0.00,'1',0.00,'Directa','Nacional','No','N',195,526,18,NULL,NULL,''),(534,240,'OS2016-018','SERVICIO DE PRODUCCION E IMPRESION MATERIAL NUEVA IMAGEN','0',0.00,'15','2015-11-01','2015-11-01','0','Nula','Orden de Servicio',0.00,'1',0.00,'Directa','Nacional','No','N',157,527,18,NULL,NULL,''),(535,241,'OS2016-019','TRADUCCIONES 2016','CLP$',2700000.00,'10','2016-05-18','2016-12-31','0','OS2016-019 Consuelo P','Orden de Servicio',0.00,'1',0.00,'Directa','Nacional','No','N',161,507,18,NULL,NULL,''),(536,242,'OS2016-020','TRANSPORTE SERGIO MOLINA','CLP$',4280000.00,'13','2015-11-01','2015-11-01','0','Transp Carvajal','Orden de Servicio',0.00,'1',0.00,'Directa','Nacional','No','N',161,528,18,NULL,NULL,''),(537,243,'OS2016-021','SERVICIO CAPACITACION CURSO4X4 Y EXAMEN PSICOSENSOMETRICO (VALLENAR)','CLP$',2290000.00,'11','2016-05-24','2016-05-24','0','OS2016-021 Petrinovic','Orden de Servicio',0.00,'1',0.00,'Directa','Nacional','No','N',166,529,18,NULL,NULL,''),(538,244,'OS2016-022','SUMINITRO DE AGUA CAMPAMENTO','CLP$',10260000.00,'10','2016-02-16','2016-12-01','0','Aguas Chanar','Orden de Servicio',0.00,'1',0.00,'Directa','Local','Si','N',207,520,18,NULL,NULL,'Preg EDP'),(539,245,'OS2016-023','NULA','0',0.00,'15','2015-11-01','2015-11-01','0','','Orden de Servicio',0.00,'1',0.00,'Directa','Nacional','No','No',157,530,18,NULL,NULL,''),(540,246,'OS2016-024','AUDITORIA LABORAL CONTRATOS NU','CLP$',2493752.00,'10','2016-06-06','2016-10-06','0','OS2016-024 Workmate','Orden de Servicio',0.00,'1',0.00,'Directa','Nacional','Si','N',207,531,18,NULL,NULL,''),(541,247,'OS2016-025','SERVICIO HELICOPETORO SECTOR LA FORTUNA','USD',25674.00,'13','2016-05-25','2016-05-26','0','No','Orden de Servicio',0.00,'1',0.00,'Directa','Nacional','Si','N',208,532,18,NULL,NULL,''),(542,248,'OS2016-026','INSCRIPCION DE MARCAS','0',0.00,'11','2015-11-01','2015-11-01','0','No','Orden de Servicio',0.00,'1',0.00,'Directa','Nacional','No','N',195,533,18,NULL,NULL,''),(543,249,'OS2016-027','ASESORIA LEGAL','0',0.00,'3','2015-11-01','2015-11-01','0','No','Orden de Servicio',0.00,'1',0.00,'Directa','Nacional','No','N',185,534,18,NULL,NULL,''),(544,250,'OS2016-028','SERVICIO CAPACITACION CURSO4X4 Y EXAMEN PSICOSENSOMETRICO (SANTIAGO)','CLP$',4550000.00,'10','2015-11-01','2015-11-01','0','No','Orden de Servicio',0.00,'1',0.00,'Directa','Nacional','No','N',166,529,18,NULL,NULL,''),(545,251,'OS2016-029','ASESORIA LEGAL','0',0.00,'3','2015-11-01','2015-11-01','0','No','Orden de Servicio',0.00,'1',0.00,'Directa','Nacional','No','N',185,535,18,NULL,NULL,''),(546,252,'OS2016-030','NULA','0',0.00,'15','2015-11-01','2015-11-01','0','Nula','Orden de Servicio',0.00,'1',0.00,'0','Nacional','No','No',157,451,18,NULL,NULL,''),(547,253,'OS2016-031','CURSO USO DE EXTINTORES','CLP$',1350000.00,'11','2016-06-10','2016-06-10','0','OS2016-031 ASP','Orden de Servicio',0.00,'1',0.00,'Directa','Nacional','No','N',166,536,18,NULL,NULL,''),(548,254,'OS2016-032','RETIRO, SUMINISTRO E INSTALACION DE PUERTA PISO 7','CLP$',1551714.00,'12','2016-06-13','2016-06-13','0','No','Orden de Servicio',0.00,'1',0.00,'Directa','Nacional','No','N',165,480,18,NULL,NULL,''),(549,255,'OS2016-033','PETROLEO DISEL (TARJETA ABASTECIMIENTO) CAMPAMENTO Y SONDAJE','CLP$',10000000.00,'10','2016-05-01','2016-12-31','0','No','Orden de Servicio',0.00,'1',0.00,'Directa','Nacional','No','N',169,451,18,NULL,NULL,''),(550,256,'OS2016-034','ARRIENDO Y RECAMBIO CONTENEDOR CERRADO DE 10 M3 PARA RESIDUOS','CLP$',1600000.00,'10','2015-11-01','2016-12-31','0','No','Orden de Servicio',0.00,'1',0.00,'Directa','Local','No','N',207,537,18,NULL,NULL,'Revisar Fechas del servicio'),(551,257,'OS2016-035','MONITOREO REDES SOCIALES','UF',193.00,'10','2016-06-10','2016-12-31','0','No','Orden de Servicio',0.00,'1',0.00,'Directa','Local','Si','N',195,538,18,NULL,NULL,'Preg EDP'),(552,258,'OS2016-036','NULA','0',0.00,'15','2015-11-01','2015-11-01','0','No','Orden de Servicio',0.00,'1',0.00,'Directa','Nacional','0','N',195,539,18,NULL,NULL,''),(553,259,'OS2016-037','DISENO DE MATERIALES COMUNICACION  NUEVAUNION','UF',315.00,'10','2016-06-10','2016-12-31','0','No','Orden de Servicio',0.00,'1',0.00,'Directa','Nacional','No','N',195,540,18,NULL,NULL,'Preg EDP'),(554,260,'OS2016-038','CONSULTORIA MEDIO AMBIENTAL','CLP$',24910000.00,'11','2016-06-10','2016-11-30','0','OS2016-038 Elizabeth del C','Orden de Servicio',0.00,'1',0.00,'Directa','Nacional','No','N',203,541,18,NULL,NULL,''),(555,261,'OS2016-039','REVISION Y VALIDACION DE RESULTADOS  METALURGICOS PROPUESOS PARA LOS CRITERIOS DE DISENO','USD',67840.00,'11','2016-06-10','2016-08-30','0','OS2016-039 Promet101','Orden de Servicio',0.00,'1',0.00,'Directa','Nacional','No','N',189,542,18,NULL,NULL,''),(556,262,'OS2016-040','CURSO DE CAPACITACION EN REANIMACION TRAUMA PRE HOSPITALARIO','CLP$',8000000.00,'11','2016-07-18','2016-07-22','0','OS2016-040 Infocarp','Orden de Servicio',0.00,'1',0.00,'Directa','Local','No','N',198,543,18,NULL,NULL,''),(557,263,'OS2016-041','SERVICIO POR SALA DE PROCEDIMIENOS Y AMBULANCIA 4X4','UF',675.00,'11','2016-07-18','2016-09-15','0','No','Orden de Servicio',0.00,'1',0.00,'Directa','Nacional','Si','A',207,544,18,NULL,NULL,'Preg EDP'),(558,264,'OS2016-042','ASESORIA LEGAL','USD',50000.00,'10','2016-11-15','2017-07-31','0','No','Orden de Servicio',0.00,'1',0.00,'Directa','Nacional','No','N',185,477,18,'2016-12-21','2016-12-20',''),(559,265,'OS2016-043','ASESORIA LEGAL','UF',300.00,'3','2015-11-01','2016-12-31','0','No','Orden de Servicio',0.00,'1',0.00,'Directa','Nacional','No','N',185,545,18,NULL,NULL,''),(560,266,'OS2016-044','REGISTRO FOTOGRAFICO AREA INFLUENCIA P NUEVA UNION','CLP$',1360000.00,'11','2016-07-01','2016-07-30','0','No','Orden de Servicio',0.00,'1',0.00,'Directa','Nacional','Si','N',195,555,18,NULL,NULL,'Preg EDP'),(561,267,'OS2016-045','SERVICIO ARRIENDO MAQUINARIA PREPARACION PLATAFORMA SONDAJE LOS QUIJOS','CLP$',29686375.00,'11','2016-06-23','2016-08-30','0','No','Orden de Servicio',0.00,'1',0.00,'Directa','Local','Si','A',207,523,18,NULL,NULL,'Preg EDP'),(562,268,'OS2016-046','RETIRO DE AGUAS SERVIDAS Y CAMARA DE INSPECCION CAMPAMENTO RELINCHO','CLP$',2411524.00,'11','2016-06-21','2016-06-30','0','No','Orden de Servicio',0.00,'1',0.00,'Directa','Local','Si','A',169,585,18,NULL,NULL,''),(563,269,'OS2016-047','MANTENCION DE REPETIDORES','CLP$',5959154.00,'10','2016-07-07','2016-07-16','0','No','Orden de Servicio',0.00,'1',0.00,'Cotizaciones','Local','Si','N',207,571,18,NULL,NULL,'Preg EDP'),(564,270,'OS2016-048','PROGRAMA PAUSA ACTIVA','CLP$',1440000.00,'10','2016-07-04','2016-12-31','0','No','Orden de Servicio',0.00,'1',0.00,'Cotizaciones','Nacional','Si','N',166,560,18,NULL,NULL,'Preg EDP'),(565,271,'OS2016-049','EVALUACION NUTRICIONAL','CLP$',858000.00,'10','2016-07-04','2016-12-31','0','No','Orden de Servicio',0.00,'1',0.00,'Cotizaciones','Local','Si','N',166,451,18,NULL,NULL,''),(566,272,'OS2016-050','ENTRENAMIENTO FUNCIONAL','CLP$',1600000.00,'10','2016-07-04','2016-12-31','0','No','Orden de Servicio',0.00,'1',0.00,'Cotizaciones','Local','Si','N',166,565,18,NULL,NULL,''),(567,273,'OS2016-051','DISENO Y PRODUCCION LOGO Y DUSTED','CLP$',606200.00,'11','2016-07-10','2016-07-15','0','No','Orden de Servicio',0.00,'1',0.00,'Cotizaciones','Nacional','No','N',195,559,18,NULL,NULL,''),(568,274,'OS2016-052','TALLER DE VOCERIA PARA EJECUTIVOS NUEVAUNION','UF',155.00,'11','2016-07-10','2016-07-30','0','No','Orden de Servicio',0.00,'1',0.00,'Cotizaciones','Nacional','No','N',195,569,18,NULL,NULL,'Preg EDP'),(569,275,'OS2016-053','REALIZACION ESTUDIO DE PERCEPCION NUEVAUNION','UF',1253.00,'11','2016-06-30','2016-09-30','0','No','Orden de Servicio',0.00,'1',0.00,'Cotizaciones','Nacional','Si','A',195,557,18,NULL,NULL,''),(570,276,'OS2016-054','ARRIENDO  SALON ENTRENAMIENTO FUNCIONAL','CLP$',540000.00,'11','2016-07-21','2016-07-21','0','No','Orden de Servicio',0.00,'1',0.00,'Cotizaciones','Nacional','No','N',161,553,18,NULL,NULL,'Preg EDP'),(571,277,'OS2016-055','TALLER DE CAPACITACION ACTUALIDAD INDIGENA','CLP$',700000.00,'11','2016-07-25','2016-07-31','0','No','Orden de Servicio',0.00,'1',0.00,'Directa','Nacional','No','N',198,558,18,NULL,NULL,''),(572,278,'OS2016-056','AUDITORIA DE EXPEDIENTES DE TRAMITACION MINERA (27 CONCESIONES)','UF',65.00,'11','2016-06-14','2016-07-05','0','No','Orden de Servicio',0.00,'1',0.00,'Directa','Nacional','No','N',184,458,18,NULL,NULL,''),(573,279,'OS2016-057','SERVICIO ALIMENTACION ASISTENTES SEMINARIO PHART','CLP$',3053145.00,'11','2016-07-17','2016-07-22','0','No','Orden de Servicio',0.00,'1',0.00,'Cotizaciones','Local','No','N',198,566,18,NULL,NULL,''),(574,280,'OS2016-058','SERVICIO ALIMENTACION CAMPANA SONDAJE','CLP$',52604676.00,'10','2016-07-18','2016-09-15','0','No','Orden de Servicio',0.00,'1',0.00,'Cotizaciones','Local','Si','A',207,568,18,NULL,NULL,'Preg EDP'),(575,281,'OS2016-059','SUSCRIPCION BOLETIN DEL TRABAJO','CLP$',721400.00,'10','2016-07-01','2016-07-16','0','No','Orden de Servicio',0.00,'1',0.00,'Directa','Nacional','No','N',161,552,18,NULL,NULL,'Preg EDP'),(576,282,'OS2016-060','NULA','0',0.00,'15','2016-01-01','2016-01-02','0','','Orden de Servicio',0.00,'1',0.00,'0','Nacional','No','No',157,451,18,NULL,NULL,''),(577,283,'OS2016-061','ASESORES DE SEGURIDAD','CLP$',14677895.10,'10','2016-07-20','2016-09-16','0','No','Orden de Servicio',0.00,'1',0.00,'Cotizaciones','Nacional','Si','N',207,570,18,NULL,NULL,''),(578,284,'OS2016-062','SOPORTE DE DOPPELMAYR PARA WORKSHOP  MAYO 2016 (VANCOUVER)','EUR',3325.40,'11','2016-05-10','2016-05-12','0','No','Orden de Servicio',0.00,'1',0.00,'Directa','Extranjero','No','N',175,556,18,NULL,NULL,''),(579,285,'OS2016-063','CURSO INGLES','CLP$',8640000.00,'10','2016-08-01','2016-12-31','0','No','Orden de Servicio',0.00,'1',0.00,'Cotizaciones','Nacional','No','N',166,451,18,NULL,NULL,'Preg EDP'),(580,286,'OS2016-064','APOYO DE INGENIERIA CIRCUITO DE CONMINUCION','USD',97000.00,'10','2016-07-18','2016-09-30','0','OS2016-064 Metso','Orden de Servicio',0.00,'1',0.00,'Directa','Local','No','N',189,567,18,NULL,NULL,'Preg EDP'),(581,287,'OS2016-065','REVISION Y ANALISIS DE CIRCUITOS DE MOLIENDA','USD',40000.00,'10','2016-07-18','2016-09-30','0','OS2016-065 Amipro','Orden de Servicio',0.00,'1',0.00,'Directa','Extranjero','No','N',189,549,18,NULL,NULL,'Preg EDP'),(582,288,'OS2016-066','SOPORTE CONVEYANCE TOS','EUR',26972.00,'11','2016-08-01','2016-09-15','0','OS2016-066 Doppelmayr','Orden de Servicio',0.00,'1',0.00,'Directa','Extranjero','No','N',175,556,18,NULL,NULL,''),(583,289,'OS2016-067','ESTUDIO CONCEPTUAL DE SISTEMA DE TRANSPORTE DE MINERAL','USD',50000.00,'11','2016-08-01','2016-09-15','0','No','Orden de Servicio',0.00,'1',0.00,'Directa','Extranjero','No','N',175,554,18,NULL,NULL,''),(584,290,'OS2016-068','ARRIENDO DE BODEGA FAEZ 1058, VALLENAR.','UF',290.00,'10','2016-08-01','2016-12-31','0','No','Orden de Servicio',0.00,'1',0.00,'Directa','Local','No','N',170,564,18,NULL,NULL,''),(585,291,'OS2016-069','ARRIENDO DE BODEGA SARGENTO ALDEA 460, VALLENAR.','UF',184.00,'10','2016-08-01','2016-12-31','0','No','Orden de Servicio',0.00,'1',0.00,'Directa','Local','No','N',170,563,18,NULL,NULL,''),(586,292,'OS2016-070','ARRIENDO DE OFICINA Y BODEGA MARANON EN, BRASIL 308, VALLENAR.','CLP$',7366655.00,'10','2016-08-01','2016-12-31','0','No','Orden de Servicio',0.00,'1',0.00,'Directa','Local','No','N',170,551,18,NULL,NULL,''),(587,293,'OS2016-071','ARRIENDO CASA DE HUESPEDES VALLENAR','UF',140.00,'10','2016-08-01','2016-12-31','0','No','Orden de Servicio',0.00,'1',0.00,'Directa','Local','No','N',170,562,18,NULL,NULL,''),(588,294,'OS2016-072','ARRIENDO OFICINA ALTO DEL CARMEN','UF',57.50,'10','2016-08-01','2016-12-31','0','No','Orden de Servicio',0.00,'1',0.00,'Directa','Local','No','N',170,561,18,NULL,NULL,''),(589,295,'OS2016-073','PROJECT NUEVAUNION FLOTATION WORKSHOP SUPPORT','CAD',5800.00,'11','2016-08-16','2016-08-30','0','No','Orden de Servicio',0.00,'1',0.00,'Directa','Extranjero','No','N',188,586,18,NULL,NULL,''),(590,296,'OS2016-074','ARRIENDO LOCAL PARA INDUCCIÓN PERSONAL LINEA BASE KP','CLP$',935000.00,'11','2016-09-13','2016-09-13','0','No','Orden de Servicio',0.00,'1',0.00,'Directa','Nacional','No','N',166,602,18,NULL,NULL,'revisar si se realizó'),(591,297,'OS2016-075','CAPEX AND OPEX UPDATE OF EL MORRO BC PROJECT','USD',16234.00,'11','2016-08-11','2016-08-26','0','No','Orden de Servicio',0.00,'1',0.00,'Directa','Extranjero','No','N',191,588,18,NULL,NULL,''),(592,298,'OS2016-076','SERVICIO INTERPRETACIÓN SIMULTÁNEA WORKSHOP EIA','CLP$',1360000.00,'11','2016-08-18','2016-08-19','0','No','Orden de Servicio',0.00,'1',0.00,'Directa','Nacional','No','N',166,589,18,NULL,NULL,''),(593,299,'OS2016-077','PERTINENCIA SONDAJES LA FORTUNA 2018','UF',142.74,'11','2016-07-15','2016-08-30','0','No','Orden de Servicio',0.00,'1',0.00,'Directa','Nacional','No','N',207,476,18,NULL,NULL,''),(594,300,'OS2016-078','ARRIENDO CAMIONETAS EL MORRO 2016','UF',995.40,'10','2016-08-16','2016-12-31','0','No','Orden de Servicio',0.00,'1',0.00,'Directa','Local','No','N',169,492,17,NULL,NULL,''),(595,301,'OS2016-079','MANTENCIÓN GENERADOR OLYMPIAN GEP65-11','CLP$',2555102.00,'11','2016-08-23','2016-08-31','0','No','Orden de Servicio',0.00,'1',0.00,'Directa','Local','No','N',169,597,18,NULL,NULL,''),(596,302,'OS2016-080','SERVICIO CORTE TESTIGO SONDAJES LOS QUIJOS','CLP$',1774780.00,'11','2016-08-25','2016-09-10','0','No','Orden de Servicio',0.00,'1',0.00,'Directa','Local','No','N',207,598,18,NULL,NULL,''),(597,47,'SC-278','ASESORIA ESPECIALIZADA PERMISOS CAMPAMENTO EL MORRO','CLP$',10530000.00,'10','2016-09-16','2017-02-15','','No','Contrato',0.00,'1',0.00,'Directa','Nacional','Si','N',207,601,17,NULL,NULL,''),(598,48,'SC-279','SERVICIO CAMPAMENTO EL PINGO','CLP$',34265000.00,'10','2016-09-16','2016-12-31','','No','Contrato',0.00,'1',0.00,'Directa','Local','Si','A',169,523,18,'2016-09-15','2016-09-01',''),(599,303,'OS2016-081','SERVICIOS DE INGENIERÍA PARA EL COSTEO DE SOLUCIONES DE TRANSMISIÓN PARA NUEVAUNIÓN','UF',515.00,'11','2016-09-16','2016-10-16','','No','Orden de Servicio',0.00,'1',0.00,'Directa','Nacional','No','N',189,603,18,NULL,NULL,''),(600,304,'OS2016-082','PREPARACIÓN PSU LICEO ALTO DEL CARMEN','CLP$',11574998.00,'10','2016-09-12','2016-11-12','','No','Orden de Servicio',0.00,'1',0.00,'Directa','Local','No','N',198,604,18,NULL,NULL,''),(601,NULL,'OS2016-083','SEMINARIO MIEMPREX','CLP$',8330000.00,'10','2016-11-11','2016-11-20','','','Orden de Servicio',0.00,'',0.00,'Directa','Nacional','Si','N',198,605,18,'2016-10-05','2016-10-01',''),(602,NULL,'OS2016-084','APOYO A DESARROLLO PLAN CONTRACTUAL','UF',648.00,'10','2016-10-19','2016-01-19','Michael Leyton','','Orden de Servicio',0.00,'',0.00,'Directa','Nacional','No','N',189,606,18,'2016-10-14','2016-10-14',''),(603,NULL,'SC-280','SERVICIO ALIMENTACION CAMPANA SONDAJE LA FORTUNA','CLP$',831325879.00,'10','2017-02-16','2017-07-31','','','Contrato',0.00,'1',0.00,'Licitación','Local','Si','Si',207,568,17,'2017-02-13','2016-10-15','VER TEMA SEGURO, CENTRO COSTO NUEVO 3351'),(604,NULL,'SC-281','SONDAJE LA FORTUNA','CLP$',2342728572.00,'10','2017-02-27','2017-06-30','','','Contrato',0.00,'1',0.00,'Licitación','Nacional','Si','Si',207,475,17,'2017-01-26','2016-10-15','ACTIVAR  SEGURO MORRO'),(605,NULL,'SC-282','DISEÑO GEOTECNICO DE OPEN PIT, VERTEDERO E HIDROGEOLOGICO','USD',913043.00,'10','2016-12-20','2017-09-30','','','Contrato',0.00,'1',0.00,'Directa','Nacional','Si','Si',191,638,17,'2017-01-16','2016-10-15',''),(606,NULL,'OS2016-085','DISEÑO DE BOTADEROS Y STOCKPILES PARA LA FORTUNA Y RELINCHO','USD',3250.00,'11','2016-10-16','2016-10-21','','','Orden de Servicio',0.00,'1',0.00,'Directa','Nacional','No','No',191,607,18,'2016-10-16','2016-10-16',''),(607,NULL,'OS2016-086','REEMPLAZO ASISTENTE GERENCIA LORENA RIVEROS','CLP$',1746000.00,'11','2016-09-14','2016-10-07','Julio Retamal','','Orden de Servicio',0.00,'1',0.00,'Directa','Nacional','No','No',161,507,18,'2016-10-07','2016-10-07',''),(608,NULL,'OS2016-087','TRADUCCIÓN SIMULTÁNEA TALLER ENABLON  OCTUBRE 2016','CLP$',1385320.00,'11','2016-10-25','2016-10-27','','','Orden de Servicio',0.00,'1',1385320.00,'Directa','Nacional','No','No',199,608,18,'2016-10-25','2016-10-20',''),(609,NULL,'OS2016-088','SERVICIO DE COMUNICACIÓN SATELITAL CAMP EL PINGO','USD',32812.00,'10','2016-11-01','2018-10-31','','','Orden de Servicio',0.00,'1',0.00,'Directa','Nacional','No','No',169,609,18,'2016-10-25','2016-10-20',''),(610,NULL,'OS2016-089','CONTROL DE PLAGA OFICINA, BODEGA Y CASAS DE HUÉSPEDES','CLP$',807326.00,'11','2016-08-01','2016-08-18','','','Orden de Servicio',0.00,'1',807326.00,'Directa','Nacional','Si','No',170,610,18,'2016-10-20','2016-10-15',''),(611,NULL,'SC-284','SERVICIO DE VIGILANCIA CAMPAÑA SONDAJE LA FORTUNA','CLP$',0.00,'4','2017-02-01','2017-09-01','','','Contrato',0.00,'1',0.00,'Directa','Local','Si','Si',207,451,17,NULL,'2016-10-15','Fechas Provisorias Corregir'),(612,NULL,'SC-285','SERVICIO DE REHABILITACIÓN CAMPAMENTO LA FORTUNA','CLP$',332631660.00,'10','2016-11-25','2017-01-15','','','Contrato',0.00,'1',0.00,'Directa','Nacional','Si','Si',207,642,17,'2017-01-12','2016-10-15','Fechas y Montos provisorios Revisar'),(613,NULL,'OS2016-091','CONSTRUCCIÓN CAFETERÍA OFICINA VALLENAR','CLP$',4820000.00,'10','2016-11-07','2016-12-07','','','Orden de Servicio',0.00,'1',0.00,'Cotizaciones','Local','Si','Si',170,612,18,'2016-11-08','2016-10-28',''),(614,NULL,'OS2016-093','ESTUDIO PARA DESARROLLO PRODUCTIVO PROV HUASCO','CLP$',45000000.00,'10','2016-11-27','2017-04-28','SERGIO MOLINA','','Orden de Servicio',0.00,'1',0.00,'Cotizaciones','Nacional','Si','No',198,613,18,NULL,'2016-11-14',''),(615,NULL,'OS2016-094','PRUEBAS DE COMPRESIÓN EN LABORATORIO','CAD',23688.00,'10','2016-11-21','2016-12-05','WALTER BERGHOLZ','','Orden de Servicio',0.00,'1',0.00,'Directa','Extranjero','No','N',189,614,18,NULL,'2016-11-29',''),(616,NULL,'SC-293','INSTALACIONES SANITARIAS CAMPAMENTO LA FORTUNA','CLP$',0.00,'3','2016-11-25','2017-01-15','','','Contrato',0.00,'1',0.00,'Licitación','Nacional','Si','Si',207,451,17,NULL,'2016-11-11','Fechas provisorias Corregir'),(617,NULL,'SC-294','HABILITACIÓN INSTALACIONES DE GAS CAMPAMENTO LA FORTUNA','CLP$',0.00,'3','2016-11-25','2017-01-15','','','Contrato',0.00,'1',0.00,'Licitación','Nacional','Si','Si',207,451,17,NULL,'2016-11-11','Fechas provisorias Corregir'),(618,NULL,'SC-297','HABILITACIÓN ESTACIÓN DE COMBUSTIBLES CAMPAMENTO LA FORTUNA','CLP$',0.00,'3','2016-11-25','2017-01-15','','','Contrato',0.00,'1',0.00,'Licitación','Nacional','Si','Si',207,451,17,NULL,'2016-11-11','Fechas provisorias Corregir'),(619,NULL,'OS2016-095','INSTALACIÓN STAND FOREDE 2016','CLP$',805000.00,'11','2016-11-23','2016-11-25','','','Orden de Servicio',0.00,'1',0.00,'Directa','Nacional','No','N',197,615,18,'2016-11-21','2016-11-15',''),(620,NULL,'OS2016-096','AUSPICIO FORADE 2016','CLP$',2500000.00,'11','2016-11-23','2016-11-28','','','Orden de Servicio',0.00,'1',0.00,'Directa','Local','No','N',195,616,18,'2016-11-21','2016-11-07','ver si es pago unico'),(621,NULL,'OS2016-092','COMPRA DE INSUMOS VETERINARIOS','CLP$',4201683.00,'11','2016-11-14','2016-11-21','','','Orden de Servicio',0.00,'1',0.00,'Directa','Local','No','N',198,617,18,'2016-11-21','2016-11-14',''),(622,NULL,'OS2016-097','EVALUACIONES PSICOLÓGICAS','UF',13.20,'10','2016-11-01','2016-12-31','','','Orden de Servicio',0.00,'1',0.00,'Directa','Nacional','No','N',167,619,18,'2016-11-22','2016-11-20',''),(623,NULL,'SC-295','ASESORIA EN FINANZAS PROYECTO NUEVAUNIÓN','CLP$',20070000.00,'10','2016-11-21','2017-02-21','','','Contrato',0.00,'1',0.00,'Directa','Nacional','No','N',189,620,18,'2016-11-17','2016-11-12',''),(624,NULL,'OS2016-098','PACKED BED COMPRESSION TEST','USD',66000.00,'10','2016-11-21','2017-12-05','','','Orden de Servicio',0.00,'1',0.00,'Directa','Extranjero','No','N',189,621,18,'2016-11-30','2016-11-21','ver fechas'),(625,NULL,'OS2016-101','SERVICIO DE AMBULANCIA','CLP$',1276750.00,'10','2016-12-03','2016-12-10','','','Orden de Servicio',0.00,'1',0.00,'Directa','Local','Si','Si',203,622,18,'2016-11-02','2016-11-02',''),(626,NULL,'SC-286A','NUEVAUNIÓN PFS AND EIA SUPPORT ON-SHORE SERVICES PROVIDER','CLP$',1982012196.00,'10','2016-10-17','2017-12-31','','','Contrato',0.00,'1',0.00,'Directa','Nacional','No','N',178,547,18,'2016-11-30','2016-10-01','FALTA FECHAS CTTOS, CENTRO COSTO y SEGURO (N)'),(627,NULL,'SC-287','WATER PIPILINES (ADM FLUOR)','CLP$',475225059.00,'10','2017-01-24','2017-07-31','','','Contrato',0.00,'1',0.00,'Licitación','Nacional','No','No',157,493,18,'2017-01-18','2016-12-28','FALTA CENTRO COSTO'),(628,NULL,'SC-288','DESALINATION PLANT','CLP$',0.00,'4','2017-01-03','2017-08-31','','','Contrato',0.00,'1',0.00,'Licitación','Nacional','No','No',157,451,18,NULL,NULL,'REVISAR FECHAS, VALOR  Y CENTRO COSTO (LICIT)'),(629,NULL,'SC-289','TAILING MANAGEMENT FACILITIES DESIGN (ADM FLUOR)','CLP$',0.00,'4','2017-01-03','2017-08-31','','','Contrato',0.00,'1',0.00,'Licitación','Nacional','No','No',157,451,18,NULL,NULL,'REVISAR FECHAS, VALOR  Y CENTRO COSTO (LICIT)'),(630,NULL,'SC-290','OFFSITE POWER SUPPLY & TRANSMISSION (ADM FLUOR)','CLP$',156223114.00,'10','2017-01-25','2017-07-31','FLUOR CHILE','','Contrato',0.00,'1',0.00,'Licitación','Nacional','No','No',157,639,18,'2017-01-25','2016-12-01','FALTA  CENTRO COSTO (LICIT)'),(631,NULL,'SC-291','OFFSITE ROADS (ADM FLUOR)','CLP$',308124520.00,'10','2017-01-31','2017-07-27','','','Contrato',0.00,'1',0.00,'Licitación','Nacional','No','No',157,643,18,'2017-02-02','2016-11-01','REVISAR FECHAS, VALOR  Y CENTRO COSTO (LICIT)  CTOS 685   51-11-3356'),(632,NULL,'SC-292','PERMANENT CAMPS, OXYGEN PLANT','CLP$',0.00,'4','2017-01-03','2017-08-31','','','Contrato',0.00,'1',0.00,'Licitación','Nacional','No','No',157,451,18,NULL,NULL,'REVISAR FECHAS, VALOR  Y CENTRO COSTO (LICIT)'),(633,NULL,'SC-296','AGUAS CHAÑAR SERVICIO HABILITACIÓN INST SANITARIAS','CLP$',0.00,'10','2016-01-03','2017-02-28','','','Contrato',0.00,'1',0.00,'Directa','Local','Si','Si',157,451,17,NULL,NULL,''),(634,NULL,'SC-286B','NUEVAUNIÓN PFS AND EIA SUPPORT OFF-SHORE SERVICES PROVIDER','CAD',9057472.00,'10','2016-10-17','2017-09-30','','','Contrato',0.00,'1',0.00,'Directa','Extranjero','No','No',178,576,18,'2016-12-15','2016-09-01','Revisar aprobación de contrato'),(635,NULL,'CV2016-002','CONVENIO EMPRENDE JOVEN','CLP$',25000000.00,'10','2016-09-30','2016-12-31','','','Convenio',0.00,'1',0.00,'Directa','Local','No','No',198,623,18,'2016-09-30','2016-08-09',''),(636,NULL,'CV2016-003','CONVENIO FUNDACIÓN CHILE','CLP$',64000000.00,'10','2016-06-30','2017-06-30','','','Convenio',0.00,'1',0.00,'Directa','Nacional','No','No',198,625,18,'2016-09-30','2016-09-30','preguntara si es local inv'),(637,NULL,'CV2016-004','CONVENIO MUNICIPALIDAD VALLENAR','CLP$',7000000.00,'10','2016-09-23','2016-12-31','','','Convenio',0.00,'1',0.00,'Directa','Local','No','No',198,626,18,'2016-09-23','2016-09-23',''),(638,NULL,'CV2016-005','CONVENIO MUNICIPALIDAD ALTO DEL CARMEN','CLP$',7000000.00,'10','2016-09-23','2016-12-31','','','Convenio',0.00,'1',0.00,'Directa','Local','No','No',198,627,18,'2016-09-23','2016-09-23',''),(639,NULL,'CV2016-006','CONVENIO MUNICIPALIDAD HUASCO PROMOCION SALUD','CLP$',7000000.00,'10','2016-09-23','2016-12-31','','','Convenio',0.00,'1',0.00,'Directa','Local','No','No',198,628,18,'2016-09-23','2016-09-23',''),(640,NULL,'CV2016-007','CONVENIO MUNICIPALIDAD ALTO DEL CARMEN - PRG NIVELACION ESTUDIOS','CLP$',10000000.00,'10','2016-09-30','2017-01-01','','','Convenio',0.00,'1',0.00,'Directa','Local','No','No',198,627,18,'2016-11-21','2016-11-10',''),(641,NULL,'CV2016-008','CONVENIO MUNICIPALIDAD VALLENAR - APOYO ACTIVIDAD PRODUCTIVA','CLP$',0.00,'10','2016-11-01','2017-03-31','','','',0.00,'1',0.00,'Directa','Nacional','No','No',198,626,18,'2016-10-16','2016-10-16','Se compromete la compra a Proveedor AGROMAIPO OCNª XXXX para Programa de Municipalidad'),(642,NULL,'CV2016-009','CONVENIO MUNICIPALIDAD ALTO DEL CARMEN- PRODESAL','CLP$',10000000.00,'10','2016-11-01','2017-03-31','','','Convenio',0.00,'1',0.00,'Directa','Local','No','No',198,627,18,'2016-11-21','2016-11-10',''),(643,NULL,'OS2016-105','ALMUERZO FIN DE AÑO 2016','CLP$',10000000.00,'11','2016-12-16','2016-12-16','','','Orden de Servicio',0.00,'1',0.00,'Directa','Nacional','No','No',161,629,18,'2016-12-12','2016-12-12',''),(644,NULL,'OS2016-102','SERVICIO INGENIERO EN COMPUTACION','UF',111.67,'10','2016-12-05','2016-12-05','','','Orden de Servicio',0.00,'1',0.00,'Directa','Nacional','No','No',164,630,18,'2016-12-12','2016-12-05',''),(645,NULL,'OS2016-103','PROYECTO FIESTA ARTE RIO','CLP$',35000000.00,'10','2016-11-15','2016-07-31','','','Orden de Servicio',0.00,'1',0.00,'Directa','Nacional','No','No',198,572,18,'2016-12-19','2016-12-10',''),(646,NULL,'OS2016-108','ASESORIA LEGAL EXTERNA DERECHOS HUMANOS','USD',6000.00,'10','2016-08-15','2016-12-31','','','Orden de Servicio',0.00,'1',0.00,'Directa','Nacional','No','No',185,631,18,'2016-12-21','2016-12-19',''),(647,NULL,'OS2016-106','SEMINARIO DE PLANIFICACIÓN URBANA SUSTENTABLE','CLP$',11633426.00,'11','2016-12-13','2016-12-13','','','Orden de Servicio',0.00,'1',0.00,'Directa','Nacional','No','No',198,632,18,'2016-12-21','2016-12-15',''),(648,NULL,'OS2016-109','ESTUDIO HIDROLOGICO PARA DISEÑO INFRAESTRUCTURA PROY NU','UF',2800.00,'10','2016-12-27','2017-02-15','','','Orden de Servicio',0.00,'1',0.00,'Directa','Nacional','No','No',189,633,18,'2016-12-23','2016-12-23',''),(649,NULL,'SC-300','AUTONOMIA ESTUDIO DE PREFACTIBILIDAD','USD',59967.50,'10','2017-01-17','2017-04-16','','','Contrato',0.00,'1',0.00,'Directa','Nacional','No','No',191,634,18,'2016-12-23','2016-12-10',''),(650,NULL,'SC-299','MAPEO SUPERFICIAL DISTRITO EL MORRO','CLP$',29908870.00,'10','2017-01-04','2017-03-15','','','Contrato',0.00,'1',0.00,'Directa','Nacional','Si','Si',181,635,18,'2017-01-10','2016-12-01',''),(651,NULL,'OS2017-002','SERVICIO DE ASESORIA METEOROLOGIA','CLP$',4400000.00,'10','2017-01-16','2017-06-30','','','Orden de Servicio',0.00,'1',0.00,'Directa','Nacional','No','No',207,636,17,'2017-01-12','2017-01-10',''),(652,NULL,'OS2017-003','ESTUDIO DE FLUJOS DE POTENCIA DE SOLUCIONES DE TRANSMISIÓN PARA NU','UF',244.25,'10','2017-01-17','2017-02-03','','','Orden de Servicio',0.00,'1',0.00,'Directa','Nacional','No','No',177,603,18,'2017-01-18','2017-01-17','CTTO URGENTE'),(653,NULL,'OS2017-001','SERVICIO DE ALOJAMIENTO Y ALIMENTACIÓN SECTOR CHANCHOQUIN','CLP$',12000000.00,'10','2016-12-01','2017-12-31','','','Orden de Servicio',0.00,'1',0.00,'Directa','Local','No','N',203,637,18,'2017-01-17','2017-01-13',''),(654,NULL,'OS2017-004','SERVICIO DE HABILITACIÓN INST SANITARIAS CAMP LA FORTUNA','CLP$',57038588.00,'10','2017-01-12','2017-02-15','','','Orden de Servicio',0.00,'1',0.00,'Directa','Local','Si','Si',169,585,18,'2017-01-18','2017-01-18',''),(655,NULL,'SC-304','APOYO A DESARROLLO PLAN CONTRACTUAL 2017','UF',4752.00,'10','2017-01-01','2017-12-31','','','Contrato',0.00,'1',0.00,'Directa','Nacional','No','No',207,606,18,'2017-01-11','2016-12-31','FALTA CENTRO COSTO (MIXTO)'),(656,NULL,'OS2016-107','ASESORIA COMUNICACIONAL ESTRATÉGICA','UF',1500.00,'10','2017-01-03','2017-12-31','','','Orden de Servicio',0.00,'1',0.00,'Directa','Nacional','No','No',197,640,18,'2017-01-25','2017-01-01',''),(657,NULL,'OS2017-005','RECOPILACIÓN EN TERRENO DATOS DUEÑOS PREDIOS FREIRINA-HUASCO','CLP$',6000000.00,'10','2017-01-30','2017-02-10','','','Orden de Servicio',0.00,'1',0.00,'Directa','Local','Si','Si',199,641,18,'2017-01-27','2017-01-25','ACTIVAR SEGURO, FIRMAR ANEXOS'),(658,NULL,'SC-307','SERVICIO CONTROL LABORAL, CONTROL ACCESO Y AUDITORIAS DE CIERRE','UF',1204.00,'10','2017-02-15','2018-02-14','','','Contrato',0.00,'1',0.00,'Cotizaciones','Local','No','No',207,644,18,'2017-02-03','2016-11-01','TRES CENTRO DE COSTOS? FEB 17'),(659,NULL,'OS2017-007','APOYO EN REVISIÓN DE BASE DATOS Y ORDENAMIENTO DOCUMENTOS RRHH','CLP$',2000016.00,'10','2017-02-13','2017-02-24','','','Orden de Servicio',0.00,'1',0.00,'Directa','Nacional','No','No',161,645,18,'2017-02-13','2017-02-01','MIXTA EN CTTOS'),(660,NULL,'SC-306','TECHNICAL SERVICES AGREEMENT FINANCIAL','USD',250000.00,'10','2017-01-01','2017-06-30','','','Contrato',0.00,'1',0.00,'Directa','Extranjero','No','No',207,646,18,'2017-02-15','2017-01-15','Dice Sondaje Centro Costo ? centro costo nuevo 3352 ?');
/*!40000 ALTER TABLE `personas_ctto` ENABLE KEYS */;
UNLOCK TABLES;

--
-- Table structure for table `personas_edp`
--

DROP TABLE IF EXISTS `personas_edp`;
/*!40101 SET @saved_cs_client     = @@character_set_client */;
/*!40101 SET character_set_client = utf8 */;
CREATE TABLE `personas_edp` (
  `id` int(11) NOT NULL AUTO_INCREMENT,
  `IdEDP` int(11) DEFAULT NULL,
  `NumEDP` varchar(10) NOT NULL,
  `ValEDP` decimal(21,2) NOT NULL,
  `PeriodEDP` date NOT NULL,
  `DevAntEDP` decimal(21,2) DEFAULT NULL,
  `RetEDP` decimal(21,2) DEFAULT NULL,
  `DevRet` decimal(21,2) DEFAULT NULL,
  `Estado` varchar(10) NOT NULL,
  `FactEDP` varchar(30) DEFAULT NULL,
  `IdCtto_id` int(11) NOT NULL,
  `AprobEDP` date,
  `PeriodEDPTer` date,
  `PresenEDP` date,
  `ObservEDP` varchar(100),
  `PersComAltoCarmen` decimal(21,2),
  `PersComFreirina` decimal(21,2),
  `PersComHuasco` decimal(21,2),
  `PersComVallenar` decimal(21,2),
  `PersHombres` decimal(21,2),
  `PersLocal` decimal(21,2),
  `PersMujeres` decimal(21,2),
  `PersNoLocal` decimal(21,2),
  `PersHHTotales` decimal(21,2),
  PRIMARY KEY (`id`),
  KEY `personas_edp_IdCtto_id_85238fff_fk_personas_ctto_id` (`IdCtto_id`),
  CONSTRAINT `personas_edp_IdCtto_id_85238fff_fk_personas_ctto_id` FOREIGN KEY (`IdCtto_id`) REFERENCES `personas_ctto` (`id`)
) ENGINE=InnoDB AUTO_INCREMENT=3163 DEFAULT CHARSET=latin1;
/*!40101 SET character_set_client = @saved_cs_client */;

--
-- Dumping data for table `personas_edp`
--

LOCK TABLES `personas_edp` WRITE;
/*!40000 ALTER TABLE `personas_edp` DISABLE KEYS */;
INSERT INTO `personas_edp` VALUES (2529,1,'EDP 01',3728596.00,'2014-07-01',1.00,0.00,0.00,'Pagado','0',449,NULL,NULL,NULL,NULL,NULL,NULL,NULL,NULL,NULL,NULL,NULL,NULL,NULL),(2530,2,'EDP 02',3728596.00,'2014-08-01',0.00,0.00,0.00,'Pagado','0',449,NULL,NULL,NULL,NULL,NULL,NULL,NULL,NULL,NULL,NULL,NULL,NULL,NULL),(2531,3,'EDP 03',3698212.00,'2014-09-01',0.00,0.00,0.00,'Pagado','0',449,NULL,NULL,NULL,NULL,NULL,NULL,NULL,NULL,NULL,NULL,NULL,NULL,NULL),(2532,4,'EDP 04',3579716.00,'2014-10-01',0.00,0.00,0.00,'Pagado','0',449,NULL,NULL,NULL,NULL,NULL,NULL,NULL,NULL,NULL,NULL,NULL,NULL,NULL),(2533,5,'EDP 05',3455140.00,'2014-11-01',0.00,0.00,0.00,'Pagado','0',449,NULL,NULL,NULL,NULL,NULL,NULL,NULL,NULL,NULL,NULL,NULL,NULL,NULL),(2534,6,'EDP 06',3455139.36,'2014-12-01',0.00,0.00,0.00,'Pagado','0',449,NULL,NULL,NULL,NULL,NULL,NULL,NULL,NULL,NULL,NULL,NULL,NULL,NULL),(2535,7,'EDP 07',3455139.36,'2015-01-01',0.00,0.00,0.00,'Pagado','0',449,NULL,NULL,NULL,NULL,NULL,NULL,NULL,NULL,NULL,NULL,NULL,NULL,NULL),(2536,8,'EDP 08',3455139.36,'2015-02-01',0.00,0.00,0.00,'Pagado','0',449,NULL,NULL,NULL,NULL,NULL,NULL,NULL,NULL,NULL,NULL,NULL,NULL,NULL),(2537,9,'EDP 09',3858353.00,'2015-03-01',0.00,0.00,0.00,'Pagado','0',449,NULL,NULL,NULL,NULL,NULL,NULL,NULL,NULL,NULL,NULL,NULL,NULL,NULL),(2538,10,'EDP 10',3455139.00,'2015-04-01',0.00,0.00,0.00,'Pagado','0',449,NULL,NULL,NULL,NULL,NULL,NULL,NULL,NULL,NULL,NULL,NULL,NULL,NULL),(2539,11,'EDP 11',3455139.00,'2015-05-01',0.00,0.00,0.00,'Pagado','0',449,NULL,NULL,NULL,NULL,NULL,NULL,NULL,NULL,NULL,NULL,NULL,NULL,NULL),(2540,12,'EDP 12',5149175.00,'2015-06-01',0.00,0.00,0.00,'Pagado','0',449,NULL,NULL,NULL,NULL,NULL,NULL,NULL,NULL,NULL,NULL,NULL,NULL,NULL),(2541,13,'EDP 13',2464710.96,'2015-07-01',0.00,0.00,0.00,'Pagado','0',449,NULL,NULL,NULL,NULL,NULL,NULL,NULL,NULL,NULL,NULL,NULL,NULL,NULL),(2542,14,'EDP 14',2464710.96,'2015-08-01',0.00,0.00,0.00,'Pagado','0',449,NULL,NULL,NULL,NULL,NULL,NULL,NULL,NULL,NULL,NULL,NULL,NULL,NULL),(2543,15,'EDP 15',6464711.00,'2015-09-01',0.00,0.00,0.00,'Pagado','563',449,NULL,NULL,NULL,NULL,NULL,NULL,NULL,NULL,NULL,NULL,NULL,NULL,NULL),(2544,16,'EDP 16',1796855.00,'2015-10-01',0.00,0.00,0.00,'Pagado','564',449,NULL,NULL,NULL,NULL,NULL,NULL,NULL,NULL,NULL,NULL,NULL,NULL,NULL),(2545,17,'EDP 17',1796855.00,'2015-11-01',0.00,0.00,0.00,'Pagado','582',449,NULL,NULL,NULL,NULL,NULL,NULL,NULL,NULL,NULL,NULL,NULL,NULL,NULL),(2546,18,'EDP 18',1796856.00,'2015-12-01',0.00,0.00,0.00,'Pagado','593',449,NULL,NULL,NULL,NULL,NULL,NULL,NULL,NULL,NULL,NULL,NULL,NULL,NULL),(2547,19,'EDP 19',1796856.00,'2016-01-01',0.00,0.00,0.00,'Pagado','601',449,NULL,NULL,NULL,NULL,NULL,NULL,NULL,NULL,NULL,NULL,NULL,NULL,NULL),(2548,20,'EDP 20',1951854.67,'2016-02-01',0.00,0.00,0.00,'Por pagar','610',449,NULL,NULL,NULL,NULL,NULL,NULL,NULL,NULL,NULL,NULL,NULL,NULL,NULL),(2549,21,'EDP 01',3365000.00,'2014-10-01',0.00,0.00,0.00,'Pagado','0',450,'2014-10-31','2014-10-31','2014-10-25',NULL,NULL,NULL,NULL,NULL,NULL,NULL,NULL,NULL,NULL),(2550,22,'EDP 02',32808900.00,'2014-11-01',0.00,0.00,0.00,'Pagado','0',450,'2014-11-30','2014-11-30','2014-11-25',NULL,NULL,NULL,NULL,NULL,NULL,NULL,NULL,NULL,NULL),(2551,23,'EDP 03',34751700.00,'2014-12-01',0.00,0.00,0.00,'Pagado','0',450,'2014-12-31','2014-12-31','2014-12-25',NULL,NULL,NULL,NULL,NULL,NULL,NULL,NULL,NULL,NULL),(2552,24,'EDP 04',22612500.00,'2015-01-01',0.00,4676905.00,0.00,'Pagado','0',450,'2015-01-31','2015-01-31','2015-01-25',NULL,NULL,NULL,NULL,NULL,NULL,NULL,NULL,NULL,NULL),(2553,25,'EDP 05',28692600.00,'2015-02-01',0.00,1434630.00,0.00,'Pagado','0',450,'2015-02-28','2015-02-28','2015-02-25',NULL,NULL,NULL,NULL,NULL,NULL,NULL,NULL,NULL,NULL),(2554,26,'EDP 06',25022500.00,'2015-03-01',0.00,1251125.00,0.00,'Pagado','0',450,'2015-03-31','2015-03-31','2015-03-25',NULL,NULL,NULL,NULL,NULL,NULL,NULL,NULL,NULL,NULL),(2555,27,'EDP 07',15107500.00,'2015-04-01',0.00,755375.00,0.00,'Pagado','0',450,'2015-04-30','2015-04-30','2015-04-25',NULL,NULL,NULL,NULL,NULL,NULL,NULL,NULL,NULL,NULL),(2556,28,'EDP 08',21227224.00,'2015-05-01',0.00,1061361.00,0.00,'Pagado','0',450,'2015-05-31','2015-05-31','2015-05-25',NULL,NULL,NULL,NULL,NULL,NULL,NULL,NULL,NULL,NULL),(2557,29,'EDP 09',14664567.00,'2015-06-01',0.00,733228.35,0.00,'Pagado','0',450,'2015-06-30','2015-06-30','2015-06-25',NULL,NULL,NULL,NULL,NULL,NULL,NULL,NULL,NULL,NULL),(2558,30,'EDP 10',12997540.00,'2015-07-01',0.00,649877.00,0.00,'Pagado','0',450,'2015-07-31','2015-07-31','2015-07-25',NULL,NULL,NULL,NULL,NULL,NULL,NULL,NULL,NULL,NULL),(2559,31,'EDP 11',12145336.00,'2015-08-01',0.00,607266.80,0.00,'Pagado','64288',450,'2015-08-31','2015-08-31','2015-08-25',NULL,NULL,NULL,NULL,NULL,NULL,NULL,NULL,NULL,NULL),(2560,32,'EDP 12',11495165.00,'2015-09-01',0.00,574758.25,0.00,'Pagado','70364',450,'2015-09-30','2015-09-30','2015-09-25',NULL,NULL,NULL,NULL,NULL,NULL,NULL,NULL,NULL,NULL),(2561,33,'EDP 13',11495165.00,'2015-10-01',0.00,574758.25,0.00,'Pagado','76115',450,'2015-10-31','2015-10-31','2015-10-25',NULL,NULL,NULL,NULL,NULL,NULL,NULL,NULL,NULL,NULL),(2562,34,'EDP 14',11495165.00,'2015-11-01',0.00,574758.25,0.00,'Pagado','84295',450,'2015-11-30','2015-11-30','2015-11-25',NULL,NULL,NULL,NULL,NULL,NULL,NULL,NULL,NULL,NULL),(2563,35,'EDP 15',0.00,'2015-12-01',0.00,0.00,12894043.00,'Pagado','88475',450,'2015-12-31','2015-12-31','2015-12-25','EDP Devolución Retenciones',NULL,NULL,NULL,NULL,NULL,NULL,NULL,NULL,NULL),(2564,36,'EDP 16',11495165.00,'2015-12-01',0.00,0.00,0.00,'Pagado','88476',450,'2015-12-31','2015-12-31','2015-12-25','',NULL,NULL,NULL,NULL,NULL,NULL,NULL,NULL,NULL),(2565,37,'EDP 17',13546465.00,'2016-01-01',0.00,0.00,0.00,'Pagado','108910',450,'2016-01-31','2016-01-31','2016-01-25','',NULL,NULL,NULL,NULL,NULL,NULL,NULL,NULL,NULL),(2566,38,'EDP 18',5673513.00,'2016-02-01',0.00,0.00,0.00,'Pagado','108911',450,'2016-02-29','2016-02-29','2016-02-25','',NULL,NULL,NULL,NULL,NULL,NULL,NULL,NULL,NULL),(2567,39,'EDP 19',3314791.00,'2016-03-01',0.00,0.00,0.00,'Pagado','108912',450,'2016-03-31','2016-03-31','2016-03-25','',NULL,NULL,NULL,NULL,NULL,NULL,NULL,NULL,NULL),(2568,40,'EDP 20',3314791.00,'2016-04-01',0.00,0.00,0.00,'Pagado','0',450,'2016-06-15','2016-04-30','2016-06-08','',NULL,NULL,NULL,NULL,NULL,NULL,NULL,NULL,NULL),(2569,41,'EDP 21',3314791.00,'2016-05-01',0.00,0.00,0.00,'Por pagar','0',450,'2016-07-13','2016-05-31','2016-07-11','',NULL,NULL,NULL,NULL,NULL,NULL,NULL,NULL,NULL),(2570,42,'EDP 01',693600.00,'2015-01-01',0.00,0.00,0.00,'Pagado','0',451,'2015-01-31','2015-01-31','2015-01-25','',NULL,NULL,NULL,NULL,NULL,NULL,NULL,NULL,NULL),(2571,43,'EDP 02',367200.00,'2015-02-01',0.00,0.00,0.00,'Pagado','0',451,'2015-02-28','2015-02-28','2015-02-25','',NULL,NULL,NULL,NULL,NULL,NULL,NULL,NULL,NULL),(2572,44,'EDP 03',581400.00,'2015-03-01',0.00,0.00,0.00,'Pagado','0',451,'2015-03-31','2015-03-31','2015-03-25','',NULL,NULL,NULL,NULL,NULL,NULL,NULL,NULL,NULL),(2573,45,'EDP 04',683400.00,'2015-04-01',0.00,0.00,0.00,'Pagado','0',451,'2015-04-30','2015-04-30','2015-04-25','',NULL,NULL,NULL,NULL,NULL,NULL,NULL,NULL,NULL),(2574,46,'EDP 05',326400.00,'2015-05-01',0.00,0.00,0.00,'Pagado','0',451,'2015-05-31','2015-05-31','2015-05-25','',NULL,NULL,NULL,NULL,NULL,NULL,NULL,NULL,NULL),(2575,47,'EDP 06',408000.00,'2015-06-01',0.00,0.00,0.00,'Pagado','0',451,'2015-06-30','2015-06-30','2015-06-25','',NULL,NULL,NULL,NULL,NULL,NULL,NULL,NULL,NULL),(2576,48,'EDP 07',132000.00,'2015-07-01',0.00,0.00,0.00,'Pagado','358',451,'2015-09-30','2015-09-30','2015-09-25','',NULL,NULL,NULL,NULL,NULL,NULL,NULL,NULL,NULL),(2577,49,'EDP 08',173400.00,'2015-10-01',0.00,0.00,0.00,'Pagado','375',451,'2015-12-31','2015-12-01','2015-12-25','',NULL,NULL,NULL,NULL,NULL,NULL,NULL,NULL,NULL),(2578,50,'EDP 09',204000.00,'2016-01-01',0.00,0.00,0.00,'Por pagar','0',451,'2016-04-30','2016-04-30','2016-04-25','',NULL,NULL,NULL,NULL,NULL,NULL,NULL,NULL,NULL),(2579,51,'EDP 10',102000.00,'2016-05-01',0.00,0.00,0.00,'Por pagar','0',451,'2016-06-30','2016-06-30','2016-06-25','',NULL,NULL,NULL,NULL,NULL,NULL,NULL,NULL,NULL),(2580,52,'EDP 01',32.00,'2015-01-01',0.00,0.00,0.00,'Pagado','0',452,'2015-01-31','2015-01-31','2015-01-25','',NULL,NULL,NULL,NULL,NULL,NULL,NULL,NULL,NULL),(2581,53,'EDP 02',32.00,'2015-02-01',0.00,0.00,0.00,'Pagado','0',452,'2015-02-28','2015-02-28','2015-02-25','',NULL,NULL,NULL,NULL,NULL,NULL,NULL,NULL,NULL),(2582,54,'EDP 03',32.00,'2015-03-01',0.00,0.00,0.00,'Pagado','0',452,'2015-03-31','2015-03-31','2015-03-25','',NULL,NULL,NULL,NULL,NULL,NULL,NULL,NULL,NULL),(2583,55,'EDP 04',32.00,'2015-04-01',0.00,0.00,0.00,'Pagado','0',452,'2015-04-30','2015-04-30','2015-04-25','',NULL,NULL,NULL,NULL,NULL,NULL,NULL,NULL,NULL),(2584,56,'EDP 05',32.00,'2015-05-01',0.00,0.00,0.00,'Pagado','0',452,'2015-05-31','2015-05-31','2015-05-25','',NULL,NULL,NULL,NULL,NULL,NULL,NULL,NULL,NULL),(2585,57,'EDP 06',32.00,'2015-06-01',0.00,0.00,0.00,'Pagado','0',452,'2015-06-30','2015-06-30','2015-06-25','',NULL,NULL,NULL,NULL,NULL,NULL,NULL,NULL,NULL),(2586,58,'EDP 07',32.00,'2015-07-01',0.00,0.00,0.00,'Pagado','0',452,'2015-07-31','2015-07-31','2015-07-25','',NULL,NULL,NULL,NULL,NULL,NULL,NULL,NULL,NULL),(2587,59,'EDP 08',32.00,'2015-08-01',0.00,0.00,0.00,'Pagado','462',452,'2015-08-31','2015-08-31','2015-08-25','',NULL,NULL,NULL,NULL,NULL,NULL,NULL,NULL,NULL),(2588,60,'EDP 09',32.00,'2015-09-01',0.00,0.00,0.00,'Pagado','478',452,'2015-09-30','2015-09-30','2015-09-25','',NULL,NULL,NULL,NULL,NULL,NULL,NULL,NULL,NULL),(2589,61,'EDP 10',32.00,'2015-10-01',0.00,0.00,0.00,'Pagado','494',452,'2015-10-31','2015-10-31','2015-10-25','',NULL,NULL,NULL,NULL,NULL,NULL,NULL,NULL,NULL),(2590,62,'EDP 11',32.00,'2015-11-01',0.00,0.00,0.00,'Pagado','531',452,'2015-11-30','2015-11-30','2015-11-25','',NULL,NULL,NULL,NULL,NULL,NULL,NULL,NULL,NULL),(2591,63,'EDP 12',32.00,'2015-12-01',0.00,0.00,0.00,'Pagado','583',452,'2015-12-31','2015-12-31','2015-12-25','',NULL,NULL,NULL,NULL,NULL,NULL,NULL,NULL,NULL),(2592,64,'EDP 13',64.00,'2016-01-01',0.00,0.00,0.00,'Pagado','646',452,'2016-02-29','2016-02-29','2016-02-25','',NULL,NULL,NULL,NULL,NULL,NULL,NULL,NULL,NULL),(2593,65,'EDP 14',32.00,'2016-03-01',0.00,0.00,0.00,'Pagado','660',452,'2016-03-31','2016-03-31','2016-03-25','',NULL,NULL,NULL,NULL,NULL,NULL,NULL,NULL,NULL),(2594,66,'EDP 15',32.00,'2016-04-01',0.00,0.00,0.00,'Pagado','0',452,'2016-04-30','2016-04-30','2016-04-25','',NULL,NULL,NULL,NULL,NULL,NULL,NULL,NULL,NULL),(2595,67,'EDP 16',32.00,'2016-05-01',0.00,0.00,0.00,'Pagado','0',452,'2016-06-14','2016-05-31','2016-06-08','',NULL,NULL,NULL,NULL,NULL,NULL,NULL,NULL,NULL),(2596,68,'EDP 17',32.00,'2016-06-01',0.00,0.00,0.00,'Pagado','0',452,'2016-07-13','2016-06-30','2016-07-11','',NULL,NULL,NULL,NULL,NULL,NULL,NULL,NULL,NULL),(2597,69,'EDP 18',32.00,'2016-07-01',0.00,0.00,0.00,'Pagado','0',452,'2016-08-10','2016-07-31','2016-08-03','',NULL,NULL,NULL,NULL,NULL,NULL,NULL,NULL,NULL),(2598,70,'EDP 19',32.00,'2016-08-01',0.00,0.00,0.00,'Por Pagar','0',452,'2016-09-15','2016-08-31','2016-09-12','',NULL,NULL,NULL,NULL,NULL,NULL,NULL,NULL,NULL),(2599,71,'EDP 01',159.63,'2015-01-01',0.00,7.98,0.00,'Pagado','0',453,'2015-01-31','2015-01-31','2015-01-25','',NULL,NULL,NULL,NULL,NULL,NULL,NULL,NULL,NULL),(2600,72,'EDP 02',274.48,'2015-02-01',0.00,13.72,0.00,'Pagado','0',453,'2015-02-28','2015-02-28','2015-02-25','',NULL,NULL,NULL,NULL,NULL,NULL,NULL,NULL,NULL),(2601,73,'EDP 03',158.89,'2015-03-01',0.00,7.94,0.00,'Pagado','0',453,'2015-03-31','2015-03-31','2015-03-25','',NULL,NULL,NULL,NULL,NULL,NULL,NULL,NULL,NULL),(2602,74,'EDP 04',162.93,'2015-04-01',0.00,8.15,0.00,'Pagado','0',453,'2015-04-30','2015-04-30','2015-04-25','',NULL,NULL,NULL,NULL,NULL,NULL,NULL,NULL,NULL),(2603,75,'EDP 05',150.73,'2015-05-01',0.00,7.54,0.00,'Pagado','0',453,'2015-05-31','2015-05-31','2015-05-25','',NULL,NULL,NULL,NULL,NULL,NULL,NULL,NULL,NULL),(2604,76,'EDP 06',158.09,'2015-06-01',0.00,7.90,0.00,'Pagado','0',453,'2015-06-30','2015-06-30','2015-06-25','',NULL,NULL,NULL,NULL,NULL,NULL,NULL,NULL,NULL),(2605,77,'EDP 07',162.49,'2015-07-01',0.00,8.12,0.00,'Pagado','0',453,'2015-07-31','2015-07-31','2015-07-25','',NULL,NULL,NULL,NULL,NULL,NULL,NULL,NULL,NULL),(2606,78,'EDP 08',163.92,'2015-08-01',0.00,8.20,0.00,'Pagado','954',453,'2015-08-31','2015-08-31','2015-08-25','',NULL,NULL,NULL,NULL,NULL,NULL,NULL,NULL,NULL),(2607,79,'EDP 09',159.67,'2015-09-01',0.00,7.98,0.00,'Pagado','1051',453,'2015-09-30','2015-09-30','2015-09-25','',NULL,NULL,NULL,NULL,NULL,NULL,NULL,NULL,NULL),(2608,80,'EDP 10',157.18,'2015-10-01',0.00,7.86,0.00,'Pagado','1135',453,'2015-10-31','2015-10-31','2015-10-25','',NULL,NULL,NULL,NULL,NULL,NULL,NULL,NULL,NULL),(2609,81,'EDP 11',155.14,'2015-11-01',0.00,7.76,0.00,'Pagado','1283',453,'2015-11-30','2015-11-30','2015-11-25','',NULL,NULL,NULL,NULL,NULL,NULL,NULL,NULL,NULL),(2610,82,'EDP 12',154.65,'2015-12-01',0.00,7.73,0.00,'Pagado','1315',453,'2015-12-31','2015-12-31','2015-12-25','',NULL,NULL,NULL,NULL,NULL,NULL,NULL,NULL,NULL),(2611,83,'EDP 13',158.48,'2016-01-01',0.00,7.92,0.00,'Pagado','1461',453,'2016-01-31','2016-01-31','2016-01-25','',NULL,NULL,NULL,NULL,NULL,NULL,NULL,NULL,NULL),(2612,84,'EDP 14',156.34,'2016-02-01',0.00,7.82,0.00,'Pagado','1508',453,'2016-02-29','2016-02-29','2016-02-25','',NULL,NULL,NULL,NULL,NULL,NULL,NULL,NULL,NULL),(2613,85,'EDP 15',156.26,'2016-03-01',0.00,7.81,0.00,'Por pagar','0',453,'2016-06-13','2016-03-31','2016-06-11','',NULL,NULL,NULL,NULL,NULL,NULL,NULL,NULL,NULL),(2614,86,'EDP 16',155.52,'2016-04-01',0.00,7.78,0.00,'Por pagar','0',453,'2016-08-03','2016-04-30','2016-07-28','',NULL,NULL,NULL,NULL,NULL,NULL,NULL,NULL,NULL),(2615,87,'EDP 17',156.28,'2016-05-01',0.00,7.81,0.00,'Por pagar','0',453,'2016-08-03','2016-05-31','2016-07-28','',NULL,NULL,NULL,NULL,NULL,NULL,NULL,NULL,NULL),(2616,88,'EDP 01',5909000.00,'2015-01-01',0.00,295450.00,0.00,'Pagado','0',454,'2015-01-31','2015-01-31','2015-01-25','',NULL,NULL,NULL,NULL,NULL,NULL,NULL,NULL,NULL),(2617,89,'EDP 02',5909000.00,'2015-02-01',0.00,295450.00,0.00,'Pagado','0',454,'2015-02-28','2015-02-28','2015-02-25','',NULL,NULL,NULL,NULL,NULL,NULL,NULL,NULL,NULL),(2618,90,'EDP 03',5909000.00,'2015-03-01',0.00,295450.00,0.00,'Pagado','0',454,'2015-03-31','2015-03-31','2015-03-25','',NULL,NULL,NULL,NULL,NULL,NULL,NULL,NULL,NULL),(2619,91,'EDP 04',5909000.00,'2015-04-01',0.00,295450.00,0.00,'Pagado','0',454,'2015-04-30','2015-04-30','2015-04-25','',NULL,NULL,NULL,NULL,NULL,NULL,NULL,NULL,NULL),(2620,92,'EDP 05',5909000.00,'2015-05-01',0.00,295450.00,0.00,'Pagado','0',454,'2015-05-31','2015-05-31','2015-05-25','',NULL,NULL,NULL,NULL,NULL,NULL,NULL,NULL,NULL),(2621,93,'EDP 06',5909000.00,'2015-06-01',0.00,295450.00,0.00,'Pagado','0',454,'2015-06-30','2015-06-30','2015-06-25','',NULL,NULL,NULL,NULL,NULL,NULL,NULL,NULL,NULL),(2622,94,'EDP 07',5909000.00,'2015-07-01',0.00,295450.00,0.00,'Pagado','0',454,'2015-07-31','2015-07-31','2015-07-25','',NULL,NULL,NULL,NULL,NULL,NULL,NULL,NULL,NULL),(2623,95,'EDP 08',5909000.00,'2015-08-01',0.00,295450.00,0.00,'Pagado','F/181',454,'2015-08-31','2015-08-31','2015-08-25','',NULL,NULL,NULL,NULL,NULL,NULL,NULL,NULL,NULL),(2624,96,'EDP 09',5909000.00,'2015-09-01',0.00,295450.00,0.00,'Pagado','F/182',454,'2015-09-30','2015-09-30','2015-09-25','',NULL,NULL,NULL,NULL,NULL,NULL,NULL,NULL,NULL),(2625,97,'EDP 10',5909000.00,'2015-10-01',0.00,295450.00,0.00,'Pagado','F/185',454,'2015-10-31','2015-10-31','2015-10-25','',NULL,NULL,NULL,NULL,NULL,NULL,NULL,NULL,NULL),(2626,98,'EDP 11',5909000.00,'2015-11-01',0.00,295450.00,0.00,'Pagado','F/186',454,'2015-11-30','2015-11-30','2015-11-25','',NULL,NULL,NULL,NULL,NULL,NULL,NULL,NULL,NULL),(2627,99,'EDP 12',5909000.00,'2015-12-01',0.00,295450.00,0.00,'Pagado','F/188',454,'2015-12-01','2015-12-31','2015-12-25','',NULL,NULL,NULL,NULL,NULL,NULL,NULL,NULL,NULL),(2628,100,'EDP 13',5318100.00,'2016-01-01',0.00,0.00,0.00,'Pagado','F/191',454,'2016-01-31','2016-01-31','2016-01-25','',NULL,NULL,NULL,NULL,NULL,NULL,NULL,NULL,NULL),(2629,101,'EDP 14',5318100.00,'2016-02-01',0.00,0.00,0.00,'Pagado','F/192',454,'2016-02-29','2016-02-29','2016-02-25','',NULL,NULL,NULL,NULL,NULL,NULL,NULL,NULL,NULL),(2630,102,'EDP 15',5318100.00,'2016-03-01',0.00,0.00,0.00,'Pagado','0',454,'2016-03-31','2016-03-31','2016-03-25','',NULL,NULL,NULL,NULL,NULL,NULL,NULL,NULL,NULL),(2631,103,'EDP 16',5318100.00,'2016-04-01',0.00,0.00,0.00,'Pagado','0',454,'2016-04-30','2016-04-30','2016-04-25','',NULL,NULL,NULL,NULL,NULL,NULL,NULL,NULL,NULL),(2632,104,'EDP 17',5318100.00,'2016-05-01',0.00,0.00,0.00,'Pagado','F/198',454,'2016-05-31','2016-05-31','2016-05-25','',NULL,NULL,NULL,NULL,NULL,NULL,NULL,NULL,NULL),(2633,105,'EDP 18',5318100.00,'2016-06-01',0.00,0.00,0.00,'por pagar','F/200',454,'2016-07-13','2016-06-30','2016-07-11','',NULL,NULL,NULL,NULL,NULL,NULL,NULL,NULL,NULL),(2634,106,'EDP 19',5318100.00,'2016-07-01',0.00,0.00,0.00,'por pagar','0',454,'2016-08-10','2016-07-31','2016-08-03','',NULL,NULL,NULL,NULL,NULL,NULL,NULL,NULL,NULL),(2635,107,'EDP 20',5318100.00,'2016-08-01',0.00,0.00,0.00,'por pagar','0',454,'2016-09-16','2016-08-31','2016-09-12','',NULL,NULL,NULL,NULL,NULL,NULL,NULL,NULL,NULL),(2636,108,'EDP 01',366866.00,'2015-04-01',0.00,18343.00,0.00,'Pagado','157374',455,'2015-04-30','2015-04-30','2015-04-25','',NULL,NULL,NULL,NULL,NULL,NULL,NULL,NULL,NULL),(2637,109,'EDP 02',1467464.00,'2015-05-01',0.00,73373.00,0.00,'Pagado','158881',455,'2015-05-31','2015-05-31','2015-05-25','',NULL,NULL,NULL,NULL,NULL,NULL,NULL,NULL,NULL),(2638,110,'EDP 03',366866.00,'2015-06-01',0.00,18343.30,0.00,'Pagado','163292',455,'2015-06-30','2015-06-30','2015-06-25','',NULL,NULL,NULL,NULL,NULL,NULL,NULL,NULL,NULL),(2639,111,'EDP 04',1100598.00,'2015-07-01',0.00,55029.90,0.00,'Pagado','166638',455,'2015-07-31','2015-07-31','2015-07-25','',NULL,NULL,NULL,NULL,NULL,NULL,NULL,NULL,NULL),(2640,112,'EDP 05',1100598.00,'2015-08-01',0.00,55029.90,0.00,'Pagado','164409',455,'2015-08-31','2015-08-31','2015-08-25','',NULL,NULL,NULL,NULL,NULL,NULL,NULL,NULL,NULL),(2641,113,'EDP 06',1467464.00,'2015-09-01',0.00,73373.20,0.00,'Pagado','168990',455,'2015-09-30','2015-09-30','2015-09-25','',NULL,NULL,NULL,NULL,NULL,NULL,NULL,NULL,NULL),(2642,114,'EDP 07',1467464.00,'2015-10-01',0.00,73373.20,0.00,'Pagado','171649',455,'2015-10-31','2015-10-31','2015-10-25','',NULL,NULL,NULL,NULL,NULL,NULL,NULL,NULL,NULL),(2643,115,'EDP 08',1467464.00,'2015-11-01',0.00,73373.20,0.00,'Pagado','174290',455,'2015-11-30','2015-11-30','2015-11-25','',NULL,NULL,NULL,NULL,NULL,NULL,NULL,NULL,NULL),(2644,116,'EDP 10',1650897.00,'2015-12-01',0.00,82544.85,0.00,'Pagado','0',455,'2016-01-31','2016-01-31','2016-01-25','',NULL,NULL,NULL,NULL,NULL,NULL,NULL,NULL,NULL),(2645,117,'EDP 11',1650897.00,'2016-02-01',0.00,82544.85,0.00,'Pagado','0',455,'2016-02-29','2016-02-29','2016-02-25','',NULL,NULL,NULL,NULL,NULL,NULL,NULL,NULL,NULL),(2646,118,'EDP 12',917165.00,'2016-03-01',0.00,45858.25,0.00,'Pagado','0',455,'2016-03-31','2016-03-31','2016-03-25','',NULL,NULL,NULL,NULL,NULL,NULL,NULL,NULL,NULL),(2647,119,'EDP 13',2384629.00,'2016-04-01',0.00,119231.45,0.00,'Por pagar','0',455,'2016-04-30','2016-04-30','2016-04-25','',NULL,NULL,NULL,NULL,NULL,NULL,NULL,NULL,NULL),(2648,120,'EDP 14',2829047.00,'2016-05-01',0.00,141452.35,0.00,'Por pagar','0',455,'2016-09-06','2016-05-31','2016-08-17','',NULL,NULL,NULL,NULL,NULL,NULL,NULL,NULL,NULL),(2649,121,'EDP 01',1950000.00,'2015-01-01',0.00,0.00,0.00,'Pagado','20',456,'2015-01-31','2015-01-31','2015-01-25','',NULL,NULL,NULL,NULL,NULL,NULL,NULL,NULL,NULL),(2650,122,'EDP 02',1950000.00,'2015-02-01',0.00,0.00,0.00,'Pagado','21',456,'2015-02-28','2015-02-28','2015-02-25','',NULL,NULL,NULL,NULL,NULL,NULL,NULL,NULL,NULL),(2651,123,'EDP 03',1950000.00,'2015-03-01',0.00,0.00,0.00,'Pagado','22',456,'2015-03-31','2015-03-31','2015-03-25','',NULL,NULL,NULL,NULL,NULL,NULL,NULL,NULL,NULL),(2652,124,'EDP 04',1950000.00,'2015-04-01',0.00,0.00,0.00,'Pagado','23',456,'2015-04-30','2015-04-30','2015-04-25','',NULL,NULL,NULL,NULL,NULL,NULL,NULL,NULL,NULL),(2653,125,'EDP 05',1950000.00,'2015-05-01',0.00,0.00,0.00,'Pagado','24',456,'2015-05-31','2015-05-31','2015-05-25','',NULL,NULL,NULL,NULL,NULL,NULL,NULL,NULL,NULL),(2654,126,'EDP 06',1950000.00,'2015-06-01',0.00,0.00,0.00,'Pagado','25',456,'2015-06-30','2015-06-30','2015-06-25','',NULL,NULL,NULL,NULL,NULL,NULL,NULL,NULL,NULL),(2655,127,'EDP 07',900000.00,'2015-07-01',0.00,0.00,0.00,'Pagado','26',456,'2015-07-31','2015-07-31','2015-07-25','',NULL,NULL,NULL,NULL,NULL,NULL,NULL,NULL,NULL),(2656,128,'EDP 08',900000.00,'2015-08-01',0.00,0.00,0.00,'Pagado','27',456,'2015-08-31','2015-08-31','2015-08-25','',NULL,NULL,NULL,NULL,NULL,NULL,NULL,NULL,NULL),(2657,129,'EDP 09',900000.00,'2015-09-01',0.00,0.00,0.00,'Pagado','28',456,'2015-09-30','2015-09-30','2015-09-25','',NULL,NULL,NULL,NULL,NULL,NULL,NULL,NULL,NULL),(2658,130,'EDP 10',900000.00,'2015-10-01',0.00,0.00,0.00,'Pagado','29',456,'2015-10-31','2015-10-31','2015-10-25','',NULL,NULL,NULL,NULL,NULL,NULL,NULL,NULL,NULL),(2659,131,'EDP 11',900000.00,'2015-11-01',0.00,0.00,0.00,'Pagado','30',456,'2015-11-30','2015-11-30','2015-11-25','',NULL,NULL,NULL,NULL,NULL,NULL,NULL,NULL,NULL),(2660,132,'EDP 12',900000.00,'2015-12-01',0.00,0.00,0.00,'Pagado','31',456,'2015-12-31','2015-12-31','2015-12-25','',NULL,NULL,NULL,NULL,NULL,NULL,NULL,NULL,NULL),(2661,133,'EDP 13',900000.00,'2016-01-01',0.00,0.00,0.00,'Pagado','32',456,'2016-01-31','2016-01-31','2016-01-25','',NULL,NULL,NULL,NULL,NULL,NULL,NULL,NULL,NULL),(2662,134,'EDP 14',900000.00,'2016-02-01',0.00,0.00,0.00,'Pagado','33',456,'2016-02-29','2016-02-29','2016-02-25','',NULL,NULL,NULL,NULL,NULL,NULL,NULL,NULL,NULL),(2663,135,'EDP 15',900000.00,'2016-03-01',0.00,0.00,0.00,'Pagado','34',456,'2016-03-31','2016-03-31','2016-03-25','',NULL,NULL,NULL,NULL,NULL,NULL,NULL,NULL,NULL),(2664,136,'EDP 16',900000.00,'2016-04-01',0.00,0.00,0.00,'Pagado','0',456,'2016-04-30','2016-04-30','2016-04-25','',NULL,NULL,NULL,NULL,NULL,NULL,NULL,NULL,NULL),(2665,137,'EDP 17',900000.00,'2016-05-01',0.00,0.00,0.00,'Por pagar','0',456,'2016-06-14','2016-05-31','2016-06-10','',NULL,NULL,NULL,NULL,NULL,NULL,NULL,NULL,NULL),(2666,138,'EDP 18',900000.00,'2016-06-01',0.00,0.00,0.00,'Por pagar','0',456,'2016-07-13','2016-06-30','2016-07-05','',NULL,NULL,NULL,NULL,NULL,NULL,NULL,NULL,NULL),(2667,139,'EDP 19',900000.00,'2016-07-01',0.00,0.00,0.00,'Por pagar','0',456,'2016-09-14','2016-07-31','2016-09-13','',NULL,NULL,NULL,NULL,NULL,NULL,NULL,NULL,NULL),(2668,140,'EDP 20',900000.00,'2016-08-01',0.00,0.00,0.00,'Por pagar','0',456,'2016-09-14','2016-08-31','2016-09-13','',NULL,NULL,NULL,NULL,NULL,NULL,NULL,NULL,NULL),(2669,141,'EDP 01',2500000.00,'2015-01-01',0.00,0.00,0.00,'Pagado','0',457,NULL,NULL,NULL,NULL,NULL,NULL,NULL,NULL,NULL,NULL,NULL,NULL,NULL),(2670,142,'EDP 02',2500000.00,'2015-02-01',0.00,0.00,0.00,'Pagado','0',457,NULL,NULL,NULL,NULL,NULL,NULL,NULL,NULL,NULL,NULL,NULL,NULL,NULL),(2671,143,'EDP 03',2713360.00,'2015-03-01',0.00,0.00,0.00,'Pagado','0',457,NULL,NULL,NULL,NULL,NULL,NULL,NULL,NULL,NULL,NULL,NULL,NULL,NULL),(2672,144,'EDP 04',2500000.00,'2015-04-01',0.00,0.00,0.00,'Pagado','0',457,NULL,NULL,NULL,NULL,NULL,NULL,NULL,NULL,NULL,NULL,NULL,NULL,NULL),(2673,145,'EDP 05',2705512.00,'2015-05-01',0.00,0.00,0.00,'Pagado','0',457,NULL,NULL,NULL,NULL,NULL,NULL,NULL,NULL,NULL,NULL,NULL,NULL,NULL),(2674,146,'EDP 06',2563200.00,'2015-06-01',0.00,0.00,0.00,'Pagado','0',457,NULL,NULL,NULL,NULL,NULL,NULL,NULL,NULL,NULL,NULL,NULL,NULL,NULL),(2675,147,'EDP 07',2766900.00,'2015-07-01',0.00,0.00,0.00,'Pagado','0',457,NULL,NULL,NULL,NULL,NULL,NULL,NULL,NULL,NULL,NULL,NULL,NULL,NULL),(2676,148,'EDP 08',2500000.00,'2015-08-01',0.00,0.00,0.00,'Pagado','0',457,NULL,NULL,NULL,NULL,NULL,NULL,NULL,NULL,NULL,NULL,NULL,NULL,NULL),(2677,149,'EDP 09',5927105.00,'2015-09-01',0.00,296355.00,0.00,'Pagado','0',457,NULL,NULL,NULL,NULL,NULL,NULL,NULL,NULL,NULL,NULL,NULL,NULL,NULL),(2678,150,'EDP 10',5927105.00,'2015-10-01',0.00,296355.25,0.00,'Pagado','0',457,NULL,NULL,NULL,NULL,NULL,NULL,NULL,NULL,NULL,NULL,NULL,NULL,NULL),(2679,151,'EDP 11',5524605.00,'2015-11-01',0.00,276230.25,0.00,'Pagado','0',457,NULL,NULL,NULL,NULL,NULL,NULL,NULL,NULL,NULL,NULL,NULL,NULL,NULL),(2680,152,'EDP 12',5299605.00,'2015-12-01',0.00,264980.25,0.00,'Pagado','0',457,NULL,NULL,NULL,NULL,NULL,NULL,NULL,NULL,NULL,NULL,NULL,NULL,NULL),(2681,153,'EDP 13',0.00,'2016-04-01',0.00,0.00,1133921.00,'Por pagar','0',457,NULL,NULL,NULL,NULL,NULL,NULL,NULL,NULL,NULL,NULL,NULL,NULL,NULL),(2682,154,'EDP 01',240.00,'2015-03-01',0.00,0.00,0.00,'Pagado','0',459,'2015-03-31','2015-03-31','2015-03-25','',NULL,NULL,NULL,NULL,NULL,NULL,NULL,NULL,NULL),(2683,155,'EDP 02',261.20,'2015-04-01',0.00,0.00,0.00,'Pagado','0',459,'2015-04-30','2015-04-30','2015-04-25','',NULL,NULL,NULL,NULL,NULL,NULL,NULL,NULL,NULL),(2684,156,'EDP 03',240.00,'2015-05-01',0.00,0.00,0.00,'Pagado','0',459,'2015-05-31','2015-05-31','2015-05-25','',NULL,NULL,NULL,NULL,NULL,NULL,NULL,NULL,NULL),(2685,157,'EDP 04',256.20,'2015-06-01',0.00,0.00,0.00,'Pagado','0',459,'2015-06-30','2015-06-30','2015-06-25','',NULL,NULL,NULL,NULL,NULL,NULL,NULL,NULL,NULL),(2686,158,'EDP 05',241.90,'2015-07-01',0.00,0.00,0.00,'Pagado','0',459,'2015-07-31','2015-07-15','2015-07-25','',NULL,NULL,NULL,NULL,NULL,NULL,NULL,NULL,NULL),(2687,159,'EDP 06',37.49,'2015-07-16',0.00,0.00,0.00,'Pagado','0',459,'2015-07-31','2015-07-31','2015-07-25','',NULL,NULL,NULL,NULL,NULL,NULL,NULL,NULL,NULL),(2688,160,'EDP 07',80.00,'2015-07-01',0.00,0.00,0.00,'Pagado','0',459,'2015-07-31','2015-07-31','2015-07-25','EDP Anticipo de GR',NULL,NULL,NULL,NULL,NULL,NULL,NULL,NULL,NULL),(2689,161,'EDP 08',240.00,'2015-08-01',0.00,0.00,0.00,'Pagado','0',459,'2015-08-31','2015-08-31','2015-08-25','',NULL,NULL,NULL,NULL,NULL,NULL,NULL,NULL,NULL),(2690,162,'EDP 09',240.00,'2015-09-01',0.00,0.00,0.00,'Pagado','99',459,'2015-09-30','2015-09-30','2015-09-25','',NULL,NULL,NULL,NULL,NULL,NULL,NULL,NULL,NULL),(2691,163,'EDP 10',286.00,'2015-10-01',45.95,0.00,0.00,'Pagado','102',459,'2015-10-31','2015-10-31','2015-10-25','',NULL,NULL,NULL,NULL,NULL,NULL,NULL,NULL,NULL),(2692,164,'EDP 11',240.00,'2015-11-01',34.05,0.00,0.00,'Pagado','104',459,'2015-11-30','2015-11-30','2015-11-25','',NULL,NULL,NULL,NULL,NULL,NULL,NULL,NULL,NULL),(2693,165,'EDP 12',240.00,'2015-12-01',0.00,0.00,0.00,'Pagado','115',459,'2015-12-31','2015-12-31','2015-12-25','',NULL,NULL,NULL,NULL,NULL,NULL,NULL,NULL,NULL),(2694,166,'EDP 13',960.00,'2016-01-01',0.00,0.00,0.00,'Pagado','123',459,'2016-04-30','2016-04-30','2016-04-25','EDP por periodo enero a abril 2016',NULL,NULL,NULL,NULL,NULL,NULL,NULL,NULL,NULL),(2695,167,'EDP 14',240.00,'2016-05-01',0.00,0.00,0.00,'Pagado','0',459,'2016-05-31','2016-05-31','2016-05-25','',NULL,NULL,NULL,NULL,NULL,NULL,NULL,NULL,NULL),(2696,168,'EDP 15',278.51,'2016-06-01',0.00,0.00,0.00,'por pagar','0',459,'2016-08-24','2016-06-30','2016-08-23','',NULL,NULL,NULL,NULL,NULL,NULL,NULL,NULL,NULL),(2697,169,'EDP 16',253.59,'2016-07-01',0.00,0.00,0.00,'por pagar','0',459,'2016-08-24','2016-07-31','2016-08-23','',NULL,NULL,NULL,NULL,NULL,NULL,NULL,NULL,NULL),(2698,170,'EDP 17',280.04,'2016-08-01',0.00,0.00,0.00,'por pagar','0',459,'2016-09-14','2016-08-31','2016-09-12','',NULL,NULL,NULL,NULL,NULL,NULL,NULL,NULL,NULL),(2699,171,'EDP 01',9049.54,'2016-04-25',0.00,452.48,0.00,'Por Pagar','F/959',460,'2016-08-22','2016-07-31','2016-08-17','',NULL,NULL,NULL,NULL,NULL,NULL,NULL,NULL,NULL),(2700,172,'EDP 01',5006326.00,'2015-07-01',0.00,250316.30,0.00,'Pagado','0',461,NULL,'2015-07-31',NULL,'',NULL,NULL,NULL,NULL,NULL,NULL,NULL,NULL,NULL),(2701,173,'EDP 02',5006326.00,'2015-08-01',0.00,250316.30,0.00,'Pagado','0',461,NULL,'2015-08-31',NULL,'',NULL,NULL,NULL,NULL,NULL,NULL,NULL,NULL,NULL),(2702,174,'EDP 03',5006326.00,'2015-09-01',0.00,250316.30,0.00,'Pagado','0',461,NULL,'2015-09-30',NULL,'',NULL,NULL,NULL,NULL,NULL,NULL,NULL,NULL,NULL),(2703,175,'EDP 04',5006326.00,'2015-10-01',0.00,250316.30,0.00,'Pagado','0',461,NULL,'2015-10-31',NULL,'',NULL,NULL,NULL,NULL,NULL,NULL,NULL,NULL,NULL),(2704,176,'EDP 05',5006326.00,'2015-11-01',0.00,250316.30,0.00,'Pagado','0',461,NULL,'2015-11-30',NULL,'',NULL,NULL,NULL,NULL,NULL,NULL,NULL,NULL,NULL),(2705,177,'EDP 06',5006326.00,'2015-12-01',0.00,250316.30,0.00,'Pagado','0',461,NULL,'2016-01-31',NULL,'En diciembre 2015 no se realiza servicio',NULL,NULL,NULL,NULL,NULL,NULL,NULL,NULL,NULL),(2706,178,'EDP 07',4396467.00,'2016-02-01',0.00,219823.35,0.00,'Pagado','0',461,NULL,'2016-02-29',NULL,'',NULL,NULL,NULL,NULL,NULL,NULL,NULL,NULL,NULL),(2707,179,'EDP 08',3755702.00,'2016-03-01',0.00,187785.10,0.00,'Pagado','125',461,NULL,'2016-03-31',NULL,'',NULL,NULL,NULL,NULL,NULL,NULL,NULL,NULL,NULL),(2708,180,'EDP 09',3755702.00,'2016-04-01',0.00,187785.10,0.00,'Por Pagar','128',461,'2016-07-22','2016-04-30','2016-07-15','',NULL,NULL,NULL,NULL,NULL,NULL,NULL,NULL,NULL),(2709,181,'EDP 10',1203615.00,'2016-05-01',0.00,60180.75,0.00,'Por Pagar','0',461,'2016-09-05','2016-05-31','2016-08-30','',NULL,NULL,NULL,NULL,NULL,NULL,NULL,NULL,NULL),(2710,182,'EDP 11',1203615.00,'2016-06-01',0.00,60180.75,0.00,'Por Pagar','0',461,'2016-09-05','2016-06-30','2016-08-30','',NULL,NULL,NULL,NULL,NULL,NULL,NULL,NULL,NULL),(2711,183,'EDP 01',250.50,'2015-09-01',0.00,0.00,0.00,'Pagado','0',462,NULL,NULL,NULL,NULL,NULL,NULL,NULL,NULL,NULL,NULL,NULL,NULL,NULL),(2712,184,'EDP 02',308.50,'2015-10-01',0.00,0.00,0.00,'Pagado','0',462,NULL,NULL,NULL,NULL,NULL,NULL,NULL,NULL,NULL,NULL,NULL,NULL,NULL),(2713,185,'EDP 03',391.00,'2015-11-01',0.00,0.00,0.00,'Pagado','0',462,NULL,NULL,NULL,NULL,NULL,NULL,NULL,NULL,NULL,NULL,NULL,NULL,NULL),(2714,186,'EDP 04',370.00,'2015-12-01',0.00,0.00,0.00,'Por pagar','0',462,NULL,NULL,NULL,NULL,NULL,NULL,NULL,NULL,NULL,NULL,NULL,NULL,NULL),(2715,187,'EDP 01',17.42,'2015-10-01',0.00,0.87,0.00,'Pagado','0',463,NULL,'2015-10-31',NULL,'',NULL,NULL,NULL,NULL,NULL,NULL,NULL,NULL,NULL),(2716,188,'EDP 02',13.09,'2015-11-01',0.00,0.65,0.00,'Pagado','0',463,NULL,'2015-11-30',NULL,'',NULL,NULL,NULL,NULL,NULL,NULL,NULL,NULL,NULL),(2717,189,'EDP 03',14.06,'2015-12-01',0.00,0.70,0.00,'Pagado','0',463,NULL,'2015-12-31',NULL,'',NULL,NULL,NULL,NULL,NULL,NULL,NULL,NULL,NULL),(2718,190,'EDP 04',12.50,'2016-01-01',0.00,0.62,0.00,'Pagado','0',463,NULL,'2016-01-31',NULL,'',NULL,NULL,NULL,NULL,NULL,NULL,NULL,NULL,NULL),(2719,191,'EDP 05',13.61,'2016-02-01',0.00,0.68,0.00,'Pagado','56',463,NULL,'2016-02-29',NULL,'',NULL,NULL,NULL,NULL,NULL,NULL,NULL,NULL,NULL),(2720,192,'EDP 06',23.55,'2016-03-01',0.00,1.18,0.00,'Pagado','82',463,NULL,'2016-03-31',NULL,'',NULL,NULL,NULL,NULL,NULL,NULL,NULL,NULL,NULL),(2721,193,'EDP 07',16.93,'2016-04-01',0.00,0.85,0.00,'Pagado','0',463,NULL,'2016-04-30',NULL,'',NULL,NULL,NULL,NULL,NULL,NULL,NULL,NULL,NULL),(2722,194,'EDP 08',13.18,'2016-05-01',0.00,0.66,0.00,'Pagado','0',463,'2016-06-09','2016-05-31','2016-06-08','',NULL,NULL,NULL,NULL,NULL,NULL,NULL,NULL,NULL),(2723,195,'EDP 09',12.50,'2016-06-01',0.00,0.62,0.00,'Por pagar','0',463,'2016-07-13','2016-06-30','2016-07-12','',NULL,NULL,NULL,NULL,NULL,NULL,NULL,NULL,NULL),(2724,196,'EDP 10',17.16,'2016-07-01',0.00,0.86,0.00,'Por pagar','F/201',463,'2016-08-24','2016-07-31','2016-08-23','',NULL,NULL,NULL,NULL,NULL,NULL,NULL,NULL,NULL),(2725,197,'EDP 11',12.50,'2016-08-01',0.00,0.62,0.00,'Pagado','F/228',463,'2016-09-12','2016-08-31','2016-09-06','',NULL,NULL,NULL,NULL,NULL,NULL,NULL,NULL,NULL),(2726,198,'EDP 01',11068300.00,'2015-12-01',0.00,553415.00,0.00,'Pagado','0',464,NULL,NULL,NULL,NULL,NULL,NULL,NULL,NULL,NULL,NULL,NULL,NULL,NULL),(2727,199,'EDP 02',16667666.00,'2016-01-01',0.00,833383.30,0.00,'Pagado','0',464,NULL,NULL,NULL,NULL,NULL,NULL,NULL,NULL,NULL,NULL,NULL,NULL,NULL),(2728,200,'EDP 03',0.00,'2016-04-01',0.00,0.00,1386798.00,'Por pagar','0',464,NULL,NULL,NULL,NULL,NULL,NULL,NULL,NULL,NULL,NULL,NULL,NULL,NULL),(2729,201,'EDP 04',0.00,'2016-11-01',0.00,0.00,0.00,'0','0',464,NULL,NULL,NULL,NULL,NULL,NULL,NULL,NULL,NULL,NULL,NULL,NULL,NULL),(2730,202,'EDP 01',509.13,'2015-12-01',0.00,50.91,0.00,'Pagado','0',465,NULL,NULL,NULL,NULL,NULL,NULL,NULL,NULL,NULL,NULL,NULL,NULL,NULL),(2731,203,'EDP 02',219.30,'2016-01-01',0.00,21.93,0.00,'Pagado','0',465,NULL,NULL,NULL,NULL,NULL,NULL,NULL,NULL,NULL,NULL,NULL,NULL,NULL),(2732,204,'EDP 03',269.60,'2016-02-01',0.00,13.48,0.00,'Pagado','0',465,NULL,NULL,NULL,NULL,NULL,NULL,NULL,NULL,NULL,NULL,NULL,NULL,NULL),(2733,205,'EDP 04',291.40,'2016-03-01',0.00,14.57,0.00,'Pagado','1174',465,NULL,NULL,NULL,NULL,NULL,NULL,NULL,NULL,NULL,NULL,NULL,NULL,NULL),(2734,206,'EDP 01',261.00,'2016-01-01',0.00,0.00,0.00,'Pagado','0',466,NULL,NULL,NULL,NULL,NULL,NULL,NULL,NULL,NULL,NULL,NULL,NULL,NULL),(2735,207,'EDP 03',0.00,'2016-03-01',0.00,0.00,0.00,'0','0',466,NULL,NULL,NULL,NULL,NULL,NULL,NULL,NULL,NULL,NULL,NULL,NULL,NULL),(2736,208,'EDP 01',860.73,'2016-01-01',0.00,43.04,0.00,'Pagado','0',467,NULL,NULL,NULL,NULL,NULL,NULL,NULL,NULL,NULL,NULL,NULL,NULL,NULL),(2737,209,'EDP 02',1327.69,'2016-02-01',0.00,66.38,0.00,'Pagado','Fact Ext 618',467,NULL,NULL,NULL,NULL,NULL,NULL,NULL,NULL,NULL,NULL,NULL,NULL,NULL),(2738,210,'EDP 03',2269.83,'2016-03-01',0.00,113.49,0.00,'Pagado','Fact Ext 631',467,NULL,NULL,NULL,NULL,NULL,NULL,NULL,NULL,NULL,NULL,NULL,NULL,NULL),(2739,211,'EDP 04',2681.93,'2016-04-01',0.00,134.10,0.00,'Pagado','Fact Ext 644',467,NULL,NULL,NULL,NULL,NULL,NULL,NULL,NULL,NULL,NULL,NULL,NULL,NULL),(2740,212,'EDP 05',1882.00,'2016-05-01',0.00,94.10,0.00,'Pagado','Fact Ext 662',467,NULL,NULL,NULL,NULL,NULL,NULL,NULL,NULL,NULL,NULL,NULL,NULL,NULL),(2741,213,'EDP 06',661.42,'2016-06-01',0.00,33.07,0.00,'Pagado','0',467,'2016-07-25','2016-06-30','2016-07-20','',NULL,NULL,NULL,NULL,NULL,NULL,NULL,NULL,NULL),(2742,214,'EDP 01',3629.00,'2016-01-01',0.00,0.00,0.00,'Pagado','Invoice #591',468,NULL,'2016-01-31',NULL,'',NULL,NULL,NULL,NULL,NULL,NULL,NULL,NULL,NULL),(2743,215,'EDP 02',3686.00,'2016-02-01',0.00,0.00,0.00,'Por pagar','Invoice #593',468,NULL,'2016-02-29',NULL,'',NULL,NULL,NULL,NULL,NULL,NULL,NULL,NULL,NULL),(2744,216,'EDP 05',37529.64,'2016-03-01',0.00,0.00,0.00,'Por pagar','0',468,'2016-08-02','2016-05-31','2016-07-20','EDP 04 y EDP 05 son nulos, sin costos',NULL,NULL,NULL,NULL,NULL,NULL,NULL,NULL,NULL),(2745,217,'EDP 06',8414.00,'2016-06-01',0.00,0.00,0.00,'Por pagar','0',468,'2016-08-02','2016-06-30','2016-07-20','',NULL,NULL,NULL,NULL,NULL,NULL,NULL,NULL,NULL),(2746,218,'EDP 01',1650000.00,'2016-01-01',0.00,82500.00,0.00,'Pagado','0',470,'2016-01-31','2016-01-31','2016-01-25','',NULL,NULL,NULL,NULL,NULL,NULL,NULL,NULL,NULL),(2747,219,'EDP 02',1650000.00,'2016-02-01',0.00,82500.00,0.00,'Pagado','0',470,'2016-02-29','2016-02-29','2016-02-25','',NULL,NULL,NULL,NULL,NULL,NULL,NULL,NULL,NULL),(2748,220,'EDP 03',1650000.00,'2016-03-01',0.00,82500.00,0.00,'Pagado','0',470,'2016-03-31','2016-03-31','2016-03-25','',NULL,NULL,NULL,NULL,NULL,NULL,NULL,NULL,NULL),(2749,221,'EDP 04',1650000.00,'2016-04-01',0.00,82500.00,0.00,'Pagado','0',470,'2016-04-30','2016-04-30','2016-04-25','',NULL,NULL,NULL,NULL,NULL,NULL,NULL,NULL,NULL),(2750,222,'EDP 05',1650000.00,'2016-05-01',0.00,82500.00,0.00,'Pagado','0',470,'2016-05-30','2016-05-31','2016-05-25','',NULL,NULL,NULL,NULL,NULL,NULL,NULL,NULL,NULL),(2751,223,'EDP 06',1650000.00,'2016-06-01',0.00,82500.00,0.00,'Pagado','0',470,'2016-06-30','2016-06-30','2016-06-25','',NULL,NULL,NULL,NULL,NULL,NULL,NULL,NULL,NULL),(2752,224,'EDP 07',1650000.00,'2016-07-01',0.00,82500.00,0.00,'Pagado','F/128',470,'2016-09-05','2016-07-31','2016-08-30','',NULL,NULL,NULL,NULL,NULL,NULL,NULL,NULL,NULL),(2753,225,'EDP 08',1650000.00,'2016-08-01',0.00,82500.00,0.00,'Pagado','F/129',470,'2016-09-05','2016-08-31','2016-08-30','',NULL,NULL,NULL,NULL,NULL,NULL,NULL,NULL,NULL),(2754,226,'EDP 01',7166000.00,'2016-01-01',0.00,358300.00,0.00,'Pagado','0',471,NULL,'2016-01-31',NULL,'',NULL,NULL,NULL,NULL,NULL,NULL,NULL,NULL,NULL),(2755,227,'EDP 02',7166000.00,'2016-02-01',0.00,358300.00,0.00,'Pagado','0',471,NULL,'2016-02-29',NULL,'',NULL,NULL,NULL,NULL,NULL,NULL,NULL,NULL,NULL),(2756,228,'EDP 03',7166000.00,'2016-03-01',0.00,358300.00,0.00,'Pagado','0',471,NULL,'2016-03-31',NULL,'',NULL,NULL,NULL,NULL,NULL,NULL,NULL,NULL,NULL),(2757,229,'EDP 04',7166000.00,'2016-04-01',0.00,358300.00,0.00,'Pagado','0',471,NULL,'2016-04-30',NULL,'',NULL,NULL,NULL,NULL,NULL,NULL,NULL,NULL,NULL),(2758,230,'EDP 05',7166000.00,'2016-05-01',0.00,358300.00,0.00,'por pagar','0',471,'2016-06-09','2016-05-31','2016-06-01','',NULL,NULL,NULL,NULL,NULL,NULL,NULL,NULL,NULL),(2759,231,'EDP 06',7166000.00,'2016-06-01',0.00,358300.00,0.00,'por pagar','F/45',471,'2016-07-12','2016-06-30','2016-07-12','',NULL,NULL,NULL,NULL,NULL,NULL,NULL,NULL,NULL),(2760,232,'EDP 07',7166000.00,'2016-07-01',0.00,358300.00,0.00,'por pagar','F/46',471,'2016-08-09','2016-07-31','2016-08-09','',NULL,NULL,NULL,NULL,NULL,NULL,NULL,NULL,NULL),(2761,233,'EDP 08',7166000.00,'2016-08-01',0.00,358300.00,0.00,'Pagado','F/48',471,'2016-09-15','2016-08-31','2016-09-13','',NULL,NULL,NULL,NULL,NULL,NULL,NULL,NULL,NULL),(2762,234,'EDP 01',62303164.00,'2016-03-07',0.00,0.00,0.00,'Por pagar','0',473,'2016-08-10','2016-07-31','2016-08-05','',NULL,NULL,NULL,NULL,NULL,NULL,NULL,NULL,NULL),(2763,235,'EDP 01',4750000.00,'2016-04-01',0.00,237500.00,0.00,'Por Pagar','0',474,NULL,'2016-04-30',NULL,'',NULL,NULL,NULL,NULL,NULL,NULL,NULL,NULL,NULL),(2764,236,'EDP 02',6200000.00,'2016-05-01',0.00,310000.00,0.00,'Por Pagar','0',474,'2016-07-05','2016-05-31','2016-06-24','',NULL,NULL,NULL,NULL,NULL,NULL,NULL,NULL,NULL),(2765,237,'EDP 03',6650000.00,'2016-06-01',0.00,332500.00,0.00,'Por Pagar','0',474,'2016-08-03','2016-06-30','2016-07-29','',NULL,NULL,NULL,NULL,NULL,NULL,NULL,NULL,NULL),(2766,238,'EDP 04',6200000.00,'2016-07-01',0.00,310000.00,0.00,'Por Pagar','0',474,'2016-09-05','2016-07-31','2016-08-30','',NULL,NULL,NULL,NULL,NULL,NULL,NULL,NULL,NULL),(2767,239,'EDP 01',59807.47,'2016-04-23',0.00,0.00,0.00,'0','51',475,'2016-08-03','2016-07-31','2016-07-25','',NULL,NULL,NULL,NULL,NULL,NULL,NULL,NULL,NULL),(2768,240,'EDP 01',4200000.00,'2016-04-01',0.00,210000.00,0.00,'pagado','630',477,NULL,'2016-04-30',NULL,'',NULL,NULL,NULL,NULL,NULL,NULL,NULL,NULL,NULL),(2769,241,'EDP 02',2100000.00,'2016-05-01',0.00,105000.00,0.00,'Por Pagar','0',477,'2016-06-09','2016-05-31','2016-06-06','',NULL,NULL,NULL,NULL,NULL,NULL,NULL,NULL,NULL),(2770,242,'EDP 03',2100000.00,'2016-06-01',0.00,105000.00,0.00,'Por Pagar','0',477,'2016-07-13','2016-06-30','2016-07-01','',NULL,NULL,NULL,NULL,NULL,NULL,NULL,NULL,NULL),(2771,243,'EDP 04',2100000.00,'2016-07-01',0.00,105000.00,0.00,'Por Pagar','0',477,'2016-08-03','2016-07-31','2016-08-01','',NULL,NULL,NULL,NULL,NULL,NULL,NULL,NULL,NULL),(2772,244,'EDP 05',2100000.00,'2016-08-01',0.00,105000.00,0.00,'Pagada','F/672',477,'2016-09-16','2016-08-31','2016-09-12','',NULL,NULL,NULL,NULL,NULL,NULL,NULL,NULL,NULL),(2773,245,'EDP 01',888889.00,'2016-05-01',0.00,0.00,0.00,'pagado','28',478,NULL,NULL,NULL,NULL,NULL,NULL,NULL,NULL,NULL,NULL,NULL,NULL,NULL),(2774,246,'EDP 02',916667.00,'2016-06-01',0.00,0.00,0.00,'por pagar','30',478,NULL,NULL,NULL,NULL,NULL,NULL,NULL,NULL,NULL,NULL,NULL,NULL,NULL),(2775,247,'EDP 03',1666667.00,'2016-07-01',0.00,0.00,0.00,'por pagar','0',478,NULL,NULL,NULL,NULL,NULL,NULL,NULL,NULL,NULL,NULL,NULL,NULL,NULL),(2776,248,'EDP 01',2360000.00,'2016-07-26',0.00,118000.00,0.00,'por pagar','0',480,'2016-09-05','2016-08-31','2016-08-30','',NULL,NULL,NULL,NULL,NULL,NULL,NULL,NULL,NULL),(2777,249,'EDP 01',216618.35,'2016-07-01',0.00,0.00,0.00,'Pagado','I/90800315',482,NULL,'2016-07-31',NULL,'',NULL,NULL,NULL,NULL,NULL,NULL,NULL,NULL,NULL),(2778,250,'EDP 01',79800.00,'2016-01-01',0.00,3990.00,0.00,'pagado','',483,NULL,'2016-07-31',NULL,'',NULL,NULL,NULL,NULL,NULL,NULL,NULL,NULL,NULL),(2779,251,'EDP 01',83300.00,'2016-07-01',0.00,4165.00,0.00,'0','0',484,NULL,NULL,NULL,NULL,NULL,NULL,NULL,NULL,NULL,NULL,NULL,NULL,NULL),(2780,252,'EDP 10',13690.00,'2015-10-01',0.00,0.00,0.00,'Pagado','0',495,NULL,NULL,NULL,NULL,NULL,NULL,NULL,NULL,NULL,NULL,NULL,NULL,NULL),(2781,253,'EDP 11',81.26,'2015-11-01',0.00,0.00,0.00,'Por Pagar','0',495,NULL,NULL,NULL,NULL,NULL,NULL,NULL,NULL,NULL,NULL,NULL,NULL,NULL),(2782,254,'EDP 12',63.30,'2015-12-01',0.00,0.00,0.00,'Por Pagar','0',495,NULL,NULL,NULL,NULL,NULL,NULL,NULL,NULL,NULL,NULL,NULL,NULL,NULL),(2783,255,'EDP 50',194940.00,'2011-07-22',0.00,0.00,0.00,'Pagado','0',496,NULL,'2015-10-31',NULL,'Revisar este EDP paro commitment',NULL,NULL,NULL,NULL,NULL,NULL,NULL,NULL,NULL),(2784,256,'EDP 51',3800.00,'2015-11-01',0.00,0.00,0.00,'Pagado','0',496,NULL,'2015-11-30',NULL,'',NULL,NULL,NULL,NULL,NULL,NULL,NULL,NULL,NULL),(2785,257,'EDP 52',3800.00,'2015-12-01',0.00,0.00,0.00,'Pagado','0',496,NULL,'2015-12-31',NULL,'',NULL,NULL,NULL,NULL,NULL,NULL,NULL,NULL,NULL),(2786,258,'EDP 53',3800.00,'2016-01-01',0.00,0.00,0.00,'Pagado','0',496,NULL,'2016-01-31',NULL,'',NULL,NULL,NULL,NULL,NULL,NULL,NULL,NULL,NULL),(2787,259,'EDP 54',3800.00,'2016-02-01',0.00,0.00,0.00,'Pagado','0',496,NULL,'2016-02-29',NULL,'',NULL,NULL,NULL,NULL,NULL,NULL,NULL,NULL,NULL),(2788,260,'EDP 55',3800.00,'2016-03-01',0.00,0.00,0.00,'Pagado','F/2486',496,NULL,'2016-03-31',NULL,'',NULL,NULL,NULL,NULL,NULL,NULL,NULL,NULL,NULL),(2789,261,'EDP 56',3800.00,'2016-04-01',0.00,0.00,0.00,'Pagado','F/2524',496,NULL,'2016-04-30',NULL,'',NULL,NULL,NULL,NULL,NULL,NULL,NULL,NULL,NULL),(2790,262,'EDP 57',3800.00,'2016-05-01',0.00,0.00,0.00,'Pagado','F/2546',496,NULL,'2016-05-31',NULL,'',NULL,NULL,NULL,NULL,NULL,NULL,NULL,NULL,NULL),(2791,263,'EDP 58',3800.00,'2016-06-01',0.00,0.00,0.00,'Pagado','F/26',496,'2016-07-04','2016-06-30','2016-07-01','',NULL,NULL,NULL,NULL,NULL,NULL,NULL,NULL,NULL),(2792,264,'EDP 59',3800.00,'2016-07-01',0.00,0.00,0.00,'Pagado','F/69',496,'2016-08-19','2016-07-31','2016-08-15','',NULL,NULL,NULL,NULL,NULL,NULL,NULL,NULL,NULL),(2793,265,'EDP 60',3800.00,'2016-08-01',0.00,0.00,0.00,'Pagado','F/70',496,'2016-09-01','2016-08-31','2016-08-31','',NULL,NULL,NULL,NULL,NULL,NULL,NULL,NULL,NULL),(2794,266,'EDP 40',358956673.00,'2015-09-01',0.00,0.00,0.00,'Pagado','0',497,NULL,NULL,NULL,NULL,NULL,NULL,NULL,NULL,NULL,NULL,NULL,NULL,NULL),(2795,267,'EDP 41',3297609.00,'2015-10-01',0.00,0.00,0.00,'Pagado','0',497,NULL,NULL,NULL,NULL,NULL,NULL,NULL,NULL,NULL,NULL,NULL,NULL,NULL),(2796,268,'EDP 42',3297609.00,'2015-11-01',0.00,0.00,0.00,'Pagado','0',497,NULL,NULL,NULL,NULL,NULL,NULL,NULL,NULL,NULL,NULL,NULL,NULL,NULL),(2797,269,'EDP 43',3297609.00,'2015-12-01',0.00,0.00,0.00,'Pagado','0',497,NULL,NULL,NULL,NULL,NULL,NULL,NULL,NULL,NULL,NULL,NULL,NULL,NULL),(2798,270,'EDP 44',3297609.00,'2016-01-01',0.00,0.00,0.00,'Pagado','0',497,NULL,NULL,NULL,NULL,NULL,NULL,NULL,NULL,NULL,NULL,NULL,NULL,NULL),(2799,271,'EDP 45',3297609.00,'2016-02-01',0.00,0.00,0.00,'por pagar','0',497,NULL,NULL,NULL,NULL,NULL,NULL,NULL,NULL,NULL,NULL,NULL,NULL,NULL),(2800,272,'EDP 01',177.55,'2013-10-11',0.00,0.00,0.00,'Pagado','0',498,NULL,NULL,NULL,NULL,NULL,NULL,NULL,NULL,NULL,NULL,NULL,NULL,NULL),(2801,273,'EDP 02',229.00,'2014-01-06',0.00,0.00,0.00,'Pagado','0',498,NULL,NULL,NULL,NULL,NULL,NULL,NULL,NULL,NULL,NULL,NULL,NULL,NULL),(2802,274,'EDP 03',243.00,'2014-02-01',0.00,0.00,0.00,'Pagado','0',498,NULL,NULL,NULL,NULL,NULL,NULL,NULL,NULL,NULL,NULL,NULL,NULL,NULL),(2803,275,'EDP 04',156.00,'2015-03-01',0.00,0.00,0.00,'Pagado','0',498,NULL,NULL,NULL,NULL,NULL,NULL,NULL,NULL,NULL,NULL,NULL,NULL,NULL),(2804,276,'EDP 05',41.70,'2015-04-01',0.00,0.00,0.00,'Pagado','0',498,NULL,NULL,NULL,NULL,NULL,NULL,NULL,NULL,NULL,NULL,NULL,NULL,NULL),(2805,277,'EDP 06',62.70,'2015-05-01',0.00,0.00,0.00,'Pagado','0',498,NULL,NULL,NULL,NULL,NULL,NULL,NULL,NULL,NULL,NULL,NULL,NULL,NULL),(2806,278,'EDP 07',193.40,'2016-08-01',0.00,0.00,0.00,'por pagar','0',498,NULL,NULL,NULL,NULL,NULL,NULL,NULL,NULL,NULL,NULL,NULL,NULL,NULL),(2807,279,'EDP 19',36632788.00,'2015-10-01',0.00,0.00,0.00,'Pagado','0',500,NULL,NULL,NULL,NULL,NULL,NULL,NULL,NULL,NULL,NULL,NULL,NULL,NULL),(2808,280,'EDP 20',1525852.00,'2015-11-01',0.00,0.00,0.00,'Pagado','0',500,NULL,NULL,NULL,NULL,NULL,NULL,NULL,NULL,NULL,NULL,NULL,NULL,NULL),(2809,281,'EDP 21',1170934.00,'2015-12-01',0.00,0.00,0.00,'Pagado','0',500,NULL,NULL,NULL,NULL,NULL,NULL,NULL,NULL,NULL,NULL,NULL,NULL,NULL),(2810,282,'EDP 22',1176699.00,'2016-01-01',0.00,0.00,0.00,'Por Pagar','0',500,NULL,NULL,NULL,NULL,NULL,NULL,NULL,NULL,NULL,NULL,NULL,NULL,NULL),(2811,283,'EDP 10',114710000.00,'2015-10-01',0.00,0.00,0.00,'Pagado','0',501,NULL,NULL,NULL,NULL,NULL,NULL,NULL,NULL,NULL,NULL,NULL,NULL,NULL),(2812,284,'EDP 11',4950000.00,'2015-11-01',0.00,0.00,0.00,'Por Pagar','0',501,NULL,NULL,NULL,NULL,NULL,NULL,NULL,NULL,NULL,NULL,NULL,NULL,NULL),(2813,285,'EDP 12',4450000.00,'2015-12-01',0.00,0.00,0.00,'Por Pagar','0',501,NULL,NULL,NULL,NULL,NULL,NULL,NULL,NULL,NULL,NULL,NULL,NULL,NULL),(2814,286,'EDP 01',1000000.00,'2015-12-01',0.00,0.00,0.00,'Pagado','0',504,NULL,NULL,NULL,NULL,NULL,NULL,NULL,NULL,NULL,NULL,NULL,NULL,NULL),(2815,287,'EDP 02',1000000.00,'2016-01-01',0.00,0.00,0.00,'Pagado','0',504,NULL,NULL,NULL,NULL,NULL,NULL,NULL,NULL,NULL,NULL,NULL,NULL,NULL),(2816,288,'EDP 03',1000000.00,'2016-02-01',0.00,0.00,0.00,'Pagado','0',504,NULL,NULL,NULL,NULL,NULL,NULL,NULL,NULL,NULL,NULL,NULL,NULL,NULL),(2817,289,'EDP 04',1000000.00,'2016-03-01',0.00,0.00,0.00,'Pagado','0',504,NULL,NULL,NULL,NULL,NULL,NULL,NULL,NULL,NULL,NULL,NULL,NULL,NULL),(2818,290,'EDP 45',25485000.00,'2015-10-01',0.00,0.00,0.00,'Pagado','0',505,NULL,NULL,NULL,NULL,NULL,NULL,NULL,NULL,NULL,NULL,NULL,NULL,NULL),(2819,291,'EDP 46',3300000.00,'2015-11-01',0.00,0.00,0.00,'Por Pagar','0',505,NULL,NULL,NULL,NULL,NULL,NULL,NULL,NULL,NULL,NULL,NULL,NULL,NULL),(2820,292,'EDP 47',1980000.00,'2015-12-01',0.00,0.00,0.00,'Por Pagar','0',505,NULL,NULL,NULL,NULL,NULL,NULL,NULL,NULL,NULL,NULL,NULL,NULL,NULL),(2821,293,'EDP 01',2762.70,'2010-01-01',0.00,0.00,0.00,'Pagado','0',508,NULL,'2015-11-30',NULL,'',NULL,NULL,NULL,NULL,NULL,NULL,NULL,NULL,NULL),(2822,294,'EDP 02',42.90,'2016-01-01',0.00,0.00,0.00,'Pagado','61797',508,NULL,'2016-01-31',NULL,'',NULL,NULL,NULL,NULL,NULL,NULL,NULL,NULL,NULL),(2823,295,'EDP 03',42.90,'2016-02-01',0.00,0.00,0.00,'Pagado','65872',508,NULL,'2016-02-29',NULL,'',NULL,NULL,NULL,NULL,NULL,NULL,NULL,NULL,NULL),(2824,296,'EDP 04',42.90,'2016-03-01',0.00,0.00,0.00,'Pagado','71072',508,NULL,'2016-03-31',NULL,'',NULL,NULL,NULL,NULL,NULL,NULL,NULL,NULL,NULL),(2825,297,'EDP 05',36.50,'2016-04-01',0.00,0.00,0.00,'Pagado','74142',508,NULL,'2016-04-30',NULL,'',NULL,NULL,NULL,NULL,NULL,NULL,NULL,NULL,NULL),(2826,298,'EDP 06',33.00,'2016-05-01',0.00,0.00,0.00,'Pagado','86455',508,'2016-07-12','2016-05-31','2016-07-05','',NULL,NULL,NULL,NULL,NULL,NULL,NULL,NULL,NULL),(2827,299,'EDP 07',36.50,'2016-06-01',0.00,0.00,0.00,'Pagado','86456',508,'2016-07-12','2016-06-30','2016-07-05','',NULL,NULL,NULL,NULL,NULL,NULL,NULL,NULL,NULL),(2828,300,'EDP 08',36.50,'2016-07-01',0.00,0.00,0.00,'Pagado','0',508,'2016-09-06','2016-07-31','2016-09-01','',NULL,NULL,NULL,NULL,NULL,NULL,NULL,NULL,NULL),(2829,301,'EDP 01',6350783.00,'2016-01-01',0.00,0.00,0.00,'Pagado','0',512,NULL,'2016-01-31',NULL,'',NULL,NULL,NULL,NULL,NULL,NULL,NULL,NULL,NULL),(2830,302,'EDP 02',6350783.00,'2016-02-01',0.00,0.00,0.00,'Pagado','0',512,NULL,'2016-02-29',NULL,'',NULL,NULL,NULL,NULL,NULL,NULL,NULL,NULL,NULL),(2831,303,'EDP 03',6350783.00,'2016-03-01',0.00,0.00,0.00,'Pagado','F/141',512,NULL,'2016-03-31',NULL,'',NULL,NULL,NULL,NULL,NULL,NULL,NULL,NULL,NULL),(2832,304,'EDP 04',6350783.00,'2016-04-01',0.00,0.00,0.00,'Pagado','F/145',512,NULL,'2016-04-30',NULL,'',NULL,NULL,NULL,NULL,NULL,NULL,NULL,NULL,NULL),(2833,305,'EDP 05',6350783.00,'2016-05-01',0.00,0.00,0.00,'Pagado','0',512,'2016-06-10','2016-05-31','2016-06-05','',NULL,NULL,NULL,NULL,NULL,NULL,NULL,NULL,NULL),(2834,306,'EDP 06',6350783.00,'2016-06-01',0.00,0.00,0.00,'Pagado','0',512,'2016-07-20','2016-06-30','2016-07-18','',NULL,NULL,NULL,NULL,NULL,NULL,NULL,NULL,NULL),(2835,307,'EDP 07',6102263.00,'2016-07-01',0.00,0.00,0.00,'Pagado','F/164',512,'2016-09-09','2016-07-31','2016-08-31','',NULL,NULL,NULL,NULL,NULL,NULL,NULL,NULL,NULL),(2836,308,'EDP 08',6350783.00,'2016-08-01',0.00,0.00,0.00,'Pagado','0',512,'2016-09-15','2016-08-31','2016-09-07','',NULL,NULL,NULL,NULL,NULL,NULL,NULL,NULL,NULL),(2837,309,'EDP 01',5660.55,'2015-12-01',0.00,0.00,0.00,'Pagado','0',514,NULL,'2016-08-31',NULL,'',NULL,NULL,NULL,NULL,NULL,NULL,NULL,NULL,NULL),(2838,310,'EDP 01',103000.00,'2016-03-01',0.00,0.00,0.00,'Pagado','0',516,NULL,NULL,NULL,NULL,NULL,NULL,NULL,NULL,NULL,NULL,NULL,NULL,NULL),(2839,311,'EDP 02',3812.91,'2016-07-01',0.00,0.00,0.00,'Pagado','0',516,NULL,NULL,NULL,NULL,NULL,NULL,NULL,NULL,NULL,NULL,NULL,NULL,NULL),(2840,312,'EDP 01',58650.00,'2016-02-01',0.00,0.00,0.00,'Pagado','0',517,NULL,NULL,NULL,NULL,NULL,NULL,NULL,NULL,NULL,NULL,NULL,NULL,NULL),(2841,313,'EDP 02',11616.00,'2016-04-01',0.00,0.00,0.00,'Pagado','3708',517,NULL,NULL,NULL,NULL,NULL,NULL,NULL,NULL,NULL,NULL,NULL,NULL,NULL),(2842,314,'EDP 01',22.00,'2016-01-01',0.00,0.00,0.00,'Pagado','0',518,NULL,'2016-01-31',NULL,'',NULL,NULL,NULL,NULL,NULL,NULL,NULL,NULL,NULL),(2843,315,'EDP 01',5160000.00,'2016-01-01',0.00,0.00,0.00,'Pagado','0',519,NULL,'2016-01-31',NULL,'',NULL,NULL,NULL,NULL,NULL,NULL,NULL,NULL,NULL),(2844,316,'EDP 02',3170000.00,'2016-02-01',0.00,0.00,0.00,'Pagado','0',519,NULL,'2016-02-29',NULL,'',NULL,NULL,NULL,NULL,NULL,NULL,NULL,NULL,NULL),(2845,317,'EDP 03',4360000.00,'2016-03-01',0.00,0.00,0.00,'Pagado','0',519,NULL,'2016-03-31',NULL,'',NULL,NULL,NULL,NULL,NULL,NULL,NULL,NULL,NULL),(2846,318,'EDP 04',7419600.00,'2016-04-01',0.00,0.00,0.00,'Pagado','0',519,NULL,'2016-04-30',NULL,'',NULL,NULL,NULL,NULL,NULL,NULL,NULL,NULL,NULL),(2847,319,'EDP 05',4210000.00,'2016-05-01',0.00,0.00,0.00,'Pagado','0',519,'2016-08-03','2016-05-31','2016-07-29','',NULL,NULL,NULL,NULL,NULL,NULL,NULL,NULL,NULL),(2848,320,'EDP 06',3424400.00,'2016-06-01',0.00,0.00,0.00,'Por p','0',519,'2016-08-03','2016-06-30','2016-07-29','',NULL,NULL,NULL,NULL,NULL,NULL,NULL,NULL,NULL),(2849,321,'EDP 01',54.18,'2016-01-01',0.00,0.00,0.00,'Pagado','5976 y NTC 359',520,NULL,'2016-01-31',NULL,'',NULL,NULL,NULL,NULL,NULL,NULL,NULL,NULL,NULL),(2850,322,'EDP 02',54.18,'2016-02-01',0.00,0.00,0.00,'Pagado','5978',520,NULL,'2016-02-29',NULL,'',NULL,NULL,NULL,NULL,NULL,NULL,NULL,NULL,NULL),(2851,323,'EDP 03',54.18,'2016-03-01',0.00,0.00,0.00,'Pagado','5979',520,NULL,'2016-03-31',NULL,'',NULL,NULL,NULL,NULL,NULL,NULL,NULL,NULL,NULL),(2852,324,'EDP 04',54.18,'2016-04-01',0.00,0.00,0.00,'Pagado','6740',520,NULL,'2016-04-30',NULL,'',NULL,NULL,NULL,NULL,NULL,NULL,NULL,NULL,NULL),(2853,325,'EDP 05',54.18,'2016-05-01',0.00,0.00,0.00,'Pagado','0',520,'2016-06-14','2016-05-31','2016-06-10','',NULL,NULL,NULL,NULL,NULL,NULL,NULL,NULL,NULL),(2854,326,'EDP 06',54.18,'2016-06-01',0.00,0.00,0.00,'Pagado','0',520,'2016-09-06','2016-06-30','2016-09-02','',NULL,NULL,NULL,NULL,NULL,NULL,NULL,NULL,NULL),(2855,327,'EDP 07',54.18,'2016-07-01',0.00,0.00,0.00,'Pagado','0',520,'2016-09-06','2016-07-31','2016-09-02','',NULL,NULL,NULL,NULL,NULL,NULL,NULL,NULL,NULL),(2856,328,'EDP 08',54.18,'2016-08-01',0.00,0.00,0.00,'Pagado','0',520,'2016-09-06','2016-08-31','2016-09-02','',NULL,NULL,NULL,NULL,NULL,NULL,NULL,NULL,NULL),(2857,329,'EDP 01',700000.00,'2016-02-01',0.00,0.00,0.00,'Por Pagar','0',521,NULL,NULL,NULL,NULL,NULL,NULL,NULL,NULL,NULL,NULL,NULL,NULL,NULL),(2858,330,'EDP 01',878151.00,'2016-02-01',0.00,0.00,0.00,'Por Pagar','0',522,NULL,NULL,NULL,NULL,NULL,NULL,NULL,NULL,NULL,NULL,NULL,NULL,NULL),(2859,331,'EDP 01',2016807.00,'2016-02-01',0.00,0.00,0.00,'Por Pagar','0',523,NULL,NULL,NULL,NULL,NULL,NULL,NULL,NULL,NULL,NULL,NULL,NULL,NULL),(2860,332,'EDP 01',855002.00,'2016-02-01',0.00,0.00,0.00,'Por Pagar','0',524,NULL,NULL,NULL,NULL,NULL,NULL,NULL,NULL,NULL,NULL,NULL,NULL,NULL),(2861,333,'EDP 01',10200.00,'2016-02-23',0.00,0.00,0.00,'Pagado','F_1193',525,NULL,'2016-03-30',NULL,'',NULL,NULL,NULL,NULL,NULL,NULL,NULL,NULL,NULL),(2862,334,'EDP 01',45150.00,'2016-02-16',0.00,0.00,0.00,'Pagado','PJ 2010028',526,NULL,'2016-03-31',NULL,'',NULL,NULL,NULL,NULL,NULL,NULL,NULL,NULL,NULL),(2863,335,'EDP 02',45150.00,'2016-04-01',0.00,0.00,0.00,'Pagado','PJ 2017005',526,NULL,'2016-05-31',NULL,'',NULL,NULL,NULL,NULL,NULL,NULL,NULL,NULL,NULL),(2864,336,'EDP 01',3572820.00,'2016-02-01',0.00,0.00,0.00,'Por Pagar','0',527,NULL,NULL,NULL,NULL,NULL,NULL,NULL,NULL,NULL,NULL,NULL,NULL,NULL),(2865,337,'EDP 01',2500.00,'2016-03-01',0.00,0.00,0.00,'Pagado','0',528,NULL,NULL,NULL,NULL,NULL,NULL,NULL,NULL,NULL,NULL,NULL,NULL,NULL),(2866,338,'EDP 02',7500.00,'2016-04-01',0.00,0.00,0.00,'Pagado','0',528,NULL,NULL,NULL,NULL,NULL,NULL,NULL,NULL,NULL,NULL,NULL,NULL,NULL),(2867,339,'EDP 01',168480.00,'2016-03-01',0.00,0.00,0.00,'Por Pagar','0',529,NULL,NULL,NULL,NULL,NULL,NULL,NULL,NULL,NULL,NULL,NULL,NULL,NULL),(2868,340,'EDP 01',537480.00,'2016-05-01',0.00,0.00,0.00,'Pagado','0',535,NULL,'2016-05-31',NULL,'',NULL,NULL,NULL,NULL,NULL,NULL,NULL,NULL,NULL),(2869,341,'EDP 02',390075.00,'2016-06-01',0.00,0.00,0.00,'Pagado','16',535,'2016-07-13','2016-06-30','2016-07-13','',NULL,NULL,NULL,NULL,NULL,NULL,NULL,NULL,NULL),(2870,342,'EDP 03',385079.00,'2016-07-01',0.00,0.00,0.00,'Pagado','0',535,'2016-08-12','2016-07-31','2016-08-09','',NULL,NULL,NULL,NULL,NULL,NULL,NULL,NULL,NULL),(2871,343,'EDP 04',347506.00,'2016-08-01',0.00,0.00,0.00,'Pagado','0',535,'2016-09-15','2016-08-31','2016-09-15','',NULL,NULL,NULL,NULL,NULL,NULL,NULL,NULL,NULL),(2872,344,'EDP 01',2290000.00,'2016-05-01',0.00,0.00,0.00,'Pagado','F/718',537,NULL,NULL,NULL,NULL,NULL,NULL,NULL,NULL,NULL,NULL,NULL,NULL,NULL),(2873,345,'EDP 01',1410000.00,'2016-06-14',0.00,0.00,0.00,'Pagado','F/11',554,'2016-07-26','2016-06-30','2016-07-20','',NULL,NULL,NULL,NULL,NULL,NULL,NULL,NULL,NULL),(2874,346,'EDP 02',2585000.00,'2016-07-01',0.00,0.00,0.00,'Pagado','F/12',554,'2016-08-03','2016-07-31','2016-07-31','',NULL,NULL,NULL,NULL,NULL,NULL,NULL,NULL,NULL),(2875,347,'EDP 03',4700000.00,'2016-08-01',0.00,0.00,0.00,'Pagado','F/13',554,'2016-08-23','2016-08-31','2016-08-16','',NULL,NULL,NULL,NULL,NULL,NULL,NULL,NULL,NULL),(2876,348,'EDP 01',22215.00,'2016-06-10',0.00,0.00,0.00,'Pagado','F/11',555,'2016-08-10','2016-07-31','2016-08-05','',NULL,NULL,NULL,NULL,NULL,NULL,NULL,NULL,NULL),(2877,349,'EDP 01',2400000.00,'2016-06-01',0.00,0.00,0.00,'pagado','0',556,NULL,NULL,NULL,NULL,NULL,NULL,NULL,NULL,NULL,NULL,NULL,NULL,NULL),(2878,350,'EDP 02',5600000.00,'2016-07-01',0.00,0.00,0.00,'Por Pagar','0',556,NULL,NULL,NULL,NULL,NULL,NULL,NULL,NULL,NULL,NULL,NULL,NULL,NULL),(2879,351,'EDP 01',13486.00,'2016-08-01',0.00,0.00,0.00,'Por Pagar','0',582,'2016-08-09','2016-08-01','2016-08-05','',NULL,NULL,NULL,NULL,NULL,NULL,NULL,NULL,NULL),(2880,352,'EDP 02',22860.00,'2016-08-01',0.00,0.00,0.00,'Por Pagar','0',582,'2016-08-18','2016-08-31','2016-08-12','',NULL,NULL,NULL,NULL,NULL,NULL,NULL,NULL,NULL),(2881,NULL,'EDP 01',239162074.00,'2016-07-25',NULL,11958104.00,NULL,'Pagado','',472,'2016-09-16','2016-08-25','2016-09-15','',NULL,NULL,NULL,NULL,NULL,NULL,NULL,NULL,NULL),(2882,NULL,'EDP 01',1832.00,'2016-08-08',NULL,NULL,NULL,'Pagado','F/82',493,'2016-09-16','2016-09-16','2016-09-12','EDP 01 Anticipo',NULL,NULL,NULL,NULL,2.00,NULL,1.00,3.00,756.00),(2883,NULL,'EDP 01',1821300.00,'2016-07-20',NULL,NULL,NULL,'Pagado','F/1247',577,'2016-09-15','2016-07-31','2016-09-14','',NULL,NULL,NULL,NULL,NULL,NULL,NULL,NULL,NULL),(2884,NULL,'EDP 02',6336604.00,'2016-08-01',NULL,NULL,NULL,'Pagado','F/1248',577,'2016-09-15','2016-08-31','2016-09-14','',NULL,NULL,NULL,NULL,NULL,NULL,NULL,NULL,NULL),(2885,NULL,'EDP 01',375.90,'2016-08-01',NULL,NULL,NULL,'Pagado','F/13599',569,'2016-08-09','2016-08-31','2016-08-01','F/13599',NULL,NULL,NULL,NULL,NULL,NULL,NULL,NULL,NULL),(2886,NULL,'EDP 02',375.90,'2016-08-01',NULL,NULL,NULL,'Pagado','F/14259',569,'2016-09-16','2016-08-14','2016-09-12','',NULL,NULL,NULL,NULL,NULL,NULL,NULL,NULL,NULL),(2887,NULL,'EDP 03',501.20,'2016-09-15',NULL,NULL,NULL,'Pagado','F/14500',569,'2016-09-21','2016-09-01','2016-09-20','',NULL,NULL,NULL,NULL,NULL,NULL,NULL,NULL,NULL),(2888,NULL,'EDP 01',266667.00,'2016-07-01',NULL,NULL,NULL,'Pagado','',566,NULL,'2016-07-31',NULL,'',NULL,NULL,NULL,NULL,NULL,NULL,NULL,NULL,NULL),(2889,NULL,'EDP 02',266667.00,'2016-08-01',NULL,NULL,NULL,'Pagado','',566,NULL,'2016-08-31',NULL,'',NULL,NULL,NULL,NULL,NULL,NULL,NULL,NULL,NULL),(2890,NULL,'EDP 01',433333.00,'2016-07-04',NULL,NULL,NULL,'Pagado','',565,'2016-09-21','2016-07-31','2016-09-09','',NULL,NULL,NULL,NULL,NULL,NULL,NULL,NULL,NULL),(2891,NULL,'EDP 01',72.00,'2016-06-10',NULL,NULL,NULL,'Pagado','',553,'2016-08-09','2016-07-31','2016-08-04','',NULL,NULL,NULL,NULL,NULL,NULL,NULL,NULL,NULL),(2892,NULL,'EDP 02',125.00,'2016-08-01',NULL,NULL,NULL,'Pagado','F/40',553,'2016-09-16','2016-08-31','2016-09-12','',NULL,NULL,NULL,NULL,NULL,NULL,NULL,NULL,NULL),(2893,NULL,'EDP 01',1671875.00,'2016-06-06',NULL,NULL,NULL,'Pagado','F/841',540,'2016-09-21','2016-07-31','2016-09-13','',NULL,NULL,NULL,NULL,NULL,NULL,NULL,NULL,NULL),(2894,NULL,'EDP 02',305634.02,'2016-08-01',NULL,NULL,NULL,'Pagado','I/90806306',482,NULL,'2016-08-28',NULL,'',NULL,NULL,NULL,NULL,NULL,NULL,NULL,NULL,NULL),(2895,NULL,'EDP 01',27.50,'2016-06-10',NULL,NULL,NULL,'Por Pagar','',551,'2016-08-29','2016-06-30','2016-08-29','',NULL,NULL,NULL,NULL,NULL,NULL,NULL,NULL,NULL),(2896,NULL,'EDP 02',27.50,'2016-07-01',NULL,NULL,NULL,'Por Pagar','',551,'2016-08-29','2016-07-31','2016-08-29','',NULL,NULL,NULL,NULL,NULL,NULL,NULL,NULL,NULL),(2897,NULL,'EDP 03',27.50,'2016-08-01',NULL,NULL,NULL,'Pagado','F/107',551,'2016-08-29','2016-08-31','2016-08-29','',NULL,NULL,NULL,NULL,NULL,NULL,NULL,NULL,NULL),(2898,NULL,'EDP 09',1650000.00,'2016-09-01',NULL,82500.00,NULL,'Pagado','F/133',470,'2016-09-28','2016-09-30','2016-09-27','',NULL,NULL,NULL,NULL,NULL,NULL,NULL,NULL,NULL),(2899,NULL,'EDP 01',1545.30,'2016-06-20',NULL,NULL,NULL,'Pagado','F/32229',479,'2016-09-29','2016-07-31','2016-09-13','',NULL,NULL,NULL,NULL,NULL,NULL,NULL,NULL,NULL),(2900,NULL,'EDP 01',6949670.00,'2016-07-18',NULL,NULL,NULL,'Pagado','F/1340',574,'2016-09-21','2016-07-31','2016-09-20','',NULL,NULL,NULL,NULL,NULL,NULL,NULL,NULL,NULL),(2901,NULL,'EDP 05',6200000.00,'2016-07-01',NULL,310000.00,NULL,'Por Pagar','',474,'2016-09-29','2016-07-31','2016-09-21','',NULL,NULL,NULL,NULL,NULL,NULL,NULL,NULL,NULL),(2902,NULL,'EDP 01',482.85,'2016-05-05',NULL,NULL,NULL,'Pagado','F/968',476,'2016-09-21','2016-07-31','2016-09-05','',NULL,NULL,NULL,NULL,NULL,NULL,NULL,NULL,NULL),(2903,NULL,'EDP 01',142.20,'2016-06-01',NULL,NULL,NULL,'Por Pagar','',594,'2016-08-31','2016-06-30','2016-09-08','',NULL,NULL,NULL,NULL,NULL,NULL,NULL,NULL,NULL),(2904,NULL,'EDP 02',142.20,'2016-07-01',NULL,NULL,NULL,'Por Pagar','',594,'2016-08-31','2016-07-31','2016-09-08','',NULL,NULL,NULL,NULL,NULL,NULL,NULL,NULL,NULL),(2905,NULL,'EDP 03',142.20,'2016-08-01',NULL,NULL,NULL,'Por Pagar','',594,'2016-09-26','2016-08-31','2016-09-08','',NULL,NULL,NULL,NULL,NULL,NULL,NULL,NULL,NULL),(2906,NULL,'EDP 04',4700000.00,'2016-09-01',NULL,NULL,NULL,'Pagado','F/15',554,'2016-10-03','2016-09-30','2016-09-28','',NULL,NULL,NULL,NULL,NULL,NULL,NULL,NULL,NULL),(2907,NULL,'EDP 07',0.00,'2016-07-01',NULL,NULL,484.18,'Pagado','F/708',467,'2016-09-22','2016-07-31','2016-09-12','EDP Devolución retenciones',NULL,NULL,NULL,NULL,NULL,NULL,NULL,NULL,NULL),(2908,NULL,'EDP 12',12.25,'2016-09-01',NULL,0.62,NULL,'Pagado','F/251',463,'2016-10-03','2016-09-30','2016-10-03','',NULL,NULL,NULL,NULL,NULL,NULL,NULL,NULL,NULL),(2909,NULL,'EDP 01',168.50,'2016-07-16',NULL,NULL,NULL,'Por Pagar','',557,'2016-09-27','2016-07-31','2016-09-19','',NULL,NULL,NULL,NULL,NULL,NULL,NULL,NULL,NULL),(2910,NULL,'EDP 02',337.00,'2016-08-01',NULL,NULL,NULL,'Por Pagar','',557,'2016-09-27','2016-08-31','2016-09-19','',NULL,NULL,NULL,NULL,NULL,NULL,NULL,NULL,NULL),(2911,NULL,'EDP 01',673200.00,'2016-09-01',NULL,NULL,NULL,'Por pagar','',492,'2016-10-05','2016-09-30','2016-10-04','Por pagar',NULL,NULL,NULL,NULL,NULL,NULL,NULL,NULL,NULL),(2912,NULL,'EDP 02',11400.00,'2016-08-01',NULL,NULL,NULL,'Por Pagar','',483,NULL,'2016-08-31',NULL,'',NULL,NULL,NULL,NULL,NULL,NULL,NULL,NULL,NULL),(2913,NULL,'EDP 03',11400.00,'2016-09-01',NULL,NULL,NULL,'Por Pagar','',483,NULL,'2016-09-30',NULL,'',NULL,NULL,NULL,NULL,NULL,NULL,NULL,NULL,NULL),(2914,NULL,'EDP 02',11900.00,'2016-08-01',NULL,NULL,NULL,'Pagado','',484,NULL,'2016-08-31',NULL,'',NULL,NULL,NULL,NULL,NULL,NULL,NULL,NULL,NULL),(2915,NULL,'EDP 03',11900.00,'2016-09-01',NULL,NULL,NULL,'Pagado','',484,NULL,'2016-09-30',NULL,'',NULL,NULL,NULL,NULL,NULL,NULL,NULL,NULL,NULL),(2916,NULL,'EDP 02',2445545.00,'2016-08-01',NULL,NULL,NULL,'10','',574,'2016-10-03','2016-08-31','2016-10-03','Rev Fechas de EDP',NULL,NULL,NULL,NULL,NULL,NULL,NULL,NULL,NULL),(2917,NULL,'EDP 21',5318100.00,'2016-09-01',NULL,NULL,NULL,'Pagado','F/207',454,'2016-10-03','2016-09-30','2016-10-03','',NULL,NULL,NULL,NULL,NULL,NULL,NULL,NULL,NULL),(2918,NULL,'EDP 01',142.74,'2016-07-15',NULL,NULL,NULL,'por pagar','',593,'2016-09-28','2016-08-30','2016-09-20','',NULL,NULL,NULL,NULL,NULL,NULL,NULL,NULL,NULL),(2919,NULL,'EDP 01',6010.26,'2016-08-16',NULL,NULL,NULL,'por pagar','',589,'2016-10-05','2016-08-30','2016-10-05','',NULL,NULL,NULL,NULL,NULL,NULL,NULL,NULL,NULL),(2920,NULL,'EDP 01',5959154.00,'2016-07-07',NULL,NULL,NULL,'por pagar','',563,'2016-10-12','2016-07-16','2016-10-12','',NULL,NULL,NULL,NULL,NULL,NULL,NULL,NULL,NULL),(2921,NULL,'EDP 02',917450.00,'2016-07-16',NULL,NULL,NULL,'por pagar','',563,'2016-10-12','2016-07-16','2016-10-12','',NULL,NULL,NULL,NULL,NULL,NULL,NULL,NULL,NULL),(2922,NULL,'EDP 02',13267548.00,'2016-08-01',NULL,NULL,NULL,'por pagar','',473,'2016-10-04','2016-08-31','2016-09-30','',NULL,NULL,NULL,NULL,NULL,NULL,NULL,NULL,NULL),(2923,NULL,'EDP 03',12569256.00,'2016-09-01',NULL,NULL,NULL,'por pagar','',473,'2016-10-04','2016-09-30','2016-09-30','',NULL,NULL,NULL,NULL,NULL,NULL,NULL,NULL,NULL),(2924,NULL,'EDP 09',36.50,'2016-08-01',NULL,NULL,NULL,'por pagar','',508,'2016-10-03','2016-08-31','2016-10-03','',NULL,NULL,NULL,NULL,NULL,NULL,NULL,NULL,NULL),(2925,NULL,'EDP 10',30.70,'2016-09-01',NULL,NULL,NULL,'por pagar','',508,'2016-10-03','2016-09-30','2016-10-03','',NULL,NULL,NULL,NULL,NULL,NULL,NULL,NULL,NULL),(2926,NULL,'EDP 02',712.72,'2016-08-01',NULL,35.64,NULL,'por pagar','',460,'2016-10-14','2016-08-31','2016-08-27','',NULL,NULL,NULL,NULL,NULL,NULL,NULL,NULL,NULL),(2927,NULL,'EDP 07',5630000.00,'2016-07-01',NULL,NULL,NULL,'Por pagar','',519,'2016-10-27','2016-07-31','2016-10-20','',NULL,NULL,NULL,NULL,NULL,NULL,NULL,NULL,NULL),(2928,NULL,'EDP 08',2973333.00,'2016-08-01',NULL,NULL,NULL,'Por pagar','',519,'2016-10-27','2016-08-31','2016-10-20','',NULL,NULL,NULL,NULL,NULL,NULL,NULL,NULL,NULL),(2929,NULL,'EDP 01',4895000.00,'2016-09-15',NULL,NULL,NULL,'Por pagar','',598,'2016-10-28','2016-09-30','2016-10-11','',NULL,NULL,NULL,NULL,NULL,NULL,NULL,NULL,NULL),(2930,NULL,'EDP 02',85661421.00,'2016-08-26',NULL,4283071.00,NULL,'Por pagar','',472,'2016-10-27','2016-09-08','2016-10-27','',NULL,NULL,NULL,NULL,NULL,NULL,NULL,NULL,NULL),(2931,NULL,'EDP 02',410938.00,'2016-08-01',NULL,NULL,NULL,'Por pagar','',540,'2016-10-21','2016-08-31','2016-10-12','',NULL,NULL,NULL,NULL,NULL,NULL,NULL,NULL,NULL),(2932,NULL,'EDP 22',3314791.00,'2016-06-01',NULL,NULL,NULL,'Por pagar','',450,'2016-10-20','2016-06-30','2016-10-19','',NULL,NULL,NULL,NULL,NULL,NULL,NULL,NULL,NULL),(2933,NULL,'EDP 23',3314791.00,'2016-07-01',NULL,NULL,NULL,'Por pagar','',450,'2016-10-20','2016-07-31','2016-10-19','',NULL,NULL,NULL,NULL,NULL,NULL,NULL,NULL,NULL),(2934,NULL,'EDP 24',3314791.00,'2016-08-01',NULL,NULL,NULL,'Por pagar','',450,'2016-10-20','2016-08-31','2016-10-19','',NULL,NULL,NULL,NULL,NULL,NULL,NULL,NULL,NULL),(2935,NULL,'EDP 02',2854.40,'2016-08-01',NULL,NULL,NULL,'Por pagar','',479,'2016-10-17','2016-08-31','2016-09-21','',NULL,NULL,NULL,NULL,NULL,NULL,NULL,NULL,NULL),(2936,NULL,'EDP 02',21450.00,'2016-08-01',NULL,NULL,NULL,'Pagado','F/17',555,'2016-10-17','2016-08-31','2016-10-03','',NULL,NULL,NULL,NULL,NULL,NULL,NULL,NULL,NULL),(2937,NULL,'EDP 03',19905.00,'2016-09-01',NULL,NULL,NULL,'Pagado','F/18',555,'2016-10-17','2016-09-30','2016-10-03','',NULL,NULL,NULL,NULL,NULL,NULL,NULL,NULL,NULL),(2938,NULL,'EDP 18',249.68,'2016-09-01',-200.00,NULL,NULL,'Por Pagar','',459,'2016-10-17','2016-09-30','2016-10-06','',NULL,NULL,NULL,NULL,NULL,NULL,NULL,NULL,NULL),(2939,NULL,'EDP 02',2446667.00,'2016-09-01',NULL,122333.00,NULL,'Por pagar','',480,'2016-10-18','2016-09-30','2016-09-30','',NULL,NULL,NULL,NULL,NULL,NULL,NULL,NULL,NULL),(2940,NULL,'EDP 20',32.00,'2016-09-01',NULL,NULL,NULL,'Pagado','F/822',452,'2016-10-12','2016-09-30','2016-09-30','',NULL,NULL,NULL,NULL,NULL,NULL,NULL,NULL,NULL),(2941,NULL,'EDP 03',80.00,'2016-09-01',NULL,NULL,NULL,'Por Pagar','',553,'2016-10-12','2016-09-30','2016-10-03','',NULL,NULL,NULL,NULL,NULL,NULL,NULL,NULL,NULL),(2942,NULL,'EDP 06',2100000.00,'2016-09-01',NULL,105000.00,NULL,'Pagado','F/686',477,'2016-10-17','2016-09-30','2016-10-07','',NULL,NULL,NULL,NULL,NULL,NULL,NULL,NULL,NULL),(2943,NULL,'EDP 11',40800.00,'2016-09-01',NULL,NULL,NULL,'Por pagar','',451,'2016-10-12','2016-09-30','2016-09-30','',NULL,NULL,NULL,NULL,NULL,NULL,NULL,NULL,NULL),(2944,NULL,'EDP 04',27.50,'2016-09-01',NULL,NULL,NULL,'Pagado','F/148',551,'2016-10-12','2016-09-30','2016-10-03','',NULL,NULL,NULL,NULL,NULL,NULL,NULL,NULL,NULL),(2945,NULL,'EDP 03',1154.83,'2016-09-01',NULL,57.74,NULL,'Por pagar','',460,'2016-10-27','2016-09-30','2016-10-05','',NULL,NULL,NULL,NULL,NULL,NULL,NULL,NULL,NULL),(2946,NULL,'EDP 03',1214.20,'2016-09-01',NULL,NULL,NULL,'Por Pagar','',479,'2016-10-27','2016-09-30','2016-10-03','',NULL,NULL,NULL,NULL,NULL,NULL,NULL,NULL,NULL),(2947,NULL,'EDP 01',424.20,'2015-11-01',NULL,NULL,NULL,'Pagado','',469,NULL,'2016-03-01',NULL,'',NULL,NULL,NULL,NULL,NULL,NULL,NULL,NULL,NULL),(2948,NULL,'EDP 03',313407.10,'2016-09-01',NULL,NULL,NULL,'Pagado','',482,NULL,'2016-09-30',NULL,'',NULL,NULL,NULL,NULL,NULL,NULL,NULL,NULL,NULL),(2949,NULL,'EDP 01',1385320.00,'2016-10-25',NULL,NULL,NULL,'Pagado','F/1296',608,'2016-11-11','2016-10-27','2016-11-11','',NULL,NULL,NULL,NULL,NULL,NULL,NULL,NULL,NULL),(2950,NULL,'EDP 07',2100000.00,'2016-10-01',NULL,105000.00,NULL,'Pagado','F/695',477,'2016-11-11','2016-10-31','2016-11-03','',NULL,NULL,NULL,NULL,NULL,NULL,NULL,NULL,NULL),(2951,NULL,'EDP 01',240000.00,'2016-07-01',NULL,NULL,NULL,'Pagado','B/37',564,'2016-07-28','2016-07-31','2016-07-28','',NULL,NULL,NULL,NULL,NULL,NULL,NULL,NULL,NULL),(2952,NULL,'EDP 02',240000.00,'2016-08-01',NULL,NULL,NULL,'Pagado','B/38',564,'2016-08-30','2016-08-31','2016-08-30','',NULL,NULL,NULL,NULL,NULL,NULL,NULL,NULL,NULL),(2953,NULL,'EDP 03',240000.00,'2016-09-01',NULL,NULL,NULL,'Por Pagar','',564,'2016-10-03','2016-09-30','2016-09-28','',NULL,NULL,NULL,NULL,NULL,NULL,NULL,NULL,NULL),(2954,NULL,'EDP 04',240000.00,'2016-10-01',NULL,NULL,NULL,'Por Pagar','',564,'2016-11-03','2016-10-31','2016-11-03','',NULL,NULL,NULL,NULL,NULL,NULL,NULL,NULL,NULL),(2955,NULL,'EDP 01',19059933.00,'2016-07-19',NULL,952997.00,NULL,'Por Pagar','',561,'2016-10-24','2016-07-31','2016-10-05','',NULL,NULL,NULL,NULL,NULL,NULL,NULL,NULL,NULL),(2956,NULL,'EDP 02',11189059.00,'2016-08-01',NULL,559453.00,NULL,'Por Pagar','',561,'2016-10-24','2016-08-31','2016-10-05','',NULL,NULL,NULL,NULL,NULL,NULL,NULL,NULL,NULL),(2957,NULL,'EDP 03',2408400.00,'2016-09-01',NULL,120420.00,NULL,'Por pagar','',561,'2016-10-24','2016-09-13','2016-10-05','',NULL,NULL,NULL,NULL,NULL,NULL,NULL,NULL,NULL),(2958,NULL,'EDP 06',6200000.00,'2016-09-01',NULL,310000.00,NULL,'Por Pagar','',474,'2016-11-03','2016-09-30','2016-10-20','',NULL,NULL,NULL,NULL,NULL,NULL,NULL,NULL,NULL),(2959,NULL,'EDP 21',900000.00,'2016-09-01',NULL,NULL,NULL,'Por pagar','',456,'2016-11-08','2016-09-30','2016-11-08','',NULL,NULL,NULL,NULL,NULL,NULL,NULL,NULL,NULL),(2960,NULL,'EDP 22',900000.00,'2016-10-01',NULL,NULL,NULL,'Por pagar','',456,'2016-11-08','2016-10-31','2016-11-08','',NULL,NULL,NULL,NULL,NULL,NULL,NULL,NULL,NULL),(2961,NULL,'EDP 22',5318100.00,'2016-10-01',NULL,NULL,NULL,'Por pagar','',454,'2016-11-08','2016-10-31','2016-11-01','',NULL,NULL,NULL,NULL,NULL,NULL,NULL,NULL,NULL),(2962,NULL,'EDP 13',20.11,'2016-10-01',NULL,1.01,NULL,'Pagado','F/278',463,'2016-11-03','2016-10-31','2016-11-03','',NULL,NULL,NULL,NULL,NULL,NULL,NULL,NULL,NULL),(2963,NULL,'EDP 01',515.00,'2016-09-16',NULL,NULL,NULL,'Por Pagar','',599,'2016-11-03','2016-10-16','2016-10-26','',NULL,NULL,NULL,NULL,NULL,NULL,NULL,NULL,NULL),(2964,NULL,'EDP 05',4700000.00,'2016-10-01',NULL,NULL,NULL,'Pagado','F/15',554,'2016-11-08','2016-10-31','2016-11-03','',NULL,NULL,NULL,NULL,NULL,NULL,NULL,NULL,NULL),(2965,NULL,'EDP 05',27.50,'2016-10-01',NULL,NULL,NULL,'Por pagar','',551,'2016-11-11','2016-10-31','2016-11-08','',NULL,NULL,NULL,NULL,NULL,NULL,NULL,NULL,NULL),(2966,NULL,'EDP 01',56395.11,'2016-07-18',NULL,NULL,NULL,'Pagado','I/9903744480',580,NULL,'2016-09-22',NULL,'Invoice de feca 23 Sept 2016 (revisar si hay otros)',NULL,NULL,NULL,NULL,NULL,NULL,NULL,NULL,NULL),(2967,NULL,'EDP 01',50000.00,'2016-08-01',NULL,NULL,NULL,'Pagado','',583,'2016-11-10','2016-09-15','2016-11-10','Invoice de fecha 10/11/2016',NULL,NULL,NULL,NULL,NULL,NULL,NULL,NULL,NULL),(2968,NULL,'EDP 12',1896812.00,'2016-07-01',NULL,94841.00,NULL,'Por pagar','',461,'2016-11-03','2016-07-31','2016-10-19','',NULL,NULL,NULL,NULL,NULL,NULL,NULL,NULL,NULL),(2969,NULL,'EDP 09',6350783.00,'2016-09-01',NULL,NULL,NULL,'Pagado','F/173',512,'2016-10-17','2016-09-30','2016-09-30','',NULL,NULL,NULL,NULL,NULL,NULL,NULL,NULL,NULL),(2970,NULL,'EDP 03',4222222.00,'2016-09-01',NULL,211111.00,NULL,'Por pagar','',480,'2016-11-18','2016-09-30','2016-11-11','',NULL,NULL,NULL,NULL,NULL,NULL,NULL,NULL,NULL),(2971,NULL,'EDP 01',3691460.00,'2016-11-14',NULL,NULL,NULL,'Por pagar','',621,'2016-11-21','2016-11-21','2016-11-21','EDP 01 Final, Ajustar con ODC para Cierre (correo de Alejandro 20161219, dice anticipo de 5.000.000?',NULL,NULL,NULL,NULL,NULL,NULL,NULL,NULL,NULL),(2972,NULL,'EDP 01',180.00,'2016-04-28',NULL,NULL,NULL,'Pagado','',531,NULL,'2016-05-06',NULL,'Confirmar Pago. CG NLS',NULL,NULL,NULL,NULL,NULL,NULL,NULL,NULL,NULL),(2973,NULL,'EDP 01',3437650.00,'2015-11-01',NULL,NULL,NULL,'Pagado','',533,NULL,'2015-11-01',NULL,'Confirmar Pago. CG NLS',NULL,NULL,NULL,NULL,NULL,NULL,NULL,NULL,NULL),(2974,NULL,'EDP 01',4280000.00,'2015-11-01',NULL,NULL,NULL,'Pagado','',536,NULL,'2015-11-01',NULL,'CG:Pagado',NULL,NULL,NULL,NULL,NULL,NULL,NULL,NULL,NULL),(2975,NULL,'EDP 01',1350000.00,'2016-06-10',NULL,NULL,NULL,'Pagado','',547,NULL,'2016-06-10',NULL,'Confirmar Pago. CG NLS',NULL,NULL,NULL,NULL,NULL,NULL,NULL,NULL,NULL),(2976,NULL,'EDP 01',1551714.00,'2016-06-13',NULL,NULL,NULL,'Pagado','',548,NULL,'2016-06-13',NULL,'CG:Pagado',NULL,NULL,NULL,NULL,NULL,NULL,NULL,NULL,NULL),(2977,NULL,'EDP 01',155.00,'2016-07-10',NULL,NULL,NULL,'Pagado','',568,NULL,'2016-07-30',NULL,'CG:Pagado',NULL,NULL,NULL,NULL,NULL,NULL,NULL,NULL,NULL),(2978,NULL,'EDP 01',3053145.00,'2016-07-17',NULL,NULL,NULL,'Pagado','',573,NULL,'2016-07-22',NULL,'CG:Pagado',NULL,NULL,NULL,NULL,NULL,NULL,NULL,NULL,NULL),(2979,NULL,'EDP 02',629.00,'2016-09-01',NULL,NULL,NULL,'Pagado','',514,NULL,'2016-09-30',NULL,'',NULL,NULL,NULL,NULL,NULL,NULL,NULL,NULL,NULL),(2980,NULL,'EDP 03',629.00,'2016-10-01',NULL,NULL,NULL,'Pagado','',514,NULL,'2016-10-31',NULL,'',NULL,NULL,NULL,NULL,NULL,NULL,NULL,NULL,NULL),(2981,NULL,'EDP 04',629.00,'2016-11-01',NULL,NULL,NULL,'Pagado','',514,NULL,'2016-11-30',NULL,'Pago inicio mes',NULL,NULL,NULL,NULL,NULL,NULL,NULL,NULL,NULL),(2982,NULL,'EDP 01',58.00,'2016-08-01',NULL,NULL,NULL,'Pagado','',584,'2016-08-31','2016-08-31','2016-08-31','',NULL,NULL,NULL,NULL,NULL,NULL,NULL,NULL,NULL),(2983,NULL,'EDP 02',58.00,'2016-09-01',NULL,NULL,NULL,'Pagado','',584,'2016-09-30','2016-09-30','2016-09-30','',NULL,NULL,NULL,NULL,NULL,NULL,NULL,NULL,NULL),(2984,NULL,'EDP 03',58.00,'2016-10-01',NULL,NULL,NULL,'Pagado','',584,'2016-10-31','2016-10-31','2016-10-31','',NULL,NULL,NULL,NULL,NULL,NULL,NULL,NULL,NULL),(2985,NULL,'EDP 04',58.00,'2016-11-01',NULL,NULL,NULL,'Pagado','',584,'2016-11-30','2016-11-30','2016-11-30','',NULL,NULL,NULL,NULL,NULL,NULL,NULL,NULL,NULL),(2986,NULL,'EDP 01',36.80,'2016-08-01',NULL,NULL,NULL,'Pagado','',585,'2016-08-31','2016-08-31','2016-08-31','Pagado',NULL,NULL,NULL,NULL,NULL,NULL,NULL,NULL,NULL),(2987,NULL,'EDP 02',36.80,'2016-09-01',NULL,NULL,NULL,'Pagado','',585,'2016-09-01','2016-09-30','2016-09-01','',NULL,NULL,NULL,NULL,NULL,NULL,NULL,NULL,NULL),(2988,NULL,'EDP 03',36.80,'2016-10-01',NULL,NULL,NULL,'Pagado','',585,'2016-10-31','2016-10-31','2016-10-31','',NULL,NULL,NULL,NULL,NULL,NULL,NULL,NULL,NULL),(2989,NULL,'EDP 04',36.80,'2016-11-01',NULL,NULL,NULL,'Pagado','',585,'2016-11-01','2016-11-30','2016-11-01','',NULL,NULL,NULL,NULL,NULL,NULL,NULL,NULL,NULL),(2990,NULL,'EDP 01',28.00,'2016-08-01',NULL,NULL,NULL,'Pagado','',587,'2016-08-01','2016-08-31','2016-08-01','Pagado',NULL,NULL,NULL,NULL,NULL,NULL,NULL,NULL,NULL),(2991,NULL,'EDP 02',28.00,'2016-09-01',NULL,NULL,NULL,'Pagado','',587,'2016-09-01','2016-09-30','2016-09-01','Pagado',NULL,NULL,NULL,NULL,NULL,NULL,NULL,NULL,NULL),(2992,NULL,'EDP 03',28.00,'2016-10-01',NULL,NULL,NULL,'Pagado','',587,'2016-10-01','2016-09-30','2016-10-01','',NULL,NULL,NULL,NULL,NULL,NULL,NULL,NULL,NULL),(2993,NULL,'EDP 04',28.00,'2016-11-01',NULL,NULL,NULL,'Pagado','',587,'2016-11-01','2016-11-30','2016-11-01','',NULL,NULL,NULL,NULL,NULL,NULL,NULL,NULL,NULL),(2994,NULL,'EDP 01',1473331.00,'2016-08-01',NULL,NULL,NULL,'Pagado','',586,'2016-08-01','2016-08-31','2016-08-01','',NULL,NULL,NULL,NULL,NULL,NULL,NULL,NULL,NULL),(2995,NULL,'EDP 02',1473331.00,'2016-09-01',NULL,NULL,NULL,'Pagado','',586,'2016-09-01',NULL,'2016-09-01','',NULL,NULL,NULL,NULL,NULL,NULL,NULL,NULL,NULL),(2996,NULL,'EDP 03',1473331.00,'2016-10-01',NULL,NULL,NULL,'Pagado','',586,'2016-10-01','2016-10-31','2016-10-01','',NULL,NULL,NULL,NULL,NULL,NULL,NULL,NULL,NULL),(2997,NULL,'EDP 04',1473331.00,'2016-11-01',NULL,NULL,NULL,'Pagado','',586,'2016-11-01','2016-11-30','2016-11-01','',NULL,NULL,NULL,NULL,NULL,NULL,NULL,NULL,NULL),(2998,NULL,'EDP 01',11.50,'2016-08-01',NULL,NULL,NULL,'Pagado','',588,'2016-08-01','2016-08-31','2016-08-01','',NULL,NULL,NULL,NULL,NULL,NULL,NULL,NULL,NULL),(2999,NULL,'EDP 02',11.50,'2016-09-01',NULL,NULL,NULL,'Pagado','',588,'2016-09-01','2016-09-30','2016-09-01','',NULL,NULL,NULL,NULL,NULL,NULL,NULL,NULL,NULL),(3000,NULL,'EDP 03',11.50,'2016-10-01',NULL,NULL,NULL,'Pagado','',588,'2016-10-01','2016-10-31','2016-10-01','',NULL,NULL,NULL,NULL,NULL,NULL,NULL,NULL,NULL),(3001,NULL,'EDP 04',11.50,'2016-11-01',NULL,NULL,NULL,'Pagado','',588,'2016-11-01','2016-11-30','2016-11-01','',NULL,NULL,NULL,NULL,NULL,NULL,NULL,NULL,NULL),(3002,NULL,'EDP 01',21402.00,'2016-05-25',NULL,NULL,NULL,'Pagado','',541,'2016-07-01','2016-05-26','2016-07-01','Acuerdo detalle de cobro',NULL,NULL,NULL,NULL,NULL,NULL,NULL,NULL,NULL),(3003,NULL,'EDP 01',2411524.00,'2016-06-21',NULL,NULL,NULL,'Pagado','F_1400',562,'2016-06-30','2016-06-30','2016-06-30','',NULL,NULL,NULL,NULL,NULL,NULL,NULL,NULL,NULL),(3004,NULL,'EDP 03',28044130.00,'2016-06-01',NULL,NULL,NULL,'Pagado','F/1449',574,'2016-10-27','2016-06-30','2016-10-10','',NULL,NULL,NULL,NULL,NULL,NULL,NULL,NULL,NULL),(3005,NULL,'EDP 04',6389030.00,'2016-09-01',NULL,NULL,NULL,'Pagado','F/1450',574,'2016-10-27','2016-09-30','2016-10-10','',NULL,NULL,NULL,NULL,NULL,NULL,NULL,NULL,NULL),(3006,NULL,'EDP 03',5883683.00,'2016-09-01',NULL,NULL,NULL,'Pagado','',577,'2016-10-21','2016-09-30','2016-10-12','',NULL,NULL,NULL,NULL,NULL,NULL,NULL,NULL,NULL),(3007,NULL,'EDP 02',20421.26,'2016-08-01',NULL,NULL,NULL,'Pagado','',580,'2016-11-04','2016-09-30','2016-11-02','',NULL,NULL,NULL,NULL,NULL,NULL,NULL,NULL,NULL),(3008,NULL,'EDP 01',8640000.00,'2016-08-01',NULL,NULL,NULL,'Pagado','',579,'2016-08-31','2016-12-31','2016-08-31','Confirmar Pago. CG NLS',NULL,NULL,NULL,NULL,NULL,NULL,NULL,NULL,NULL),(3009,NULL,'EDP 03',66826.00,'2016-10-01',NULL,NULL,NULL,'Por pagar','',582,'2016-11-23','2016-11-11','2016-11-22','',NULL,NULL,NULL,NULL,NULL,NULL,NULL,NULL,NULL),(3010,NULL,'EDP 01',0.00,'2016-09-01',-3472499.00,NULL,NULL,'Pagado','',600,'2016-10-28','2016-09-30','2016-10-28','',NULL,NULL,NULL,NULL,NULL,NULL,NULL,NULL,NULL),(3011,NULL,'EDP 01',360000.00,'2016-07-01',NULL,NULL,NULL,'Pagado','',570,NULL,'2016-10-31',NULL,'Verificar pago',NULL,NULL,NULL,NULL,NULL,NULL,NULL,NULL,NULL),(3012,NULL,'EDP 61',3800.00,'2016-09-01',0.00,0.00,0.00,'Por pagar','',496,'2016-11-22','2016-09-30','2016-10-10','',NULL,NULL,NULL,NULL,NULL,NULL,NULL,NULL,NULL),(3013,NULL,'EDP 62',3800.00,'2016-10-01',0.00,0.00,0.00,'Por pagar','',496,'2016-11-22','2016-10-31','2016-11-10','',NULL,NULL,NULL,NULL,NULL,NULL,NULL,NULL,NULL),(3014,NULL,'EDP 10',1650000.00,'2016-10-01',NULL,82500.00,NULL,'Pagado','F/140',470,'2016-11-04','2016-10-31','2016-10-24','',NULL,NULL,NULL,NULL,NULL,NULL,NULL,NULL,NULL),(3015,NULL,'EDP 05',270369.00,'2016-09-01',NULL,NULL,NULL,'Por pagar','',535,'2016-11-24','2016-10-31','2016-11-09','',NULL,NULL,NULL,NULL,NULL,NULL,NULL,NULL,NULL),(3016,NULL,'EDP 02',758.94,'2016-08-01',NULL,NULL,NULL,'Por pagar','',476,'2016-11-24','2016-10-31','2016-11-21','',NULL,NULL,NULL,NULL,NULL,NULL,NULL,NULL,NULL),(3017,NULL,'EDP 04',1888.37,'2016-10-01',NULL,94.42,NULL,'Por pagar','',460,'2016-11-23','2016-10-31','2016-11-21','',NULL,NULL,NULL,NULL,NULL,NULL,NULL,NULL,NULL),(3018,NULL,'EDP 07',7000000.00,'2016-10-01',NULL,350000.00,NULL,'Por pagar','',474,'2016-11-24','2016-10-31','2016-11-18','',NULL,NULL,NULL,NULL,NULL,NULL,NULL,NULL,NULL),(3019,NULL,'EDP 02',9790000.00,'2016-10-01',NULL,NULL,NULL,'Por pagar','',598,'2016-11-23','2016-10-31','2016-11-21','',NULL,NULL,NULL,NULL,NULL,NULL,NULL,NULL,NULL),(3020,NULL,'EDP 09',54.18,'2016-09-01',NULL,NULL,NULL,'Por pagar','',520,'2016-11-24','2016-09-30','2016-11-24','',NULL,NULL,NULL,NULL,NULL,NULL,NULL,NULL,NULL),(3021,NULL,'EDP 04',142.20,'2016-09-01',NULL,NULL,NULL,'Por pagar','',594,'2016-11-24','2016-09-30','2016-11-21','',NULL,NULL,NULL,NULL,NULL,NULL,NULL,NULL,NULL),(3022,NULL,'EDP 01',0.00,'2016-11-11',-4165000.00,NULL,NULL,'Pagado','',601,'2016-10-05','2016-11-11','2016-10-01','falta copia de EDP en carpeta',NULL,NULL,NULL,NULL,NULL,NULL,NULL,NULL,NULL),(3023,NULL,'EDP 03',266667.00,'2016-09-01',NULL,NULL,NULL,'Por pagar','',566,'2016-11-11','2016-09-30','2016-11-09','',NULL,NULL,NULL,NULL,NULL,NULL,NULL,NULL,NULL),(3024,NULL,'EDP 04',266667.00,'2016-10-01',NULL,NULL,NULL,'Por pagar','',566,'2016-11-23','2016-10-31','2016-11-11','',NULL,NULL,NULL,NULL,NULL,NULL,NULL,NULL,NULL),(3025,NULL,'EDP 05',266667.00,'2016-11-01',NULL,NULL,NULL,'Por pagar','',566,'2016-11-30','2016-11-30','2016-11-30','',NULL,NULL,NULL,NULL,NULL,NULL,NULL,NULL,NULL),(3026,NULL,'EDP 01',1215000.00,'2016-07-01',NULL,NULL,NULL,'Por pagar','',538,'2016-11-26','2016-07-31','2016-11-20','',NULL,NULL,NULL,NULL,NULL,NULL,NULL,NULL,NULL),(3027,NULL,'EDP 02',4050000.00,'2016-08-01',NULL,NULL,NULL,'Por pagar','',538,'2016-11-28','2016-08-31','2016-11-20','',NULL,NULL,NULL,NULL,NULL,NULL,NULL,NULL,NULL),(3028,NULL,'EDP 03',1710000.00,'2016-09-01',NULL,NULL,NULL,'Por pagar','',538,'2016-11-28','2016-09-30','2016-11-20','',NULL,NULL,NULL,NULL,NULL,NULL,NULL,NULL,NULL),(3029,NULL,'EDP 04',1215000.00,'2016-10-01',NULL,NULL,NULL,'Por pagar','',538,'2016-11-28','2016-10-31','2016-11-20','',NULL,NULL,NULL,NULL,NULL,NULL,NULL,NULL,NULL),(3030,NULL,'EDP 10',6350783.00,'2016-10-01',NULL,NULL,NULL,'Por Pagar','',512,'2016-11-29','2016-10-31','2016-11-16','',NULL,NULL,NULL,NULL,NULL,NULL,NULL,NULL,NULL),(3031,NULL,'EDP 01',17669.00,'2016-08-11',NULL,NULL,NULL,'Pagado','F/973',591,'2016-11-30','2016-12-05','2016-11-04','Revisar, se hace  ODC después de aprobada factura ?',NULL,NULL,NULL,NULL,NULL,NULL,NULL,NULL,NULL),(3032,NULL,'EDP 04',13267548.00,'2016-10-01',NULL,NULL,NULL,'10','',473,'2016-11-28','2016-10-28','2016-11-25','',NULL,NULL,NULL,NULL,NULL,NULL,NULL,NULL,NULL),(3033,NULL,'EDP 05',15361520.00,'2016-10-29',NULL,NULL,NULL,'Por pagar','',473,'2016-11-28','2016-11-28','2016-11-25','',NULL,NULL,NULL,NULL,NULL,NULL,NULL,NULL,NULL),(3034,NULL,'EDP 01',6.60,'2016-11-01',NULL,NULL,NULL,'Por pagar','',622,'2016-11-29','2016-11-30','2016-11-15','',NULL,NULL,NULL,NULL,NULL,NULL,NULL,NULL,NULL),(3035,NULL,'EDP 11',1650000.00,'2016-11-01',NULL,82500.00,NULL,'Por pagar','',470,'2016-11-29','2016-11-30','2016-11-25','',NULL,NULL,NULL,NULL,NULL,NULL,NULL,NULL,NULL),(3036,NULL,'EDP 04',4250.00,'2016-10-01',NULL,NULL,NULL,'Por pagar','',555,'2016-11-27','2016-10-12','2016-10-13','',NULL,NULL,NULL,NULL,NULL,NULL,NULL,NULL,NULL),(3037,NULL,'EDP 19',440.16,'2016-10-01',57.00,NULL,NULL,'Por pagar','',459,'2016-11-29','2016-10-31','2016-11-08','',NULL,NULL,NULL,NULL,NULL,NULL,NULL,NULL,NULL),(3038,NULL,'EDP 23',5318100.00,'2016-11-01',NULL,NULL,NULL,'Por pagar','',454,'2016-12-01','2016-11-30','2016-12-01','',NULL,NULL,NULL,NULL,NULL,NULL,NULL,NULL,NULL),(3039,NULL,'EDP 21',32.00,'2016-10-01',NULL,NULL,NULL,'Pagado','F/842',452,'2016-11-03','2016-10-31','2016-10-24','',NULL,NULL,NULL,NULL,NULL,NULL,NULL,NULL,NULL),(3040,NULL,'EDP 22',32.00,'2016-11-01',NULL,NULL,NULL,'Por pagar','',452,'2016-12-01','2016-11-30','2016-11-30','',NULL,NULL,NULL,NULL,NULL,NULL,NULL,NULL,NULL),(3041,NULL,'EDP 01',17500000.00,'2016-09-30',NULL,NULL,NULL,'Pagado','',635,'2016-09-30','2016-09-30','2016-09-30','',NULL,NULL,NULL,NULL,NULL,NULL,NULL,NULL,NULL),(3042,NULL,'EDP 01',32000000.00,'2016-09-30',NULL,NULL,NULL,'Pagado','',636,'2016-09-30','2016-09-30','2016-09-30','',NULL,NULL,NULL,NULL,NULL,NULL,NULL,NULL,NULL),(3043,NULL,'EDP 02',19200000.00,'2016-09-30',NULL,NULL,NULL,'Pagado','',636,'2016-10-31','2016-10-31','2016-10-30','',NULL,NULL,NULL,NULL,NULL,NULL,NULL,NULL,NULL),(3044,NULL,'EDP 01',1750000.00,'2016-09-23',-3500000.00,NULL,NULL,'Pagado','',637,'2016-11-10','2016-11-30','2016-11-07','EDP 01 incluye Anticipo y avance',NULL,NULL,NULL,NULL,NULL,NULL,NULL,NULL,NULL),(3045,NULL,'EDP 01',1750000.00,'2016-09-23',-3500000.00,NULL,NULL,'Pagado','',638,'2016-11-07','2016-11-30','2016-11-07','EDP 01 incluye Anticipo y avance',NULL,NULL,NULL,NULL,NULL,NULL,NULL,NULL,NULL),(3046,NULL,'EDP 01',1750000.00,'2016-11-01',-3500000.00,NULL,NULL,'Pagado','',639,'2016-11-08','2016-11-30','2016-11-08','EDP 01 incluye Anticipo y avance',NULL,NULL,NULL,NULL,NULL,NULL,NULL,NULL,NULL),(3047,NULL,'EDP 01',0.00,'2016-09-30',-7000000.00,NULL,NULL,'Pagado','',640,'2016-11-21','2016-11-30','2016-11-21','',NULL,NULL,NULL,NULL,NULL,NULL,NULL,NULL,NULL),(3048,NULL,'EDP 01',0.00,'2016-11-01',-10000000.00,NULL,NULL,'10','',642,'2016-11-21','2016-11-30','2016-11-21','Revisar el pago, incluye compra a trecero, todo pagado a municipalidad?',NULL,NULL,NULL,NULL,NULL,NULL,NULL,NULL,NULL),(3049,NULL,'EDP 01',165112834.00,'2016-10-17',NULL,NULL,NULL,'Por pagar','',626,'2016-12-05','2016-11-27','2016-11-30','',NULL,NULL,NULL,NULL,NULL,NULL,NULL,NULL,NULL),(3050,NULL,'EDP 25',3314791.00,'2016-09-01',NULL,NULL,NULL,'Por pagar','',450,'2016-12-01','2016-09-30','2016-11-29','',NULL,NULL,NULL,NULL,NULL,NULL,NULL,NULL,NULL),(3051,NULL,'EDP 26',3314791.00,'2016-10-01',NULL,NULL,NULL,'Por pagar','',450,'2016-12-05','2016-10-31','2016-11-29','',NULL,NULL,NULL,NULL,NULL,NULL,NULL,NULL,NULL),(3052,NULL,'EDP 01',366.48,'2016-10-19',NULL,NULL,NULL,'Por pagar','',602,'2016-12-05','2016-11-30','2016-11-30','',NULL,NULL,NULL,NULL,NULL,NULL,NULL,NULL,NULL),(3053,NULL,'EDP 05',0.00,'2016-11-01',-21552.05,NULL,NULL,'Por pagar','',460,'2016-12-05','2016-11-01','2016-12-05','Anticipo 1 Nov',NULL,NULL,NULL,NULL,NULL,NULL,NULL,NULL,NULL),(3054,NULL,'EDP 06',0.00,'2016-12-02',-17676.03,NULL,NULL,'Por pagar','',460,NULL,'2016-12-02',NULL,'Anticipo 2 mes nov',NULL,NULL,NULL,NULL,NULL,NULL,NULL,NULL,NULL),(3055,NULL,'EDP 04',84.00,'2016-10-01',NULL,NULL,NULL,'Por pagar','',553,'2016-12-01','2016-10-31','2016-11-30','',NULL,NULL,NULL,NULL,NULL,NULL,NULL,NULL,NULL),(3056,NULL,'EDP 05',62.00,'2016-11-01',NULL,NULL,NULL,'Por pagar','',553,'2016-12-07','2016-11-30','2016-12-01','',NULL,NULL,NULL,NULL,NULL,NULL,NULL,NULL,NULL),(3057,NULL,'EDP 09',2525000.00,'2016-09-01',NULL,NULL,NULL,'Por pagar','',519,'2016-11-08','2016-09-30','2016-10-24','',NULL,NULL,NULL,NULL,NULL,NULL,NULL,NULL,NULL),(3058,NULL,'EDP 10',4140000.00,'2016-10-01',NULL,NULL,NULL,'Por pagar','',519,'2016-12-07','2016-10-31','2016-12-01','',NULL,NULL,NULL,NULL,NULL,NULL,NULL,NULL,NULL),(3059,NULL,'EDP 11',6350783.00,'2016-11-01',NULL,NULL,NULL,'Por pagar','',512,'2016-12-12','2016-11-30','2016-12-05','',NULL,NULL,NULL,NULL,NULL,NULL,NULL,NULL,NULL),(3060,NULL,'EDP 12',6350783.00,'2016-12-01',NULL,NULL,NULL,'Por pagar','',512,'2016-12-12','2016-12-31','2016-12-05','',NULL,NULL,NULL,NULL,NULL,NULL,NULL,NULL,NULL),(3061,NULL,'EDP 08',2100000.00,'2016-11-01',NULL,NULL,NULL,'Por pagar','',477,'2016-12-12','2016-11-30','2016-12-06','',NULL,NULL,NULL,NULL,NULL,NULL,NULL,NULL,NULL),(3062,NULL,'EDP 09',7166000.00,'2016-09-01',NULL,358300.00,NULL,'Por pagar','',471,'2016-11-04','2016-09-30','2016-10-26','',NULL,NULL,NULL,NULL,NULL,NULL,NULL,NULL,NULL),(3063,NULL,'EDP 10',7166000.00,'2016-10-01',NULL,358300.00,NULL,'Por pagar','',471,'2016-11-29','2016-10-31','2016-11-29','',NULL,NULL,NULL,NULL,NULL,NULL,NULL,NULL,NULL),(3064,NULL,'EDP 11',7166000.00,'2016-11-01',NULL,358300.00,NULL,'Por pagar','',471,'2016-11-29','2016-11-30','2016-11-29','',NULL,NULL,NULL,NULL,NULL,NULL,NULL,NULL,NULL),(3065,NULL,'EDP 12',8283000.00,'2016-12-01',NULL,414150.00,NULL,'Por pagar','',471,'2016-12-12','2016-12-31','2016-12-10','',NULL,NULL,NULL,NULL,NULL,NULL,NULL,NULL,NULL),(3066,NULL,'EDP 14',15.10,'2016-11-01',NULL,0.75,NULL,'Por pagar','',463,'2016-12-12','2016-11-30','2016-12-12','',NULL,NULL,NULL,NULL,NULL,NULL,NULL,NULL,NULL),(3067,NULL,'EDP 04',6172183.00,'2016-10-01',NULL,NULL,NULL,'Por pagar','',577,'2016-12-12','2016-10-31','2016-11-24','',NULL,NULL,NULL,NULL,NULL,NULL,NULL,NULL,NULL),(3068,NULL,'EDP 11',66.10,'2016-10-01',NULL,NULL,NULL,'Por pagar','',508,'2016-12-12','2016-10-31','2016-12-12','',NULL,NULL,NULL,NULL,NULL,NULL,NULL,NULL,NULL),(3069,NULL,'EDP 12',51.30,'2016-11-01',NULL,NULL,NULL,'Por pagar','',508,'2016-12-12','2016-11-30','2016-12-12','',NULL,NULL,NULL,NULL,NULL,NULL,NULL,NULL,NULL),(3070,NULL,'EDP 01',0.00,'2016-12-01',-13500000.00,NULL,NULL,'Por pagar','',614,'2016-12-10','2016-12-31','2016-12-10','Regularizar EDP de Anticipo, es el 30%?',NULL,NULL,NULL,NULL,NULL,NULL,NULL,NULL,NULL),(3071,NULL,'EDP 10',54.20,'2016-10-01',NULL,NULL,NULL,'Por pagar','',520,'2016-12-20','2016-10-31','2016-12-02','',NULL,NULL,NULL,NULL,NULL,NULL,NULL,NULL,NULL),(3072,NULL,'EDP 11',54.20,'2016-11-01',NULL,NULL,NULL,'Por pagar','',520,'2016-12-20','2016-11-30','2016-12-07','',NULL,NULL,NULL,NULL,NULL,NULL,NULL,NULL,NULL),(3073,NULL,'EDP 06',27.50,'2016-11-01',NULL,NULL,NULL,'Por pagar','',551,NULL,'2016-11-30',NULL,'',NULL,NULL,NULL,NULL,NULL,NULL,NULL,NULL,NULL),(3074,NULL,'EDP 04',412.40,'2016-10-01',NULL,NULL,NULL,'Por pagar','',479,'2016-12-20','2016-10-31','2016-12-01','',NULL,NULL,NULL,NULL,NULL,NULL,NULL,NULL,NULL),(3075,NULL,'EDP 07',27.50,'2016-12-01',NULL,NULL,NULL,'Por pagar','',551,'2016-12-20','2016-12-31','2016-12-15','',NULL,NULL,NULL,NULL,NULL,NULL,NULL,NULL,NULL),(3076,NULL,'EDP 05',240000.00,'2016-11-01',NULL,NULL,NULL,'Por pagar','',564,'2016-12-05','2016-11-30','2016-12-05','',NULL,NULL,NULL,NULL,NULL,NULL,NULL,NULL,NULL),(3077,NULL,'EDP 06',240000.00,'2016-12-01',NULL,NULL,NULL,'Por pagar','',564,'2016-12-20','2016-12-31','2016-12-05','',NULL,NULL,NULL,NULL,NULL,NULL,NULL,NULL,NULL),(3078,NULL,'EDP 02',190547362.00,'2016-11-28',NULL,NULL,NULL,'Por pagar','',626,NULL,'2016-12-31',NULL,'',NULL,NULL,NULL,NULL,NULL,NULL,NULL,NULL,NULL),(3079,NULL,'EDP 01',705079.98,'2016-10-03',NULL,NULL,NULL,'Por pagar','',634,'2016-12-15','2016-12-14','2016-12-15','',NULL,NULL,NULL,NULL,NULL,NULL,NULL,NULL,NULL),(3080,NULL,'EDP 02',502925.96,'2016-11-28',NULL,NULL,NULL,'Por pagar','',634,'2016-12-20','2017-01-01','2016-12-12','',NULL,NULL,NULL,NULL,NULL,NULL,NULL,NULL,NULL),(3081,NULL,'EDP 01',2230000.00,'2016-11-01',NULL,NULL,NULL,'Por pagar','',623,'2016-12-07','2016-11-30','2016-12-01','',NULL,NULL,NULL,NULL,NULL,NULL,NULL,NULL,NULL),(3082,NULL,'EDP 02',6690000.00,'2016-12-01',NULL,NULL,NULL,'Por pagar','',623,'2016-12-15','2016-12-31','2016-12-14','',NULL,NULL,NULL,NULL,NULL,NULL,NULL,NULL,NULL),(3083,NULL,'EDP 06',266666.70,'2016-12-01',NULL,NULL,NULL,'Por pagar','',566,'2016-12-20','2016-12-31','2016-12-20','',NULL,NULL,NULL,NULL,NULL,NULL,NULL,NULL,NULL),(3084,NULL,'EDP 23',32.00,'2016-12-01',NULL,NULL,NULL,'Por pagar','',452,'2016-12-20','2016-12-31','2016-12-12','',NULL,NULL,NULL,NULL,NULL,NULL,NULL,NULL,NULL),(3085,NULL,'EDP 05',22775.00,'2016-11-13',NULL,NULL,NULL,'Por pagar','',555,'2016-12-20','2016-11-27','2016-12-02','',NULL,NULL,NULL,NULL,NULL,NULL,NULL,NULL,NULL),(3086,NULL,'EDP 11',1790000.00,'2016-11-01',NULL,NULL,NULL,'Por pagar','',519,'2016-12-19','2016-11-30','2016-12-15','',NULL,NULL,NULL,NULL,NULL,NULL,NULL,NULL,NULL),(3087,NULL,'EDP 12',1340000.00,'2016-12-01',NULL,NULL,NULL,'Por pagar','',519,'2016-12-19','2016-12-31','2016-12-14','',NULL,NULL,NULL,NULL,NULL,NULL,NULL,NULL,NULL),(3088,NULL,'EDP 01',0.00,'2016-11-15',-10000000.00,NULL,NULL,'Por pagar','',645,'2016-12-21','2016-11-15','2016-12-20','Anticipo',NULL,NULL,NULL,NULL,NULL,NULL,NULL,NULL,NULL),(3089,NULL,'EDP 02',396.00,'2016-12-01',NULL,NULL,NULL,'Por pagar','',602,'2016-12-19','2016-12-31','2016-12-14','',NULL,NULL,NULL,NULL,NULL,NULL,NULL,NULL,NULL),(3090,NULL,'EDP 27',3314791.00,'2016-11-01',NULL,NULL,NULL,'Por pagar','',450,'2016-12-20','2016-11-30','2016-11-29','',NULL,NULL,NULL,NULL,NULL,NULL,NULL,NULL,NULL),(3091,NULL,'EDP 28',3314791.00,'2016-12-01',NULL,NULL,NULL,'Por pagar','',450,'2016-12-20','2016-12-31','2016-11-19','',NULL,NULL,NULL,NULL,NULL,NULL,NULL,NULL,NULL),(3092,NULL,'EDP 06',12578474.00,'2016-12-01',NULL,NULL,NULL,'Por pagar','',473,'2016-12-20','2016-12-31','2016-12-13','',NULL,NULL,NULL,NULL,NULL,NULL,NULL,NULL,NULL),(3093,NULL,'EDP 20',411.10,'2016-11-01',31.10,NULL,NULL,'Por pagar','',459,'2016-12-21','2016-11-30','2016-12-12','',NULL,NULL,NULL,NULL,NULL,NULL,NULL,NULL,NULL),(3094,NULL,'EDP 01',273.46,'2016-11-01',NULL,NULL,NULL,'Por pagar','',559,'2016-12-19','2016-11-30','2016-12-02','',NULL,NULL,NULL,NULL,NULL,NULL,NULL,NULL,NULL),(3095,NULL,'EDP 05',11084919.00,'2016-11-01',NULL,NULL,NULL,'Por pagar','',577,'2016-12-21','2016-11-30','2016-12-14','',NULL,NULL,NULL,NULL,NULL,NULL,NULL,NULL,NULL),(3096,NULL,'EDP 06',8712077.00,'2016-12-01',NULL,NULL,NULL,'Por pagar','',577,'2016-12-21','2016-12-31','2016-12-14','',NULL,NULL,NULL,NULL,NULL,NULL,NULL,NULL,NULL),(3097,NULL,'EDP 03',410938.00,'2016-09-01',NULL,NULL,NULL,'Por pagar','',540,'2016-12-21','2016-09-30','2016-12-15','',NULL,NULL,NULL,NULL,NULL,NULL,NULL,NULL,NULL),(3098,NULL,'EDP 04',910000.00,'2016-10-01',NULL,NULL,NULL,'Por pagar','',540,'2016-12-20','2016-10-31','2016-12-20','',NULL,NULL,NULL,NULL,NULL,NULL,NULL,NULL,NULL),(3099,NULL,'EDP 13',1896812.00,'2016-08-01',NULL,94840.60,NULL,'Por pagar','',461,'2016-12-20','2016-08-31','2016-11-15','',NULL,NULL,NULL,NULL,NULL,NULL,NULL,NULL,NULL),(3100,NULL,'EDP 14',1203615.00,'2016-10-01',NULL,60180.75,NULL,'Por pagar','',461,'2016-12-21','2016-10-31','2016-11-25','',NULL,NULL,NULL,NULL,NULL,NULL,NULL,NULL,NULL),(3101,NULL,'EDP 15',1203615.00,'2016-11-01',NULL,60180.75,NULL,'Por pagar','',461,'2016-12-21','2016-11-30','2016-12-20','',NULL,NULL,NULL,NULL,NULL,NULL,NULL,NULL,NULL),(3102,NULL,'EDP 24',5318100.00,'2016-12-01',NULL,NULL,NULL,'Por pagar','',454,'2016-12-21','2016-12-31','2016-12-19','',NULL,NULL,NULL,NULL,NULL,NULL,NULL,NULL,NULL),(3103,NULL,'EDP 23',900000.00,'2016-11-01',NULL,NULL,NULL,'Pagado','',456,'2016-12-21','2016-11-30','2016-12-12','',NULL,NULL,NULL,NULL,NULL,NULL,NULL,NULL,NULL),(3104,NULL,'EDP 24',900000.00,'2016-12-01',NULL,NULL,NULL,'Por pagar','',456,'2016-12-31','2016-12-31','2016-12-12','',NULL,NULL,NULL,NULL,NULL,NULL,NULL,NULL,NULL),(3105,NULL,'EDP 05',142.20,'2016-10-01',NULL,NULL,NULL,'Por pagar','',594,'2016-12-21','2016-10-31','2016-12-15','',NULL,NULL,NULL,NULL,NULL,NULL,NULL,NULL,NULL),(3106,NULL,'EDP 06',142.20,'2016-11-01',NULL,NULL,NULL,'Por pagar','',594,'2016-12-21','2016-11-30','2016-12-15','',NULL,NULL,NULL,NULL,NULL,NULL,NULL,NULL,NULL),(3107,NULL,'EDP 07',142.20,'2016-12-01',NULL,NULL,NULL,'Por pagar','',594,'2016-12-21','2016-12-31','2016-12-15','',NULL,NULL,NULL,NULL,NULL,NULL,NULL,NULL,NULL),(3108,NULL,'EDP 63',3800.00,'2016-11-01',NULL,NULL,NULL,'Por pagar','',496,'2016-12-21','2016-11-30','2016-11-28','',NULL,NULL,NULL,NULL,NULL,NULL,NULL,NULL,NULL),(3109,NULL,'EDP 64',3800.00,'2016-12-01',NULL,NULL,NULL,'Por pagar','',496,'2016-12-21','2016-12-31','2016-12-14','',NULL,NULL,NULL,NULL,NULL,NULL,NULL,NULL,NULL),(3110,NULL,'EDP 01',9600.00,'2016-11-01',NULL,NULL,NULL,'Por pagar','',581,'2016-12-20','2016-11-30','2016-12-01','',NULL,NULL,NULL,NULL,NULL,NULL,NULL,NULL,NULL),(3111,NULL,'EDP 02',22400.00,'2016-12-01',NULL,NULL,NULL,'Por pagar','',581,'2016-12-21','2016-12-31','2016-12-01','',NULL,NULL,NULL,NULL,NULL,NULL,NULL,NULL,NULL),(3112,NULL,'EDP 02',8330000.00,'2016-11-01',4165000.00,NULL,NULL,'Por pagar','',601,'2016-12-21','2016-11-30','2016-11-30','',NULL,NULL,NULL,NULL,NULL,NULL,NULL,NULL,NULL),(3113,NULL,'EDP 01',66.00,'2016-08-01',NULL,3.30,NULL,'Por pagar','',488,'2016-12-21','2016-08-31','2016-12-20','',NULL,NULL,NULL,NULL,NULL,NULL,NULL,NULL,NULL),(3114,NULL,'EDP 01',66.00,'2016-08-01',NULL,3.30,NULL,'Por pagar','',488,'2016-12-21','2016-08-31','2016-12-20','',NULL,NULL,NULL,NULL,NULL,NULL,NULL,NULL,NULL),(3115,NULL,'EDP 03',168.50,'2016-09-01',NULL,NULL,NULL,'Por pagar','',557,'2016-12-31','2016-09-30','2016-12-21','',NULL,NULL,NULL,NULL,NULL,NULL,NULL,NULL,NULL),(3116,NULL,'EDP 01',78.00,'2016-08-01',NULL,NULL,NULL,'Por pagar','',490,'2016-12-31','2016-08-31','2016-12-15','',NULL,NULL,NULL,NULL,NULL,NULL,NULL,NULL,NULL),(3117,NULL,'EDP 02',673200.00,'2016-10-01',NULL,NULL,NULL,'Por pagar','',492,'2016-11-08','2016-10-31','2016-11-08','',NULL,NULL,NULL,NULL,NULL,NULL,NULL,NULL,NULL),(3118,NULL,'EDP 03',673200.00,'2016-11-01',NULL,NULL,NULL,'Por pagar','',492,'2016-12-05','2016-11-30','2016-12-05','',NULL,NULL,NULL,NULL,NULL,NULL,NULL,NULL,NULL),(3119,NULL,'EDP 04',953700.00,'2016-12-01',NULL,NULL,NULL,'Por pagar','',492,'2016-12-21','2016-12-31','2016-12-21','',NULL,NULL,NULL,NULL,NULL,NULL,NULL,NULL,NULL),(3120,NULL,'EDP 18',156.31,'2016-06-01',NULL,7.82,NULL,'Por pagar','',453,'2016-12-10','2016-06-30','2016-12-01','',NULL,NULL,NULL,NULL,NULL,NULL,NULL,NULL,NULL),(3121,NULL,'EDP 07',24550.00,'2016-08-01',NULL,NULL,NULL,'Por pagar','',468,'2016-11-29','2016-10-31','2016-11-24','',NULL,NULL,NULL,NULL,NULL,NULL,NULL,NULL,NULL),(3122,NULL,'EDP 01',11633426.00,'2016-12-01',NULL,NULL,NULL,'Por pagar','',647,'2016-12-23','2016-12-31','2016-12-22','',NULL,NULL,NULL,NULL,NULL,NULL,NULL,NULL,NULL),(3123,NULL,'EDP 02',15000.00,'2016-11-01',NULL,NULL,NULL,'Por pagar','',525,'2016-12-23','2016-11-30','2016-12-22','',NULL,NULL,NULL,NULL,NULL,NULL,NULL,NULL,NULL),(3124,NULL,'EDP 08',6200000.00,'2016-11-01',NULL,310000.00,NULL,'Por pagar','',474,'2016-12-23','2016-11-30','2016-12-22','',NULL,NULL,NULL,NULL,NULL,NULL,NULL,NULL,NULL),(3125,NULL,'EDP 09',5500000.00,'2016-12-01',NULL,275000.00,NULL,'Por pagar','',474,'2016-12-23','2016-12-31','2016-12-22','',NULL,NULL,NULL,NULL,NULL,NULL,NULL,NULL,NULL),(3126,NULL,'EDP 02',63426.10,'2016-12-01',NULL,NULL,NULL,'Por pagar','',475,'2016-12-23','2016-12-31','2016-12-22','',NULL,NULL,NULL,NULL,NULL,NULL,NULL,NULL,NULL),(3127,NULL,'EDP 03',0.00,'2016-12-01',NULL,NULL,16241175.00,'Por pagar','',472,'2016-12-14','2016-12-31','2016-12-12','DEVOLUCION DE RETENCIONES',NULL,NULL,NULL,NULL,NULL,NULL,NULL,NULL,NULL),(3128,NULL,'EDP 01',1708.00,'2016-11-01',NULL,NULL,NULL,'Por pagar','',609,'2016-12-23','2016-12-30','2016-12-22','',NULL,NULL,NULL,NULL,NULL,NULL,NULL,NULL,NULL),(3129,NULL,'EDP 02',1642.00,'2016-12-01',NULL,NULL,NULL,'Por pagar','',609,'2016-12-23','2016-12-31','2016-12-22','',NULL,NULL,NULL,NULL,NULL,NULL,NULL,NULL,NULL),(3130,NULL,'EDP 02',11574998.00,'2016-12-01',3472499.00,NULL,NULL,'Por pagar','',600,'2016-12-23','2016-12-31','2016-12-22','',NULL,NULL,NULL,NULL,NULL,NULL,NULL,NULL,NULL),(3131,NULL,'EDP 05',2151000.00,'2016-10-01',NULL,NULL,NULL,'Pagado','',538,'2016-12-23','2016-10-31','2016-12-23','',NULL,NULL,NULL,NULL,NULL,NULL,NULL,NULL,NULL),(3132,NULL,'EDP 06',1689000.00,'2016-11-01',NULL,NULL,NULL,'Pagado','',538,'2016-12-23','2016-11-30','2016-12-23','',NULL,NULL,NULL,NULL,NULL,NULL,NULL,NULL,NULL),(3133,NULL,'EDP 01',0.00,'2016-12-16',-3000000.00,NULL,NULL,'Por pagar','',643,'2016-12-12','2016-12-16','2016-12-12','',NULL,NULL,NULL,NULL,NULL,NULL,NULL,NULL,NULL),(3134,NULL,'EDP 04',128256.94,'2016-10-01',NULL,NULL,NULL,'Por pagar','',482,'2016-12-10','2016-10-31','2016-12-01','',NULL,NULL,NULL,NULL,NULL,NULL,NULL,NULL,NULL),(3135,NULL,'EDP 01',41005.90,'2016-03-01',NULL,NULL,NULL,'Por pagar','',558,'2017-01-04','2016-12-31','2016-12-22','',NULL,NULL,NULL,NULL,NULL,NULL,NULL,NULL,NULL),(3136,NULL,'EDP 15',12.50,'2016-12-01',NULL,0.63,NULL,'Por pagar','',463,'2017-01-12','2016-12-31','2017-01-05','',NULL,NULL,NULL,NULL,NULL,NULL,NULL,NULL,NULL),(3137,NULL,'EDP 01',4420000.00,'2016-11-01',NULL,NULL,NULL,'Por pagar','',597,'2017-01-12','2016-11-30','2016-12-23','',NULL,NULL,NULL,NULL,NULL,NULL,NULL,NULL,NULL),(3138,NULL,'EDP 01',213.75,'2016-08-01',NULL,NULL,NULL,'Por pagar','',491,'2017-01-12','2016-11-30','2016-12-24','',NULL,NULL,NULL,NULL,NULL,NULL,NULL,NULL,NULL),(3139,NULL,'EDP 01',2130800.00,'2016-12-01',NULL,NULL,NULL,'Por pagar','',653,'2017-01-17','2016-12-31','2017-01-13','',NULL,NULL,NULL,NULL,NULL,NULL,NULL,NULL,NULL),(3140,NULL,'EDP 09',2333779.00,'2016-12-01',NULL,122830.00,NULL,'Por pagar','',477,'2017-01-25','2016-12-31','2016-12-12','',NULL,NULL,NULL,NULL,NULL,NULL,NULL,NULL,NULL),(3141,NULL,'EDP 06',524668.00,'2016-12-01',NULL,NULL,NULL,'Por pagar','',535,'2017-01-26','2016-12-31','2017-01-26','',NULL,NULL,NULL,NULL,NULL,NULL,NULL,NULL,NULL),(3142,NULL,'EDP 04',3350334.00,'2016-12-01',NULL,176333.00,627778.00,'Por pagar','',480,'2017-01-26','2016-12-31','2017-01-16','REVISAR CIERRE CON ESTE EDP',NULL,NULL,NULL,NULL,NULL,NULL,NULL,NULL,NULL),(3143,NULL,'EDP 03',6690000.00,'2017-01-01',NULL,NULL,NULL,'Por pagar','',623,'2017-01-24','2017-01-31','2017-01-16','',NULL,NULL,NULL,NULL,NULL,NULL,NULL,NULL,NULL),(3144,NULL,'EDP 21',300.00,'2016-12-01',0.00,0.00,0.00,'Por pagar','',459,'2017-02-02','2016-12-31','2016-12-20','',NULL,NULL,NULL,NULL,NULL,NULL,NULL,NULL,NULL),(3145,NULL,'EDP 01',1360000.00,'2016-07-01',NULL,NULL,NULL,'Por pagar','',560,'2016-07-30','2016-07-30','2016-07-30','',NULL,NULL,NULL,NULL,NULL,NULL,NULL,NULL,NULL),(3146,NULL,'EDP 02',1888889.00,'2016-12-01',NULL,NULL,NULL,'Por pagar','',560,'2017-02-03','2016-12-20','2017-01-02','',NULL,NULL,NULL,NULL,NULL,NULL,NULL,NULL,NULL),(3147,NULL,'EDP 01',3100000.00,'2016-06-01',NULL,NULL,NULL,'Por pagar','',550,'2017-02-03','2016-06-30','2017-01-05','',NULL,NULL,NULL,NULL,NULL,NULL,NULL,NULL,NULL),(3148,NULL,'EDP 02',450000.00,'2016-07-01',NULL,NULL,NULL,'Por pagar','',550,'2017-02-03','2017-01-31','2017-01-05','',NULL,NULL,NULL,NULL,NULL,NULL,NULL,NULL,NULL),(3149,NULL,'EDP 03',9790000.00,'2016-11-01',NULL,NULL,NULL,'Por pagar','',598,'2017-02-03','2016-11-30','2017-02-03','',NULL,NULL,NULL,NULL,NULL,NULL,NULL,NULL,NULL),(3150,NULL,'EDP 04',9790000.00,'2016-12-01',NULL,NULL,NULL,'Por pagar','',598,'2016-02-03','2016-12-31','2016-02-03','',NULL,NULL,NULL,NULL,NULL,NULL,NULL,NULL,NULL),(3151,NULL,'EDP 02',19690386.00,'2016-09-01',NULL,NULL,NULL,'Por pagar','',562,'2016-02-03','2016-09-30','2016-02-03','',NULL,NULL,NULL,NULL,NULL,NULL,NULL,NULL,NULL),(3152,NULL,'EDP 12',146.61,'2016-12-01',NULL,NULL,NULL,'Por pagar','',520,'2016-02-03','2016-12-31','2016-02-03','',NULL,NULL,NULL,NULL,NULL,NULL,NULL,NULL,NULL),(3153,NULL,'EDP 10',1995000.00,'2017-01-01',NULL,105000.00,NULL,'Por pagar','',477,'2017-02-03','2017-01-31','2017-02-01','',NULL,NULL,NULL,NULL,NULL,NULL,NULL,NULL,NULL),(3154,NULL,'EDP 01',110.00,'2017-01-01',NULL,NULL,NULL,'Por pagar','',656,'2017-02-03','2017-01-31','2017-01-26','',NULL,NULL,NULL,NULL,NULL,NULL,NULL,NULL,NULL),(3155,NULL,'EDP 24',384.00,'2017-01-01',NULL,NULL,NULL,'Por pagar','',452,'2017-02-03','2017-01-31','2017-01-27','',NULL,NULL,NULL,NULL,NULL,NULL,NULL,NULL,NULL),(3156,NULL,'EDP 13',51.30,'2016-12-01',NULL,NULL,NULL,'Por pagar','',508,'2017-02-03','2016-12-31','2017-02-01','',NULL,NULL,NULL,NULL,NULL,NULL,NULL,NULL,NULL),(3157,NULL,'EDP 01',12352054.00,'2017-01-04',NULL,NULL,NULL,'Por pagar','',650,'2017-02-03','2017-01-31','2017-01-27','',NULL,NULL,NULL,NULL,NULL,NULL,NULL,NULL,NULL),(3158,NULL,'EDP 05',750000.00,'2016-11-01',NULL,NULL,NULL,'Por pagar','',540,'2016-02-10','2016-11-30','2016-01-20','',NULL,NULL,NULL,NULL,NULL,NULL,NULL,NULL,NULL),(3159,NULL,'EDP 03',1296.00,'2017-01-01',NULL,NULL,NULL,'Por pagar','',609,'2017-02-10','2017-01-31','2017-01-20','',NULL,NULL,NULL,NULL,NULL,NULL,NULL,NULL,NULL),(3160,NULL,'EDP 07',17668770.00,'2017-01-01',NULL,NULL,NULL,'Por pagar','',473,'2017-02-10','2017-01-31','2017-01-26','',NULL,NULL,NULL,NULL,NULL,NULL,NULL,NULL,NULL),(3161,NULL,'EDP 01',396.00,'2017-01-01',NULL,NULL,NULL,'Por pagar','retenciones?',655,'2017-02-15','2017-01-31','2017-01-25','',NULL,NULL,NULL,NULL,NULL,NULL,NULL,NULL,NULL),(3162,NULL,'EDP 01',59147.24,'2017-01-01',NULL,43091.00,NULL,'Por pagar','',660,'2017-02-16','2017-01-31','2017-02-16','lo indicado en ret corresponde a un descuento  arreglar en R7',NULL,NULL,NULL,NULL,NULL,NULL,NULL,NULL,NULL);
/*!40000 ALTER TABLE `personas_edp` ENABLE KEYS */;
UNLOCK TABLES;

--
-- Table structure for table `personas_mdte`
--

DROP TABLE IF EXISTS `personas_mdte`;
/*!40101 SET @saved_cs_client     = @@character_set_client */;
/*!40101 SET character_set_client = utf8 */;
CREATE TABLE `personas_mdte` (
  `id` int(11) NOT NULL AUTO_INCREMENT,
  `IdMandante` int(11) DEFAULT NULL,
  `NomMandte` varchar(50) NOT NULL,
  `DirecMandte` varchar(100) NOT NULL,
  `RutMandte` varchar(20) NOT NULL,
  PRIMARY KEY (`id`)
) ENGINE=InnoDB AUTO_INCREMENT=21 DEFAULT CHARSET=latin1;
/*!40101 SET character_set_client = @saved_cs_client */;

--
-- Dumping data for table `personas_mdte`
--

LOCK TABLES `personas_mdte` WRITE;
/*!40000 ALTER TABLE `personas_mdte` DISABLE KEYS */;
INSERT INTO `personas_mdte` VALUES (16,1,'N.A','N.A','N.A'),(17,2,'SOCIEDAD CONTRACTUAL MINERA EL MORRO','Brasil N308, Vallenar','78.840.880-3'),(18,3,'CORREDOR SPA','Isidora Goyenechea 2800, oficina 802, Las Condes, Santiago','99.509.930-2'),(19,4,'GOLDCORP EXPLORACIONES CHILE SpA','Apoquindo N 4501, oficina 701, Las Condes, Santiago','76.141.878-5'),(20,5,'GOLDCORP SERVICIOS CHILE Ltda','Apoquindo N 4501, oficina 702, Las Condes, Santiago','76.141.894-7');
/*!40000 ALTER TABLE `personas_mdte` ENABLE KEYS */;
UNLOCK TABLES;

--
-- Table structure for table `personas_monedas`
--

DROP TABLE IF EXISTS `personas_monedas`;
/*!40101 SET @saved_cs_client     = @@character_set_client */;
/*!40101 SET character_set_client = utf8 */;
CREATE TABLE `personas_monedas` (
  `id` int(11) NOT NULL AUTO_INCREMENT,
  `NomMoneda` varchar(4) NOT NULL,
  `ValorMoneda` decimal(10,2) DEFAULT NULL,
  `FechMoneda` date DEFAULT NULL,
  PRIMARY KEY (`id`)
) ENGINE=InnoDB AUTO_INCREMENT=6 DEFAULT CHARSET=latin1;
/*!40101 SET character_set_client = @saved_cs_client */;

--
-- Dumping data for table `personas_monedas`
--

LOCK TABLES `personas_monedas` WRITE;
/*!40000 ALTER TABLE `personas_monedas` DISABLE KEYS */;
INSERT INTO `personas_monedas` VALUES (1,'USD',680.00,'2016-01-01'),(2,'UF',26308.02,'2017-02-06'),(3,'CLP$',1.00,NULL),(4,'EUR',691.97,'2017-02-06'),(5,'CAD',493.77,'2017-02-06');
/*!40000 ALTER TABLE `personas_monedas` ENABLE KEYS */;
UNLOCK TABLES;

--
-- Table structure for table `personas_odc`
--

DROP TABLE IF EXISTS `personas_odc`;
/*!40101 SET @saved_cs_client     = @@character_set_client */;
/*!40101 SET character_set_client = utf8 */;
CREATE TABLE `personas_odc` (
  `id` int(11) NOT NULL AUTO_INCREMENT,
  `IdODC` int(11) DEFAULT NULL,
  `NumODC` varchar(8) NOT NULL,
  `FechT_ODC` date DEFAULT NULL,
  `ValorODC` decimal(21,2) DEFAULT NULL,
  `DescripODC` varchar(50) DEFAULT NULL,
  `IdCecoODC_id` int(11) NOT NULL,
  `IdCtto_id` int(11) NOT NULL,
  `FechAppOdc` date,
  `FechSolOdc` date,
  `ObservOdc` varchar(100),
  PRIMARY KEY (`id`),
  KEY `personas_odc_IdCecoODC_id_7faebe24_fk_personas_ceco_id` (`IdCecoODC_id`),
  KEY `personas_odc_IdCtto_id_5e3228b3_fk_personas_ctto_id` (`IdCtto_id`),
  CONSTRAINT `personas_odc_IdCecoODC_id_7faebe24_fk_personas_ceco_id` FOREIGN KEY (`IdCecoODC_id`) REFERENCES `personas_ceco` (`id`),
  CONSTRAINT `personas_odc_IdCtto_id_5e3228b3_fk_personas_ctto_id` FOREIGN KEY (`IdCtto_id`) REFERENCES `personas_ctto` (`id`)
) ENGINE=InnoDB AUTO_INCREMENT=700 DEFAULT CHARSET=latin1;
/*!40101 SET character_set_client = @saved_cs_client */;

--
-- Dumping data for table `personas_odc`
--

LOCK TABLES `personas_odc` WRITE;
/*!40000 ALTER TABLE `personas_odc` DISABLE KEYS */;
INSERT INTO `personas_odc` VALUES (568,1,'ODC 01','2014-07-01',0.00,'0',161,449,NULL,NULL,''),(569,2,'ODC 02','2016-11-01',15395946.00,'0',161,449,NULL,NULL,NULL),(570,3,'ODC 03','2016-11-01',1696036.00,'0',161,449,NULL,NULL,NULL),(571,4,'ODC 04','2016-11-01',2740947.00,'0',161,449,NULL,NULL,NULL),(572,5,'ODC 05','2016-11-01',5390564.00,'0',161,449,NULL,NULL,NULL),(573,6,'ODC 01','2016-11-01',10198000.00,'0',170,450,NULL,NULL,NULL),(574,7,'ODC 02','2016-11-01',8617600.00,'0',170,450,NULL,NULL,NULL),(575,8,'ODC 03','2016-11-01',2100000.00,'0',170,450,NULL,NULL,NULL),(576,9,'ODC 04','2016-11-01',3400000.00,'0',170,450,NULL,NULL,NULL),(577,10,'ODC 05','2015-12-31',79941603.00,'0',170,450,NULL,NULL,NULL),(578,11,'ODC 06','2016-11-01',-6341276.00,'0',170,450,NULL,NULL,NULL),(579,12,'ODC 07','2016-01-31',0.00,'0',170,450,NULL,NULL,''),(580,13,'ODC 08','2016-12-31',52367879.00,'0',170,450,NULL,NULL,NULL),(581,14,'ODC 01','2016-12-31',3365400.00,'0',184,451,NULL,NULL,NULL),(582,15,'ODC 01','2016-12-31',384.00,'0',184,452,NULL,NULL,NULL),(583,16,'ODC 02','2016-06-30',535.00,'0',204,453,NULL,NULL,NULL),(584,17,'ODC 03','2016-12-31',396.20,'0',204,453,NULL,NULL,''),(585,18,'ODC 01','2015-12-31',0.00,'0',199,454,NULL,NULL,''),(586,19,'ODC 02','2017-01-01',63817201.00,'0',199,454,NULL,NULL,NULL),(587,20,'ODC 01','2016-06-30',-20129275.00,'0',204,455,NULL,NULL,NULL),(588,21,'ODC 01','2016-11-01',-6300000.00,'0',195,456,NULL,NULL,NULL),(589,22,'ODC 02','2016-11-01',13050000.00,'0',195,456,NULL,NULL,NULL),(590,23,'ODC 01','2016-11-01',10857390.00,'0',164,457,NULL,NULL,NULL),(591,24,'ODC 03','2016-11-01',-1029997.75,'0',164,457,NULL,NULL,NULL),(592,25,'ODC 01','2016-12-31',2387.79,'0',185,459,NULL,NULL,NULL),(593,26,'ODC 02','2016-11-01',456.84,'0',185,459,NULL,NULL,''),(594,27,'ODC 01','2016-07-31',21982335.00,'0',204,461,NULL,NULL,NULL),(595,28,'ODC 02','2016-12-31',8792934.00,'0',204,461,NULL,NULL,''),(596,29,'ODC 01','2016-11-01',848.00,'0',164,462,NULL,NULL,NULL),(597,30,'ODC 01','2016-11-01',-2264034.30,'0',198,464,NULL,NULL,NULL),(598,31,'ODC 01','2016-11-01',561.00,'0',203,465,NULL,NULL,NULL),(599,32,'ODC 01','2016-05-31',2125.69,'0',173,467,NULL,NULL,NULL),(600,33,'ODC 03','2016-03-21',-354.10,'0',173,467,NULL,NULL,NULL),(601,34,'ODC 01','2016-11-01',694445.00,'0',161,478,NULL,NULL,NULL),(602,35,'ODC 01','2016-11-01',366.00,'0',207,479,'2016-10-05','2016-10-01',''),(603,36,'ODC 01','2016-11-01',4260.00,'0',169,495,NULL,NULL,NULL),(604,37,'ODC 02','2016-11-01',3828.00,'0',169,495,NULL,NULL,NULL),(605,38,'ODC 03','2016-11-01',748.00,'0',169,495,NULL,NULL,NULL),(606,39,'ODC 04','2016-11-01',990.00,'0',169,495,NULL,NULL,NULL),(607,40,'ODC 05','2016-11-01',64.08,'0',169,495,NULL,NULL,NULL),(608,41,'ODC 06','2016-11-01',990.00,'0',169,495,NULL,NULL,NULL),(609,42,'ODC 01','2016-11-01',20140.00,'0',169,496,NULL,NULL,NULL),(610,43,'ODC 02','2016-11-01',45600.00,'0',169,496,NULL,NULL,NULL),(611,44,'ODC 03','2016-11-01',45600.00,'0',169,496,NULL,NULL,NULL),(612,45,'ODC 04','2016-11-01',7600.00,'0',169,496,NULL,NULL,NULL),(613,46,'ODC 05','2016-12-31',38000.00,'0',169,496,NULL,NULL,''),(614,47,'ODC 01','2016-11-01',17154865.00,'0',170,497,NULL,NULL,NULL),(615,48,'ODC 02','2016-11-01',3995000.00,'0',170,497,NULL,NULL,NULL),(616,49,'ODC 03','2016-11-01',20164200.00,'0',170,497,NULL,NULL,NULL),(617,50,'ODC 04','2016-11-01',84134166.00,'0',170,497,NULL,NULL,NULL),(618,51,'ODC 05','2016-11-01',-15744479.00,'0',170,497,NULL,NULL,NULL),(619,52,'ODC 06','2016-11-01',41071303.00,'0',170,497,NULL,NULL,NULL),(620,53,'ODC 07','2016-11-01',41571302.00,'0',170,497,NULL,NULL,NULL),(621,54,'ODC 08','2016-11-01',7281884.00,'0',170,497,NULL,NULL,NULL),(622,55,'ODC 09','2016-11-01',-2520012.00,'0',170,497,NULL,NULL,NULL),(623,56,'ODC 01','2016-11-01',-620.58,'0',203,498,NULL,NULL,NULL),(624,57,'ODC 02','2016-11-01',818.32,'0',203,498,NULL,NULL,NULL),(625,58,'ODC 03','2016-11-01',72.70,'0',203,498,NULL,NULL,NULL),(626,59,'ODC 05','2016-11-01',529.38,'0',203,498,NULL,NULL,NULL),(627,60,'ODC 01','2016-11-01',10804604.00,'0',170,500,NULL,NULL,NULL),(628,61,'ODC 02','2016-11-01',14304398.00,'0',170,500,NULL,NULL,NULL),(629,62,'ODC 03','2016-11-01',1166598.00,'0',170,500,NULL,NULL,NULL),(630,63,'ODC 04','2016-11-01',64534.00,'0',170,500,NULL,NULL,NULL),(631,64,'ODC 03','2016-11-01',50000000.00,'0',198,501,NULL,NULL,NULL),(632,65,'ODC 05','2016-11-01',50000000.00,'0',198,501,NULL,NULL,NULL),(633,66,'ODC 01','2016-11-01',393.00,'0',169,508,NULL,NULL,NULL),(634,67,'ODC 02','2016-11-01',103.60,'0',169,508,NULL,NULL,NULL),(635,68,'ODC 03','2016-11-01',621.60,'0',169,508,NULL,NULL,NULL),(636,69,'ODC 04','2016-11-01',520.50,'0',169,508,NULL,NULL,NULL),(637,70,'ODC 05','2016-11-01',514.80,'0',169,508,NULL,NULL,NULL),(638,71,'ODC 06','2016-11-01',128.70,'0',169,508,NULL,NULL,NULL),(639,72,'ODC 07','2016-11-01',328.50,'0',169,508,NULL,NULL,NULL),(640,73,'ODC 01','2016-11-01',3812.91,'0',175,516,NULL,NULL,NULL),(641,74,'ODC 01','2016-11-01',11616.30,'0',174,517,NULL,NULL,NULL),(642,75,'ODC 01','2016-11-01',3745000.00,'0',169,519,NULL,NULL,NULL),(643,76,'ODC 02','2016-11-01',2640000.00,'0',207,519,NULL,NULL,NULL),(644,77,'ODC 03','2016-11-01',13900000.00,'0',169,519,NULL,NULL,NULL),(645,78,'ODC 04','2016-11-01',8090000.00,'0',169,519,NULL,NULL,''),(646,79,'ODC 05','2016-11-01',4200000.00,'0',169,519,NULL,NULL,NULL),(647,80,'ODC 01',NULL,0.00,'0',169,520,NULL,NULL,'existia valor indicado de 93.93 (Borrado 12-10-2016)'),(648,81,'ODC 01','2016-11-01',15000.00,'0',178,525,NULL,NULL,NULL),(649,82,'ODC 01','2016-11-01',7500.00,'0',191,528,NULL,NULL,NULL),(650,83,'ODC 01','2016-11-01',5022000.00,'0',157,535,NULL,NULL,NULL),(651,84,'ODC 01','2016-11-01',76200.00,'0',157,582,NULL,NULL,NULL),(652,NULL,'ODC 01',NULL,2441794.00,'Serv Cami SERA',207,574,'2016-09-20','2016-09-10',''),(653,NULL,'ODC 01','2016-12-31',4260805.00,'LAVADO INTERIOR ESTANQUE 20M3 CAMPAMENTO EL PINGO',169,562,'2016-09-12','2016-09-07',''),(654,NULL,'ODC 02',NULL,7273920.00,'TRABAJO DE DESPEJE CAMINO SECTOR LA TOTORA',169,562,'2016-09-20','2016-09-10',''),(655,NULL,'ODC 01',NULL,917450.00,'SERVICIOS COMPLEMENTARIOS PROGRAMACION RADIOS',207,563,'2016-09-20','2016-09-08',''),(656,NULL,'ODC 01','2016-12-31',1770000.00,'SUMINISTRO Y TRANSPORTE AGUA POTABLE C. EL PINGO',207,538,'2016-09-20','2016-09-10',''),(657,NULL,'ODC 02','2016-12-31',379.60,'',169,520,NULL,NULL,''),(658,NULL,'ODC 01','2016-09-15',9960000.00,'Servicio Arriendo de Generador 150 Kva y Topografí',207,561,'2016-09-29','2016-08-23',''),(659,NULL,'ODC 01','2016-08-16',210.26,'APOYO TALLER DE FLOTACIÓN',188,589,'2016-08-16','2016-08-15',''),(660,NULL,'ODC 01','2016-12-31',2850000.00,'SERVICIO CONTROL LABORAL(3 Meses)',193,540,'2016-10-20','2016-09-25',''),(661,NULL,'ODC 01','2017-04-30',39233836.00,'',203,577,'2016-10-20','2016-09-25',''),(662,NULL,'ODC 01','2016-12-31',1440000.00,'CURSO INGLES ADICIONAL',166,579,'2016-10-26','2016-10-20',''),(663,NULL,'ODC 01','2018-03-31',87705.60,'Actualización Fase II',203,460,'2016-11-15','2016-09-01','Falta Formalización ODC 01'),(664,NULL,'ODC 01',NULL,50.00,'Aumenta Matención Preventiva',165,463,NULL,NULL,'Es por aire acondicionado?'),(665,NULL,'ODC 01',NULL,284.40,'Arriendo Camioneta Linea Base (8 meses)',203,594,NULL,NULL,'una o dos camionetas?'),(666,NULL,'ODC 01',NULL,1080000.00,'Servicio Capacitación curso 4x4 (6 personas)',166,537,'2016-11-07','2016-11-01',''),(667,NULL,'ODC 01','2017-02-08',540.00,'Apoyo Gestión de Contratos y Ordenes de Compra',189,602,'2016-11-15','2016-10-25',''),(668,NULL,'ODC 08',NULL,59.20,'Servicio Control de Plaga El Pingo',169,508,'2016-11-18','2016-11-11',''),(669,NULL,'ODC 01',NULL,650000.00,'Reparación Techumbre de Galpón Aconcagua Nª970',170,613,'2016-11-25','2016-11-20',''),(670,NULL,'ODC 06',NULL,4400000.00,'Servicios Adicionales(Arriend Camión Pluma, otros)',169,519,NULL,NULL,''),(671,NULL,'ODC 01','2016-12-05',1435.00,'AUMENTO DE HORAS SR. ALFONSO OVALLE',191,591,'2016-11-30','2016-11-30','NO estaba en R7'),(672,NULL,'ODC 01',NULL,2817264.00,'ASISTENCIA A PERMITTING STRATEGY Y GASTOS DE VIAJE',175,473,'2016-11-23','2016-10-10',''),(673,NULL,'ODC 01','2016-10-12',0.00,'ORDEN DE CAMBIO DE AJUSTE HH (NO AUMNTA VALOR)',189,555,'2016-11-17','2016-11-17','ODC PDF NO INDICA AUMENTO DE PLAZO'),(674,NULL,'ODC 01','2017-03-31',979.45,'SERVICIO ATENCIÓN SALA PROCED PRIM AUX LINEA BASE',203,557,'2016-11-10','2016-11-03',''),(675,NULL,'ODC 02','2017-02-28',556.03,'SERV PARAMEDICO Y AMBULANCIA 4x4 LB LA FORTUNA',203,557,'2016-12-07','2016-12-07',''),(676,NULL,'ODC 01','2016-12-31',200.00,'DISEÑO DE MATERIALES COMUNICACIONALES DIC2016',195,553,'2016-12-10','2016-11-20',''),(677,NULL,'ODC 02','2017-04-30',18544073.00,'SUMINISTRO DOS PREVISIONISTAS CAMPAÑA LB PRIMAV',203,577,'2016-12-13','2016-12-07',''),(678,NULL,'ODC 01',NULL,1117000.00,'VISITA AVALLENAR MIGRACION TELEFONICA',164,471,'2016-11-01','2016-10-25',''),(679,NULL,'ODC 02',NULL,924236.00,'SERVICIO ALIMENTACION 06-10-2016',169,574,'2016-10-16','2016-10-03',''),(680,NULL,'ODC 03','2016-12-20',28406412.00,'SERVICIO ALIMENTACION CAMP RELINCHO Y PINGO LB',169,574,'2016-12-12','2016-12-05',''),(681,NULL,'ODC 02',NULL,0.00,'Orden de cambio de Ajuste de partidas',207,479,'2016-09-05','2016-09-05','ODC valor cero'),(682,NULL,'ODC 03',NULL,-1178.80,'ODC de Ajuste Final Contrato',207,479,'2016-12-14','2016-12-14',''),(683,NULL,'ODC 02','2017-01-31',39500.00,'FASE 2 DEL SERVICIO, AUMENTO DE HORAS Y PLAZO',189,555,'2016-12-19','2016-12-14',''),(684,NULL,'ODC 01','2016-12-31',8773.60,'AUMENTO DE GASTOS REEMBOLSABLES FASE2',199,475,'2016-12-23','2016-12-16',''),(685,NULL,'ODC 01',NULL,-27883932.00,'AJUSTE POR CIERRE DE CTTO',207,472,'2016-12-23','2016-11-30',''),(686,NULL,'ODC 02','2017-01-03',660000.00,'REACONDICIONAMIENTO OFICINA MEDIO AMBIENTE VALLENA',203,613,'2016-12-23','2016-12-23',''),(687,NULL,'ODC 01','2016-12-31',30300.00,'AUMENTO DE HORAS SERVICIO 2016',198,468,'2016-10-27','2016-10-01',''),(688,NULL,'ODC 03','2017-02-28',112.94,'SERV ADIC PARAMEDICO AMBULANCIA 4x4 CONDUCT LB',207,557,'2017-01-11','2017-01-10',''),(689,NULL,'ODC 01','2017-12-31',28216610.00,'Servicios 2017',165,477,'2017-01-03','2016-12-31',''),(690,NULL,'ODC 02','2017-12-31',825.00,'SERVICIO 2017',183,452,'2017-01-17','2017-01-01',''),(691,NULL,'ODC 03','2016-11-12',10874216.00,'DESPEJE CAMINO SECTOR LA TOTORA',169,562,'2017-10-17','2016-10-15',''),(692,NULL,'ODC 04','2017-02-10',10110672.00,'SERVICIO DESPEJE CAMINO LA FORTUNA ENE2017',169,562,'2017-01-27','2017-01-25',''),(693,NULL,'ODC 03','2017-12-31',4000.00,'SERVICIOS 2017',185,459,'2017-01-27','2017-01-01',''),(694,NULL,'ODC 03','2017-04-12',284.40,'ARRIENDO CAMIONETA TOYOTA 3 PARA EIA',203,520,'2017-01-27','2017-01-20','REGULARIZACION'),(695,NULL,'ODC 01','2017-05-21',20070000.00,'AUMENTO SERVICIO 3 MESES (HASTA MAYO 2017)',189,623,'2017-01-20','2017-01-15',''),(696,NULL,'ODC 01','2016-12-22',1888889.00,'Registro fotográfico incluyendo Drone',195,560,'2016-12-20','2016-12-01',''),(697,NULL,'ODC 01','2017-03-02',3300000.00,'Recambio de Contenedor  10 m3 hasta 31-03-2017',169,550,'2017-02-03','2017-02-02',''),(698,NULL,'ODC 03','2017-02-10',2107000.00,'Acondicionamiento cafeteria y muebles MA Vallenar',170,613,'2017-02-01','2017-02-01',''),(699,NULL,'ODC 02','2017-12-31',200.00,'SERVICIO 2017 DISEÑO MATERIALES COMUNICACIÓN',195,553,'2017-02-12','2017-01-15','');
/*!40000 ALTER TABLE `personas_odc` ENABLE KEYS */;
UNLOCK TABLES;

--
-- Table structure for table `personas_persona`
--

DROP TABLE IF EXISTS `personas_persona`;
/*!40101 SET @saved_cs_client     = @@character_set_client */;
/*!40101 SET character_set_client = utf8 */;
CREATE TABLE `personas_persona` (
  `dni` varchar(8) NOT NULL,
  `nombre` varchar(100) NOT NULL,
  `apellido_paterno` varchar(100) NOT NULL,
  `apellido_materno` varchar(100) NOT NULL,
  PRIMARY KEY (`dni`)
) ENGINE=InnoDB DEFAULT CHARSET=latin1;
/*!40101 SET character_set_client = @saved_cs_client */;

--
-- Dumping data for table `personas_persona`
--

LOCK TABLES `personas_persona` WRITE;
/*!40000 ALTER TABLE `personas_persona` DISABLE KEYS */;
/*!40000 ALTER TABLE `personas_persona` ENABLE KEYS */;
UNLOCK TABLES;

--
-- Table structure for table `personas_question`
--

DROP TABLE IF EXISTS `personas_question`;
/*!40101 SET @saved_cs_client     = @@character_set_client */;
/*!40101 SET character_set_client = utf8 */;
CREATE TABLE `personas_question` (
  `id` int(11) NOT NULL AUTO_INCREMENT,
  `question_text` varchar(200) NOT NULL,
  `pub_date` datetime(6) NOT NULL,
  `slug` varchar(10) NOT NULL,
  `author_id` int(11),
  `fecha_creacion` datetime(6) NOT NULL,
  `fecha_ultima_modificacion` datetime(6) NOT NULL,
  `modificado_por_id` int(11),
  `status` varchar(255) NOT NULL,
  PRIMARY KEY (`id`),
  UNIQUE KEY `slug` (`slug`),
  KEY `personas_question_4f331e2f` (`author_id`),
  KEY `personas_question_41b13719` (`modificado_por_id`),
  CONSTRAINT `personas_question_author_id_28e1b8f7_fk_auth_user_id` FOREIGN KEY (`author_id`) REFERENCES `auth_user` (`id`),
  CONSTRAINT `personas_question_modificado_por_id_3b862007_fk_auth_user_id` FOREIGN KEY (`modificado_por_id`) REFERENCES `auth_user` (`id`)
) ENGINE=InnoDB AUTO_INCREMENT=29 DEFAULT CHARSET=latin1;
/*!40101 SET character_set_client = @saved_cs_client */;

--
-- Dumping data for table `personas_question`
--

LOCK TABLES `personas_question` WRITE;
/*!40000 ALTER TABLE `personas_question` DISABLE KEYS */;
INSERT INTO `personas_question` VALUES (1,'cual es tu pro fav','2016-10-04 15:00:00.000000','question',NULL,'2016-10-09 01:49:03.769145','2016-10-09 02:22:52.845073',NULL,'Local'),(2,'hola','2016-10-11 12:00:00.000000','question2',NULL,'2016-10-09 01:49:03.769145','2016-10-09 02:22:52.845073',NULL,'Local'),(3,'gcd','2016-10-11 16:00:00.000000','question3',NULL,'2016-10-09 01:49:03.769145','2016-10-09 02:22:52.845073',NULL,'Local'),(4,'jgjg','2016-10-04 15:00:00.000000','question5',1,'2016-10-09 01:49:03.769145','2016-10-09 02:22:52.845073',NULL,'Local'),(27,'bfsd','2016-10-12 11:00:00.000000','trysts',1,'2016-10-10 04:01:17.467004','2016-10-10 04:01:29.622887',1,'Nacional'),(28,'dsfgdsg','2016-10-12 15:00:00.000000','utrawsa',1,'2016-10-10 04:03:24.890893','2016-10-10 04:03:24.890908',1,'Extranjero');
/*!40000 ALTER TABLE `personas_question` ENABLE KEYS */;
UNLOCK TABLES;
/*!40103 SET TIME_ZONE=@OLD_TIME_ZONE */;

/*!40101 SET SQL_MODE=@OLD_SQL_MODE */;
/*!40014 SET FOREIGN_KEY_CHECKS=@OLD_FOREIGN_KEY_CHECKS */;
/*!40014 SET UNIQUE_CHECKS=@OLD_UNIQUE_CHECKS */;
/*!40101 SET CHARACTER_SET_CLIENT=@OLD_CHARACTER_SET_CLIENT */;
/*!40101 SET CHARACTER_SET_RESULTS=@OLD_CHARACTER_SET_RESULTS */;
/*!40101 SET COLLATION_CONNECTION=@OLD_COLLATION_CONNECTION */;
/*!40111 SET SQL_NOTES=@OLD_SQL_NOTES */;

-- Dump completed on 2017-02-24 22:08:04
